<objects.SolStats>
  <numResources>10</numResources>
  <numTasks>100</numTasks>
  <dbMaxX>0.0</dbMaxX>
  <dbMaxY>0.0</dbMaxY>
  <dbTasksDensity>0.0</dbTasksDensity>
  <numSolutionsFound>2</numSolutionsFound>
  <dblExecutionTime>8.476</dblExecutionTime>
  <iNumThreads>24</iNumThreads>
  <iTotServiced>82</iTotServiced>
  <iTotUnserviced>18</iTotUnserviced>
  <dbTraveledDistance>430.22693536288983</dbTraveledDistance>
  <dbTotalCosts>1204.6354190160916</dbTotalCosts>
  <dbTimeWinViolation>0.0</dbTimeWinViolation>
  <iNumVehiclesUsed>10</iNumVehiclesUsed>
  <dbOperationTime>5253.226935362889</dbOperationTime>
  <dbTransportTime>430.22693536288983</dbTransportTime>
  <dbServiceTime>4823.0</dbServiceTime>
  <dbWaitingTime>0.0</dbWaitingTime>
</objects.SolStats>
