<objects.SolStats>
  <numResources>10</numResources>
  <numTasks>100</numTasks>
  <dbMaxX>0.0</dbMaxX>
  <dbMaxY>0.0</dbMaxY>
  <dbTasksDensity>0.0</dbTasksDensity>
  <numSolutionsFound>2</numSolutionsFound>
  <dblExecutionTime>8.202</dblExecutionTime>
  <iNumThreads>24</iNumThreads>
  <iTotServiced>88</iTotServiced>
  <iTotUnserviced>12</iTotUnserviced>
  <dbTraveledDistance>501.6514668129718</dbTraveledDistance>
  <dbTotalCosts>1103.633226988538</dbTotalCosts>
  <dbTimeWinViolation>0.0</dbTimeWinViolation>
  <iNumVehiclesUsed>10</iNumVehiclesUsed>
  <dbOperationTime>5539.772266826934</dbOperationTime>
  <dbTransportTime>501.6514668129719</dbTransportTime>
  <dbServiceTime>5010.0</dbServiceTime>
  <dbWaitingTime>28.12080001396282</dbWaitingTime>
</objects.SolStats>
