<objects.Task>
  <id>0</id>
  <Description>Task#0</Description>
  <type>T</type>
  <type__id>1</type__id>
  <priority>4</priority>
  <resId>0</resId>
  <serviceTime>67</serviceTime>
  <node>
    <id>0</id>
    <latitude>0.0</latitude>
    <longitude>32.0</longitude>
  </node>
  <region>1</region>
  <timeint>
    <startTime>626</startTime>
    <endTime>1038</endTime>
  </timeint>
  <capacity>1.0</capacity>
</objects.Task>
<objects.Task>
  <id>1</id>
  <Description>Task#1</Description>
  <type>T</type>
  <type__id>1</type__id>
  <priority>4</priority>
  <resId>0</resId>
  <serviceTime>38</serviceTime>
  <node>
    <id>1</id>
    <latitude>32.0</latitude>
    <longitude>32.0</longitude>
  </node>
  <region>1</region>
  <timeint>
    <startTime>647</startTime>
    <endTime>1026</endTime>
  </timeint>
  <capacity>3.0</capacity>
</objects.Task>
<objects.Task>
  <id>2</id>
  <Description>Task#2</Description>
  <type>T</type>
  <type__id>1</type__id>
  <priority>3</priority>
  <resId>0</resId>
  <serviceTime>37</serviceTime>
  <node>
    <id>2</id>
    <latitude>32.0</latitude>
    <longitude>0.0</longitude>
  </node>
  <region>1</region>
  <timeint>
    <startTime>669</startTime>
    <endTime>1129</endTime>
  </timeint>
  <capacity>6.0</capacity>
</objects.Task>
<objects.Task>
  <id>3</id>
  <Description>Task#3</Description>
  <type>T</type>
  <type__id>1</type__id>
  <priority>1</priority>
  <resId>0</resId>
  <serviceTime>36</serviceTime>
  <node>
    <id>3</id>
    <latitude>32.0</latitude>
    <longitude>0.0</longitude>
  </node>
  <region>1</region>
  <timeint>
    <startTime>482</startTime>
    <endTime>841</endTime>
  </timeint>
  <capacity>2.0</capacity>
</objects.Task>
<objects.Task>
  <id>4</id>
  <Description>Task#4</Description>
  <type>T</type>
  <type__id>1</type__id>
  <priority>4</priority>
  <resId>0</resId>
  <serviceTime>81</serviceTime>
  <node>
    <id>4</id>
    <latitude>0.0</latitude>
    <longitude>0.0</longitude>
  </node>
  <region>1</region>
  <timeint>
    <startTime>615</startTime>
    <endTime>977</endTime>
  </timeint>
  <capacity>3.0</capacity>
</objects.Task>
<objects.Task>
  <id>5</id>
  <Description>Task#5</Description>
  <type>T</type>
  <type__id>1</type__id>
  <priority>4</priority>
  <resId>0</resId>
  <serviceTime>58</serviceTime>
  <node>
    <id>5</id>
    <latitude>0.0</latitude>
    <longitude>32.0</longitude>
  </node>
  <region>1</region>
  <timeint>
    <startTime>690</startTime>
    <endTime>1276</endTime>
  </timeint>
  <capacity>4.0</capacity>
</objects.Task>
<objects.Task>
  <id>6</id>
  <Description>Task#6</Description>
  <type>T</type>
  <type__id>1</type__id>
  <priority>4</priority>
  <resId>0</resId>
  <serviceTime>60</serviceTime>
  <node>
    <id>6</id>
    <latitude>32.0</latitude>
    <longitude>0.0</longitude>
  </node>
  <region>1</region>
  <timeint>
    <startTime>660</startTime>
    <endTime>1109</endTime>
  </timeint>
  <capacity>5.0</capacity>
</objects.Task>
<objects.Task>
  <id>7</id>
  <Description>Task#7</Description>
  <type>T</type>
  <type__id>1</type__id>
  <priority>4</priority>
  <resId>0</resId>
  <serviceTime>86</serviceTime>
  <node>
    <id>7</id>
    <latitude>32.0</latitude>
    <longitude>32.0</longitude>
  </node>
  <region>1</region>
  <timeint>
    <startTime>664</startTime>
    <endTime>1002</endTime>
  </timeint>
  <capacity>7.0</capacity>
</objects.Task>
<objects.Task>
  <id>8</id>
  <Description>Task#8</Description>
  <type>T</type>
  <type__id>1</type__id>
  <priority>3</priority>
  <resId>0</resId>
  <serviceTime>50</serviceTime>
  <node>
    <id>8</id>
    <latitude>32.0</latitude>
    <longitude>32.0</longitude>
  </node>
  <region>1</region>
  <timeint>
    <startTime>486</startTime>
    <endTime>875</endTime>
  </timeint>
  <capacity>2.0</capacity>
</objects.Task>
<objects.Task>
  <id>9</id>
  <Description>Task#9</Description>
  <type>T</type>
  <type__id>1</type__id>
  <priority>4</priority>
  <resId>0</resId>
  <serviceTime>74</serviceTime>
  <node>
    <id>9</id>
    <latitude>32.0</latitude>
    <longitude>0.0</longitude>
  </node>
  <region>1</region>
  <timeint>
    <startTime>507</startTime>
    <endTime>990</endTime>
  </timeint>
  <capacity>1.0</capacity>
</objects.Task>
<objects.Task>
  <id>10</id>
  <Description>Task#10</Description>
  <type>T</type>
  <type__id>1</type__id>
  <priority>1</priority>
  <resId>0</resId>
  <serviceTime>81</serviceTime>
  <node>
    <id>10</id>
    <latitude>0.0</latitude>
    <longitude>0.0</longitude>
  </node>
  <region>1</region>
  <timeint>
    <startTime>481</startTime>
    <endTime>775</endTime>
  </timeint>
  <capacity>1.0</capacity>
</objects.Task>
<objects.Task>
  <id>11</id>
  <Description>Task#11</Description>
  <type>T</type>
  <type__id>1</type__id>
  <priority>4</priority>
  <resId>0</resId>
  <serviceTime>42</serviceTime>
  <node>
    <id>11</id>
    <latitude>32.0</latitude>
    <longitude>32.0</longitude>
  </node>
  <region>1</region>
  <timeint>
    <startTime>517</startTime>
    <endTime>851</endTime>
  </timeint>
  <capacity>1.0</capacity>
</objects.Task>
<objects.Task>
  <id>12</id>
  <Description>Task#12</Description>
  <type>T</type>
  <type__id>1</type__id>
  <priority>1</priority>
  <resId>0</resId>
  <serviceTime>66</serviceTime>
  <node>
    <id>12</id>
    <latitude>0.0</latitude>
    <longitude>32.0</longitude>
  </node>
  <region>1</region>
  <timeint>
    <startTime>499</startTime>
    <endTime>794</endTime>
  </timeint>
  <capacity>7.0</capacity>
</objects.Task>
<objects.Task>
  <id>13</id>
  <Description>Task#13</Description>
  <type>T</type>
  <type__id>1</type__id>
  <priority>2</priority>
  <resId>0</resId>
  <serviceTime>73</serviceTime>
  <node>
    <id>13</id>
    <latitude>0.0</latitude>
    <longitude>32.0</longitude>
  </node>
  <region>1</region>
  <timeint>
    <startTime>711</startTime>
    <endTime>1116</endTime>
  </timeint>
  <capacity>0.0</capacity>
</objects.Task>
<objects.Task>
  <id>14</id>
  <Description>Task#14</Description>
  <type>T</type>
  <type__id>1</type__id>
  <priority>4</priority>
  <resId>0</resId>
  <serviceTime>69</serviceTime>
  <node>
    <id>14</id>
    <latitude>0.0</latitude>
    <longitude>0.0</longitude>
  </node>
  <region>1</region>
  <timeint>
    <startTime>651</startTime>
    <endTime>1048</endTime>
  </timeint>
  <capacity>8.0</capacity>
</objects.Task>
<objects.Task>
  <id>15</id>
  <Description>Task#15</Description>
  <type>T</type>
  <type__id>1</type__id>
  <priority>1</priority>
  <resId>0</resId>
  <serviceTime>76</serviceTime>
  <node>
    <id>15</id>
    <latitude>32.0</latitude>
    <longitude>0.0</longitude>
  </node>
  <region>1</region>
  <timeint>
    <startTime>657</startTime>
    <endTime>1237</endTime>
  </timeint>
  <capacity>2.0</capacity>
</objects.Task>
<objects.Task>
  <id>16</id>
  <Description>Task#16</Description>
  <type>T</type>
  <type__id>1</type__id>
  <priority>2</priority>
  <resId>0</resId>
  <serviceTime>40</serviceTime>
  <node>
    <id>16</id>
    <latitude>0.0</latitude>
    <longitude>32.0</longitude>
  </node>
  <region>1</region>
  <timeint>
    <startTime>489</startTime>
    <endTime>1009</endTime>
  </timeint>
  <capacity>5.0</capacity>
</objects.Task>
<objects.Task>
  <id>17</id>
  <Description>Task#17</Description>
  <type>T</type>
  <type__id>1</type__id>
  <priority>4</priority>
  <resId>0</resId>
  <serviceTime>64</serviceTime>
  <node>
    <id>17</id>
    <latitude>32.0</latitude>
    <longitude>0.0</longitude>
  </node>
  <region>1</region>
  <timeint>
    <startTime>544</startTime>
    <endTime>898</endTime>
  </timeint>
  <capacity>6.0</capacity>
</objects.Task>
<objects.Task>
  <id>18</id>
  <Description>Task#18</Description>
  <type>T</type>
  <type__id>1</type__id>
  <priority>2</priority>
  <resId>0</resId>
  <serviceTime>38</serviceTime>
  <node>
    <id>18</id>
    <latitude>0.0</latitude>
    <longitude>32.0</longitude>
  </node>
  <region>1</region>
  <timeint>
    <startTime>592</startTime>
    <endTime>1018</endTime>
  </timeint>
  <capacity>4.0</capacity>
</objects.Task>
<objects.Task>
  <id>19</id>
  <Description>Task#19</Description>
  <type>T</type>
  <type__id>1</type__id>
  <priority>4</priority>
  <resId>0</resId>
  <serviceTime>49</serviceTime>
  <node>
    <id>19</id>
    <latitude>0.0</latitude>
    <longitude>32.0</longitude>
  </node>
  <region>1</region>
  <timeint>
    <startTime>529</startTime>
    <endTime>799</endTime>
  </timeint>
  <capacity>9.0</capacity>
</objects.Task>
<objects.Task>
  <id>20</id>
  <Description>Task#20</Description>
  <type>T</type>
  <type__id>1</type__id>
  <priority>3</priority>
  <resId>0</resId>
  <serviceTime>56</serviceTime>
  <node>
    <id>20</id>
    <latitude>0.0</latitude>
    <longitude>0.0</longitude>
  </node>
  <region>1</region>
  <timeint>
    <startTime>555</startTime>
    <endTime>838</endTime>
  </timeint>
  <capacity>3.0</capacity>
</objects.Task>
<objects.Task>
  <id>21</id>
  <Description>Task#21</Description>
  <type>T</type>
  <type__id>1</type__id>
  <priority>1</priority>
  <resId>0</resId>
  <serviceTime>56</serviceTime>
  <node>
    <id>21</id>
    <latitude>0.0</latitude>
    <longitude>0.0</longitude>
  </node>
  <region>1</region>
  <timeint>
    <startTime>595</startTime>
    <endTime>875</endTime>
  </timeint>
  <capacity>2.0</capacity>
</objects.Task>
<objects.Task>
  <id>22</id>
  <Description>Task#22</Description>
  <type>T</type>
  <type__id>1</type__id>
  <priority>3</priority>
  <resId>0</resId>
  <serviceTime>86</serviceTime>
  <node>
    <id>22</id>
    <latitude>0.0</latitude>
    <longitude>32.0</longitude>
  </node>
  <region>1</region>
  <timeint>
    <startTime>535</startTime>
    <endTime>887</endTime>
  </timeint>
  <capacity>9.0</capacity>
</objects.Task>
<objects.Task>
  <id>23</id>
  <Description>Task#23</Description>
  <type>T</type>
  <type__id>1</type__id>
  <priority>1</priority>
  <resId>0</resId>
  <serviceTime>39</serviceTime>
  <node>
    <id>23</id>
    <latitude>32.0</latitude>
    <longitude>32.0</longitude>
  </node>
  <region>1</region>
  <timeint>
    <startTime>481</startTime>
    <endTime>1055</endTime>
  </timeint>
  <capacity>4.0</capacity>
</objects.Task>
<objects.Task>
  <id>24</id>
  <Description>Task#24</Description>
  <type>T</type>
  <type__id>1</type__id>
  <priority>2</priority>
  <resId>0</resId>
  <serviceTime>44</serviceTime>
  <node>
    <id>24</id>
    <latitude>32.0</latitude>
    <longitude>0.0</longitude>
  </node>
  <region>1</region>
  <timeint>
    <startTime>664</startTime>
    <endTime>1227</endTime>
  </timeint>
  <capacity>6.0</capacity>
</objects.Task>
<objects.Task>
  <id>25</id>
  <Description>Task#25</Description>
  <type>T</type>
  <type__id>1</type__id>
  <priority>2</priority>
  <resId>0</resId>
  <serviceTime>72</serviceTime>
  <node>
    <id>25</id>
    <latitude>0.0</latitude>
    <longitude>32.0</longitude>
  </node>
  <region>1</region>
  <timeint>
    <startTime>529</startTime>
    <endTime>785</endTime>
  </timeint>
  <capacity>2.0</capacity>
</objects.Task>
<objects.Task>
  <id>26</id>
  <Description>Task#26</Description>
  <type>T</type>
  <type__id>1</type__id>
  <priority>4</priority>
  <resId>0</resId>
  <serviceTime>87</serviceTime>
  <node>
    <id>26</id>
    <latitude>0.0</latitude>
    <longitude>0.0</longitude>
  </node>
  <region>1</region>
  <timeint>
    <startTime>545</startTime>
    <endTime>1073</endTime>
  </timeint>
  <capacity>0.0</capacity>
</objects.Task>
<objects.Task>
  <id>27</id>
  <Description>Task#27</Description>
  <type>T</type>
  <type__id>1</type__id>
  <priority>4</priority>
  <resId>0</resId>
  <serviceTime>39</serviceTime>
  <node>
    <id>27</id>
    <latitude>0.0</latitude>
    <longitude>0.0</longitude>
  </node>
  <region>1</region>
  <timeint>
    <startTime>498</startTime>
    <endTime>946</endTime>
  </timeint>
  <capacity>7.0</capacity>
</objects.Task>
<objects.Task>
  <id>28</id>
  <Description>Task#28</Description>
  <type>T</type>
  <type__id>1</type__id>
  <priority>4</priority>
  <resId>0</resId>
  <serviceTime>69</serviceTime>
  <node>
    <id>28</id>
    <latitude>32.0</latitude>
    <longitude>0.0</longitude>
  </node>
  <region>1</region>
  <timeint>
    <startTime>541</startTime>
    <endTime>945</endTime>
  </timeint>
  <capacity>3.0</capacity>
</objects.Task>
<objects.Task>
  <id>29</id>
  <Description>Task#29</Description>
  <type>T</type>
  <type__id>1</type__id>
  <priority>2</priority>
  <resId>0</resId>
  <serviceTime>33</serviceTime>
  <node>
    <id>29</id>
    <latitude>32.0</latitude>
    <longitude>32.0</longitude>
  </node>
  <region>1</region>
  <timeint>
    <startTime>484</startTime>
    <endTime>1021</endTime>
  </timeint>
  <capacity>6.0</capacity>
</objects.Task>
<objects.Task>
  <id>30</id>
  <Description>Task#30</Description>
  <type>T</type>
  <type__id>1</type__id>
  <priority>2</priority>
  <resId>0</resId>
  <serviceTime>82</serviceTime>
  <node>
    <id>30</id>
    <latitude>0.0</latitude>
    <longitude>32.0</longitude>
  </node>
  <region>1</region>
  <timeint>
    <startTime>717</startTime>
    <endTime>984</endTime>
  </timeint>
  <capacity>7.0</capacity>
</objects.Task>
<objects.Task>
  <id>31</id>
  <Description>Task#31</Description>
  <type>T</type>
  <type__id>1</type__id>
  <priority>3</priority>
  <resId>0</resId>
  <serviceTime>42</serviceTime>
  <node>
    <id>31</id>
    <latitude>32.0</latitude>
    <longitude>32.0</longitude>
  </node>
  <region>1</region>
  <timeint>
    <startTime>497</startTime>
    <endTime>922</endTime>
  </timeint>
  <capacity>1.0</capacity>
</objects.Task>
<objects.Task>
  <id>32</id>
  <Description>Task#32</Description>
  <type>T</type>
  <type__id>1</type__id>
  <priority>4</priority>
  <resId>0</resId>
  <serviceTime>69</serviceTime>
  <node>
    <id>32</id>
    <latitude>32.0</latitude>
    <longitude>0.0</longitude>
  </node>
  <region>1</region>
  <timeint>
    <startTime>559</startTime>
    <endTime>1118</endTime>
  </timeint>
  <capacity>6.0</capacity>
</objects.Task>
<objects.Task>
  <id>33</id>
  <Description>Task#33</Description>
  <type>T</type>
  <type__id>1</type__id>
  <priority>4</priority>
  <resId>0</resId>
  <serviceTime>86</serviceTime>
  <node>
    <id>33</id>
    <latitude>32.0</latitude>
    <longitude>0.0</longitude>
  </node>
  <region>1</region>
  <timeint>
    <startTime>561</startTime>
    <endTime>1023</endTime>
  </timeint>
  <capacity>0.0</capacity>
</objects.Task>
<objects.Task>
  <id>34</id>
  <Description>Task#34</Description>
  <type>T</type>
  <type__id>1</type__id>
  <priority>2</priority>
  <resId>0</resId>
  <serviceTime>50</serviceTime>
  <node>
    <id>34</id>
    <latitude>32.0</latitude>
    <longitude>0.0</longitude>
  </node>
  <region>1</region>
  <timeint>
    <startTime>629</startTime>
    <endTime>1050</endTime>
  </timeint>
  <capacity>5.0</capacity>
</objects.Task>
<objects.Task>
  <id>35</id>
  <Description>Task#35</Description>
  <type>T</type>
  <type__id>1</type__id>
  <priority>1</priority>
  <resId>0</resId>
  <serviceTime>40</serviceTime>
  <node>
    <id>35</id>
    <latitude>0.0</latitude>
    <longitude>32.0</longitude>
  </node>
  <region>1</region>
  <timeint>
    <startTime>697</startTime>
    <endTime>1001</endTime>
  </timeint>
  <capacity>8.0</capacity>
</objects.Task>
<objects.Task>
  <id>36</id>
  <Description>Task#36</Description>
  <type>T</type>
  <type__id>1</type__id>
  <priority>4</priority>
  <resId>0</resId>
  <serviceTime>56</serviceTime>
  <node>
    <id>36</id>
    <latitude>0.0</latitude>
    <longitude>32.0</longitude>
  </node>
  <region>1</region>
  <timeint>
    <startTime>649</startTime>
    <endTime>961</endTime>
  </timeint>
  <capacity>1.0</capacity>
</objects.Task>
<objects.Task>
  <id>37</id>
  <Description>Task#37</Description>
  <type>T</type>
  <type__id>1</type__id>
  <priority>3</priority>
  <resId>0</resId>
  <serviceTime>49</serviceTime>
  <node>
    <id>37</id>
    <latitude>32.0</latitude>
    <longitude>32.0</longitude>
  </node>
  <region>1</region>
  <timeint>
    <startTime>598</startTime>
    <endTime>931</endTime>
  </timeint>
  <capacity>2.0</capacity>
</objects.Task>
<objects.Task>
  <id>38</id>
  <Description>Task#38</Description>
  <type>T</type>
  <type__id>1</type__id>
  <priority>3</priority>
  <resId>0</resId>
  <serviceTime>65</serviceTime>
  <node>
    <id>38</id>
    <latitude>32.0</latitude>
    <longitude>32.0</longitude>
  </node>
  <region>1</region>
  <timeint>
    <startTime>658</startTime>
    <endTime>952</endTime>
  </timeint>
  <capacity>5.0</capacity>
</objects.Task>
<objects.Task>
  <id>39</id>
  <Description>Task#39</Description>
  <type>T</type>
  <type__id>1</type__id>
  <priority>3</priority>
  <resId>0</resId>
  <serviceTime>76</serviceTime>
  <node>
    <id>39</id>
    <latitude>32.0</latitude>
    <longitude>32.0</longitude>
  </node>
  <region>1</region>
  <timeint>
    <startTime>516</startTime>
    <endTime>809</endTime>
  </timeint>
  <capacity>4.0</capacity>
</objects.Task>
<objects.Task>
  <id>40</id>
  <Description>Task#40</Description>
  <type>T</type>
  <type__id>1</type__id>
  <priority>3</priority>
  <resId>0</resId>
  <serviceTime>89</serviceTime>
  <node>
    <id>40</id>
    <latitude>0.0</latitude>
    <longitude>32.0</longitude>
  </node>
  <region>1</region>
  <timeint>
    <startTime>540</startTime>
    <endTime>864</endTime>
  </timeint>
  <capacity>8.0</capacity>
</objects.Task>
<objects.Task>
  <id>41</id>
  <Description>Task#41</Description>
  <type>T</type>
  <type__id>1</type__id>
  <priority>3</priority>
  <resId>0</resId>
  <serviceTime>35</serviceTime>
  <node>
    <id>41</id>
    <latitude>32.0</latitude>
    <longitude>32.0</longitude>
  </node>
  <region>1</region>
  <timeint>
    <startTime>612</startTime>
    <endTime>1095</endTime>
  </timeint>
  <capacity>4.0</capacity>
</objects.Task>
<objects.Task>
  <id>42</id>
  <Description>Task#42</Description>
  <type>T</type>
  <type__id>1</type__id>
  <priority>1</priority>
  <resId>0</resId>
  <serviceTime>63</serviceTime>
  <node>
    <id>42</id>
    <latitude>32.0</latitude>
    <longitude>32.0</longitude>
  </node>
  <region>1</region>
  <timeint>
    <startTime>598</startTime>
    <endTime>968</endTime>
  </timeint>
  <capacity>4.0</capacity>
</objects.Task>
<objects.Task>
  <id>43</id>
  <Description>Task#43</Description>
  <type>T</type>
  <type__id>1</type__id>
  <priority>1</priority>
  <resId>0</resId>
  <serviceTime>84</serviceTime>
  <node>
    <id>43</id>
    <latitude>32.0</latitude>
    <longitude>0.0</longitude>
  </node>
  <region>1</region>
  <timeint>
    <startTime>567</startTime>
    <endTime>947</endTime>
  </timeint>
  <capacity>0.0</capacity>
</objects.Task>
<objects.Task>
  <id>44</id>
  <Description>Task#44</Description>
  <type>T</type>
  <type__id>1</type__id>
  <priority>2</priority>
  <resId>0</resId>
  <serviceTime>65</serviceTime>
  <node>
    <id>44</id>
    <latitude>0.0</latitude>
    <longitude>32.0</longitude>
  </node>
  <region>1</region>
  <timeint>
    <startTime>710</startTime>
    <endTime>1267</endTime>
  </timeint>
  <capacity>1.0</capacity>
</objects.Task>
<objects.Task>
  <id>45</id>
  <Description>Task#45</Description>
  <type>T</type>
  <type__id>1</type__id>
  <priority>4</priority>
  <resId>0</resId>
  <serviceTime>76</serviceTime>
  <node>
    <id>45</id>
    <latitude>0.0</latitude>
    <longitude>32.0</longitude>
  </node>
  <region>1</region>
  <timeint>
    <startTime>565</startTime>
    <endTime>1015</endTime>
  </timeint>
  <capacity>7.0</capacity>
</objects.Task>
<objects.Task>
  <id>46</id>
  <Description>Task#46</Description>
  <type>T</type>
  <type__id>1</type__id>
  <priority>2</priority>
  <resId>0</resId>
  <serviceTime>87</serviceTime>
  <node>
    <id>46</id>
    <latitude>0.0</latitude>
    <longitude>0.0</longitude>
  </node>
  <region>1</region>
  <timeint>
    <startTime>535</startTime>
    <endTime>1006</endTime>
  </timeint>
  <capacity>9.0</capacity>
</objects.Task>
<objects.Task>
  <id>47</id>
  <Description>Task#47</Description>
  <type>T</type>
  <type__id>1</type__id>
  <priority>4</priority>
  <resId>0</resId>
  <serviceTime>77</serviceTime>
  <node>
    <id>47</id>
    <latitude>0.0</latitude>
    <longitude>0.0</longitude>
  </node>
  <region>1</region>
  <timeint>
    <startTime>526</startTime>
    <endTime>963</endTime>
  </timeint>
  <capacity>9.0</capacity>
</objects.Task>
<objects.Task>
  <id>48</id>
  <Description>Task#48</Description>
  <type>T</type>
  <type__id>1</type__id>
  <priority>1</priority>
  <resId>0</resId>
  <serviceTime>45</serviceTime>
  <node>
    <id>48</id>
    <latitude>32.0</latitude>
    <longitude>32.0</longitude>
  </node>
  <region>1</region>
  <timeint>
    <startTime>560</startTime>
    <endTime>976</endTime>
  </timeint>
  <capacity>2.0</capacity>
</objects.Task>
<objects.Task>
  <id>49</id>
  <Description>Task#49</Description>
  <type>T</type>
  <type__id>1</type__id>
  <priority>1</priority>
  <resId>0</resId>
  <serviceTime>47</serviceTime>
  <node>
    <id>49</id>
    <latitude>0.0</latitude>
    <longitude>32.0</longitude>
  </node>
  <region>1</region>
  <timeint>
    <startTime>646</startTime>
    <endTime>897</endTime>
  </timeint>
  <capacity>9.0</capacity>
</objects.Task>
<objects.Task>
  <id>50</id>
  <Description>Task#50</Description>
  <type>T</type>
  <type__id>1</type__id>
  <priority>2</priority>
  <resId>0</resId>
  <serviceTime>76</serviceTime>
  <node>
    <id>0</id>
    <latitude>19.182013079549353</latitude>
    <longitude>2.5187788087977196</longitude>
  </node>
  <region>1</region>
  <timeint>
    <startTime>679</startTime>
    <endTime>1271</endTime>
  </timeint>
  <capacity>4.0</capacity>
</objects.Task>
<objects.Task>
  <id>51</id>
  <Description>Task#51</Description>
  <type>T</type>
  <type__id>1</type__id>
  <priority>1</priority>
  <resId>0</resId>
  <serviceTime>72</serviceTime>
  <node>
    <id>1</id>
    <latitude>13.05874437739855</latitude>
    <longitude>18.35588301807092</longitude>
  </node>
  <region>1</region>
  <timeint>
    <startTime>672</startTime>
    <endTime>1181</endTime>
  </timeint>
  <capacity>5.0</capacity>
</objects.Task>
<objects.Task>
  <id>52</id>
  <Description>Task#52</Description>
  <type>T</type>
  <type__id>1</type__id>
  <priority>1</priority>
  <resId>0</resId>
  <serviceTime>82</serviceTime>
  <node>
    <id>2</id>
    <latitude>9.598636747162402</latitude>
    <longitude>25.073785855737977</longitude>
  </node>
  <region>1</region>
  <timeint>
    <startTime>503</startTime>
    <endTime>1016</endTime>
  </timeint>
  <capacity>3.0</capacity>
</objects.Task>
<objects.Task>
  <id>53</id>
  <Description>Task#53</Description>
  <type>T</type>
  <type__id>1</type__id>
  <priority>1</priority>
  <resId>0</resId>
  <serviceTime>60</serviceTime>
  <node>
    <id>3</id>
    <latitude>9.302631417339104</latitude>
    <longitude>20.665872152245168</longitude>
  </node>
  <region>1</region>
  <timeint>
    <startTime>636</startTime>
    <endTime>989</endTime>
  </timeint>
  <capacity>0.0</capacity>
</objects.Task>
<objects.Task>
  <id>54</id>
  <Description>Task#54</Description>
  <type>T</type>
  <type__id>1</type__id>
  <priority>4</priority>
  <resId>0</resId>
  <serviceTime>43</serviceTime>
  <node>
    <id>4</id>
    <latitude>0.590378878385657</latitude>
    <longitude>27.914403899162064</longitude>
  </node>
  <region>1</region>
  <timeint>
    <startTime>543</startTime>
    <endTime>1039</endTime>
  </timeint>
  <capacity>7.0</capacity>
</objects.Task>
<objects.Task>
  <id>55</id>
  <Description>Task#55</Description>
  <type>T</type>
  <type__id>1</type__id>
  <priority>2</priority>
  <resId>0</resId>
  <serviceTime>42</serviceTime>
  <node>
    <id>5</id>
    <latitude>5.415748584150808</latitude>
    <longitude>15.93978168825706</longitude>
  </node>
  <region>1</region>
  <timeint>
    <startTime>684</startTime>
    <endTime>1039</endTime>
  </timeint>
  <capacity>3.0</capacity>
</objects.Task>
<objects.Task>
  <id>56</id>
  <Description>Task#56</Description>
  <type>T</type>
  <type__id>1</type__id>
  <priority>4</priority>
  <resId>0</resId>
  <serviceTime>62</serviceTime>
  <node>
    <id>6</id>
    <latitude>27.07533824645595</latitude>
    <longitude>17.431336110297337</longitude>
  </node>
  <region>1</region>
  <timeint>
    <startTime>525</startTime>
    <endTime>804</endTime>
  </timeint>
  <capacity>9.0</capacity>
</objects.Task>
<objects.Task>
  <id>57</id>
  <Description>Task#57</Description>
  <type>T</type>
  <type__id>1</type__id>
  <priority>1</priority>
  <resId>0</resId>
  <serviceTime>72</serviceTime>
  <node>
    <id>7</id>
    <latitude>4.7026943441344855</latitude>
    <longitude>14.552039524643252</longitude>
  </node>
  <region>1</region>
  <timeint>
    <startTime>570</startTime>
    <endTime>1016</endTime>
  </timeint>
  <capacity>1.0</capacity>
</objects.Task>
<objects.Task>
  <id>58</id>
  <Description>Task#58</Description>
  <type>T</type>
  <type__id>1</type__id>
  <priority>2</priority>
  <resId>0</resId>
  <serviceTime>44</serviceTime>
  <node>
    <id>8</id>
    <latitude>28.81168919280651</latitude>
    <longitude>30.75565113334503</longitude>
  </node>
  <region>1</region>
  <timeint>
    <startTime>536</startTime>
    <endTime>1121</endTime>
  </timeint>
  <capacity>9.0</capacity>
</objects.Task>
<objects.Task>
  <id>59</id>
  <Description>Task#59</Description>
  <type>T</type>
  <type__id>1</type__id>
  <priority>2</priority>
  <resId>0</resId>
  <serviceTime>78</serviceTime>
  <node>
    <id>9</id>
    <latitude>11.75449579283304</latitude>
    <longitude>18.15787384420411</longitude>
  </node>
  <region>1</region>
  <timeint>
    <startTime>526</startTime>
    <endTime>778</endTime>
  </timeint>
  <capacity>7.0</capacity>
</objects.Task>
<objects.Task>
  <id>60</id>
  <Description>Task#60</Description>
  <type>T</type>
  <type__id>1</type__id>
  <priority>4</priority>
  <resId>0</resId>
  <serviceTime>78</serviceTime>
  <node>
    <id>10</id>
    <latitude>6.594213108559369</latitude>
    <longitude>28.38792142375205</longitude>
  </node>
  <region>1</region>
  <timeint>
    <startTime>511</startTime>
    <endTime>988</endTime>
  </timeint>
  <capacity>3.0</capacity>
</objects.Task>
<objects.Task>
  <id>61</id>
  <Description>Task#61</Description>
  <type>T</type>
  <type__id>1</type__id>
  <priority>1</priority>
  <resId>0</resId>
  <serviceTime>33</serviceTime>
  <node>
    <id>11</id>
    <latitude>16.783458512843197</latitude>
    <longitude>25.888774764033972</longitude>
  </node>
  <region>1</region>
  <timeint>
    <startTime>610</startTime>
    <endTime>905</endTime>
  </timeint>
  <capacity>4.0</capacity>
</objects.Task>
<objects.Task>
  <id>62</id>
  <Description>Task#62</Description>
  <type>T</type>
  <type__id>1</type__id>
  <priority>1</priority>
  <resId>0</resId>
  <serviceTime>37</serviceTime>
  <node>
    <id>12</id>
    <latitude>23.17935670824966</latitude>
    <longitude>2.2648720079156845</longitude>
  </node>
  <region>1</region>
  <timeint>
    <startTime>706</startTime>
    <endTime>1186</endTime>
  </timeint>
  <capacity>7.0</capacity>
</objects.Task>
<objects.Task>
  <id>63</id>
  <Description>Task#63</Description>
  <type>T</type>
  <type__id>1</type__id>
  <priority>1</priority>
  <resId>0</resId>
  <serviceTime>32</serviceTime>
  <node>
    <id>13</id>
    <latitude>3.909874425944853</latitude>
    <longitude>25.8598438633253</longitude>
  </node>
  <region>1</region>
  <timeint>
    <startTime>658</startTime>
    <endTime>1045</endTime>
  </timeint>
  <capacity>7.0</capacity>
</objects.Task>
<objects.Task>
  <id>64</id>
  <Description>Task#64</Description>
  <type>T</type>
  <type__id>1</type__id>
  <priority>4</priority>
  <resId>0</resId>
  <serviceTime>55</serviceTime>
  <node>
    <id>14</id>
    <latitude>10.463401890940524</latitude>
    <longitude>23.100367120744863</longitude>
  </node>
  <region>1</region>
  <timeint>
    <startTime>512</startTime>
    <endTime>859</endTime>
  </timeint>
  <capacity>6.0</capacity>
</objects.Task>
<objects.Task>
  <id>65</id>
  <Description>Task#65</Description>
  <type>T</type>
  <type__id>1</type__id>
  <priority>4</priority>
  <resId>0</resId>
  <serviceTime>76</serviceTime>
  <node>
    <id>15</id>
    <latitude>3.1880256926701627</latitude>
    <longitude>25.13972097052808</longitude>
  </node>
  <region>1</region>
  <timeint>
    <startTime>625</startTime>
    <endTime>1087</endTime>
  </timeint>
  <capacity>5.0</capacity>
</objects.Task>
<objects.Task>
  <id>66</id>
  <Description>Task#66</Description>
  <type>T</type>
  <type__id>1</type__id>
  <priority>1</priority>
  <resId>0</resId>
  <serviceTime>57</serviceTime>
  <node>
    <id>16</id>
    <latitude>30.94190992680634</latitude>
    <longitude>13.57756495963384</longitude>
  </node>
  <region>1</region>
  <timeint>
    <startTime>499</startTime>
    <endTime>781</endTime>
  </timeint>
  <capacity>4.0</capacity>
</objects.Task>
<objects.Task>
  <id>67</id>
  <Description>Task#67</Description>
  <type>T</type>
  <type__id>1</type__id>
  <priority>3</priority>
  <resId>0</resId>
  <serviceTime>36</serviceTime>
  <node>
    <id>17</id>
    <latitude>5.074468328179453</latitude>
    <longitude>11.366968175059686</longitude>
  </node>
  <region>1</region>
  <timeint>
    <startTime>672</startTime>
    <endTime>1159</endTime>
  </timeint>
  <capacity>4.0</capacity>
</objects.Task>
<objects.Task>
  <id>68</id>
  <Description>Task#68</Description>
  <type>T</type>
  <type__id>1</type__id>
  <priority>3</priority>
  <resId>0</resId>
  <serviceTime>64</serviceTime>
  <node>
    <id>18</id>
    <latitude>27.13232963909425</latitude>
    <longitude>25.69072444724107</longitude>
  </node>
  <region>1</region>
  <timeint>
    <startTime>503</startTime>
    <endTime>818</endTime>
  </timeint>
  <capacity>1.0</capacity>
</objects.Task>
<objects.Task>
  <id>69</id>
  <Description>Task#69</Description>
  <type>T</type>
  <type__id>1</type__id>
  <priority>3</priority>
  <resId>0</resId>
  <serviceTime>85</serviceTime>
  <node>
    <id>19</id>
    <latitude>3.7947985318905317</latitude>
    <longitude>30.591929576738064</longitude>
  </node>
  <region>1</region>
  <timeint>
    <startTime>710</startTime>
    <endTime>1274</endTime>
  </timeint>
  <capacity>5.0</capacity>
</objects.Task>
<objects.Task>
  <id>70</id>
  <Description>Task#70</Description>
  <type>T</type>
  <type__id>1</type__id>
  <priority>1</priority>
  <resId>0</resId>
  <serviceTime>37</serviceTime>
  <node>
    <id>20</id>
    <latitude>31.44039966078828</latitude>
    <longitude>7.548924779239989</longitude>
  </node>
  <region>1</region>
  <timeint>
    <startTime>563</startTime>
    <endTime>875</endTime>
  </timeint>
  <capacity>4.0</capacity>
</objects.Task>
<objects.Task>
  <id>71</id>
  <Description>Task#71</Description>
  <type>T</type>
  <type__id>1</type__id>
  <priority>4</priority>
  <resId>0</resId>
  <serviceTime>34</serviceTime>
  <node>
    <id>21</id>
    <latitude>10.31360131864669</latitude>
    <longitude>27.976768366916396</longitude>
  </node>
  <region>1</region>
  <timeint>
    <startTime>568</startTime>
    <endTime>876</endTime>
  </timeint>
  <capacity>2.0</capacity>
</objects.Task>
<objects.Task>
  <id>72</id>
  <Description>Task#72</Description>
  <type>T</type>
  <type__id>1</type__id>
  <priority>1</priority>
  <resId>0</resId>
  <serviceTime>32</serviceTime>
  <node>
    <id>22</id>
    <latitude>23.85260469854276</latitude>
    <longitude>1.8232002478824327</longitude>
  </node>
  <region>1</region>
  <timeint>
    <startTime>655</startTime>
    <endTime>1018</endTime>
  </timeint>
  <capacity>7.0</capacity>
</objects.Task>
<objects.Task>
  <id>73</id>
  <Description>Task#73</Description>
  <type>T</type>
  <type__id>1</type__id>
  <priority>1</priority>
  <resId>0</resId>
  <serviceTime>48</serviceTime>
  <node>
    <id>23</id>
    <latitude>18.390983388633703</latitude>
    <longitude>4.790207832890772</longitude>
  </node>
  <region>1</region>
  <timeint>
    <startTime>541</startTime>
    <endTime>835</endTime>
  </timeint>
  <capacity>8.0</capacity>
</objects.Task>
<objects.Task>
  <id>74</id>
  <Description>Task#74</Description>
  <type>T</type>
  <type__id>1</type__id>
  <priority>4</priority>
  <resId>0</resId>
  <serviceTime>43</serviceTime>
  <node>
    <id>24</id>
    <latitude>30.672368563724692</latitude>
    <longitude>1.8273043866367367</longitude>
  </node>
  <region>1</region>
  <timeint>
    <startTime>497</startTime>
    <endTime>951</endTime>
  </timeint>
  <capacity>6.0</capacity>
</objects.Task>
<objects.Task>
  <id>75</id>
  <Description>Task#75</Description>
  <type>T</type>
  <type__id>1</type__id>
  <priority>1</priority>
  <resId>0</resId>
  <serviceTime>43</serviceTime>
  <node>
    <id>25</id>
    <latitude>0.8468492740228868</latitude>
    <longitude>20.523816033065422</longitude>
  </node>
  <region>1</region>
  <timeint>
    <startTime>584</startTime>
    <endTime>1057</endTime>
  </timeint>
  <capacity>8.0</capacity>
</objects.Task>
<objects.Task>
  <id>76</id>
  <Description>Task#76</Description>
  <type>T</type>
  <type__id>1</type__id>
  <priority>4</priority>
  <resId>0</resId>
  <serviceTime>39</serviceTime>
  <node>
    <id>26</id>
    <latitude>25.49954565708164</latitude>
    <longitude>24.982595006452716</longitude>
  </node>
  <region>1</region>
  <timeint>
    <startTime>700</startTime>
    <endTime>1083</endTime>
  </timeint>
  <capacity>3.0</capacity>
</objects.Task>
<objects.Task>
  <id>77</id>
  <Description>Task#77</Description>
  <type>T</type>
  <type__id>1</type__id>
  <priority>4</priority>
  <resId>0</resId>
  <serviceTime>78</serviceTime>
  <node>
    <id>27</id>
    <latitude>21.2097616172416</latitude>
    <longitude>22.05322654241483</longitude>
  </node>
  <region>1</region>
  <timeint>
    <startTime>531</startTime>
    <endTime>924</endTime>
  </timeint>
  <capacity>2.0</capacity>
</objects.Task>
<objects.Task>
  <id>78</id>
  <Description>Task#78</Description>
  <type>T</type>
  <type__id>1</type__id>
  <priority>1</priority>
  <resId>0</resId>
  <serviceTime>84</serviceTime>
  <node>
    <id>28</id>
    <latitude>31.75405548147665</latitude>
    <longitude>12.393981905013003</longitude>
  </node>
  <region>1</region>
  <timeint>
    <startTime>494</startTime>
    <endTime>1091</endTime>
  </timeint>
  <capacity>0.0</capacity>
</objects.Task>
<objects.Task>
  <id>79</id>
  <Description>Task#79</Description>
  <type>T</type>
  <type__id>1</type__id>
  <priority>4</priority>
  <resId>0</resId>
  <serviceTime>65</serviceTime>
  <node>
    <id>29</id>
    <latitude>16.228201664332293</latitude>
    <longitude>28.64915680804142</longitude>
  </node>
  <region>1</region>
  <timeint>
    <startTime>573</startTime>
    <endTime>1060</endTime>
  </timeint>
  <capacity>3.0</capacity>
</objects.Task>
<objects.Task>
  <id>80</id>
  <Description>Task#80</Description>
  <type>T</type>
  <type__id>1</type__id>
  <priority>1</priority>
  <resId>0</resId>
  <serviceTime>52</serviceTime>
  <node>
    <id>30</id>
    <latitude>3.7887270313186363</latitude>
    <longitude>16.468142750900334</longitude>
  </node>
  <region>1</region>
  <timeint>
    <startTime>663</startTime>
    <endTime>989</endTime>
  </timeint>
  <capacity>1.0</capacity>
</objects.Task>
<objects.Task>
  <id>81</id>
  <Description>Task#81</Description>
  <type>T</type>
  <type__id>1</type__id>
  <priority>4</priority>
  <resId>0</resId>
  <serviceTime>75</serviceTime>
  <node>
    <id>31</id>
    <latitude>15.5091687115026</latitude>
    <longitude>8.584779198744414</longitude>
  </node>
  <region>1</region>
  <timeint>
    <startTime>489</startTime>
    <endTime>776</endTime>
  </timeint>
  <capacity>1.0</capacity>
</objects.Task>
<objects.Task>
  <id>82</id>
  <Description>Task#82</Description>
  <type>T</type>
  <type__id>1</type__id>
  <priority>3</priority>
  <resId>0</resId>
  <serviceTime>30</serviceTime>
  <node>
    <id>32</id>
    <latitude>22.549389721089316</latitude>
    <longitude>12.905265861488516</longitude>
  </node>
  <region>1</region>
  <timeint>
    <startTime>549</startTime>
    <endTime>806</endTime>
  </timeint>
  <capacity>5.0</capacity>
</objects.Task>
<objects.Task>
  <id>83</id>
  <Description>Task#83</Description>
  <type>T</type>
  <type__id>1</type__id>
  <priority>1</priority>
  <resId>0</resId>
  <serviceTime>57</serviceTime>
  <node>
    <id>33</id>
    <latitude>16.16361913603971</latitude>
    <longitude>27.50220812859222</longitude>
  </node>
  <region>1</region>
  <timeint>
    <startTime>557</startTime>
    <endTime>839</endTime>
  </timeint>
  <capacity>8.0</capacity>
</objects.Task>
<objects.Task>
  <id>84</id>
  <Description>Task#84</Description>
  <type>T</type>
  <type__id>1</type__id>
  <priority>3</priority>
  <resId>0</resId>
  <serviceTime>44</serviceTime>
  <node>
    <id>34</id>
    <latitude>27.13577945492409</latitude>
    <longitude>21.338854331765067</longitude>
  </node>
  <region>1</region>
  <timeint>
    <startTime>489</startTime>
    <endTime>748</endTime>
  </timeint>
  <capacity>8.0</capacity>
</objects.Task>
<objects.Task>
  <id>85</id>
  <Description>Task#85</Description>
  <type>T</type>
  <type__id>1</type__id>
  <priority>3</priority>
  <resId>0</resId>
  <serviceTime>59</serviceTime>
  <node>
    <id>35</id>
    <latitude>8.886522273860887</latitude>
    <longitude>13.003151685060825</longitude>
  </node>
  <region>1</region>
  <timeint>
    <startTime>604</startTime>
    <endTime>1193</endTime>
  </timeint>
  <capacity>4.0</capacity>
</objects.Task>
<objects.Task>
  <id>86</id>
  <Description>Task#86</Description>
  <type>T</type>
  <type__id>1</type__id>
  <priority>3</priority>
  <resId>0</resId>
  <serviceTime>70</serviceTime>
  <node>
    <id>36</id>
    <latitude>22.39805978736703</latitude>
    <longitude>24.023888488908355</longitude>
  </node>
  <region>1</region>
  <timeint>
    <startTime>623</startTime>
    <endTime>892</endTime>
  </timeint>
  <capacity>0.0</capacity>
</objects.Task>
<objects.Task>
  <id>87</id>
  <Description>Task#87</Description>
  <type>T</type>
  <type__id>1</type__id>
  <priority>4</priority>
  <resId>0</resId>
  <serviceTime>30</serviceTime>
  <node>
    <id>37</id>
    <latitude>3.2080075319829255</latitude>
    <longitude>1.353421651568084</longitude>
  </node>
  <region>1</region>
  <timeint>
    <startTime>613</startTime>
    <endTime>1035</endTime>
  </timeint>
  <capacity>9.0</capacity>
</objects.Task>
<objects.Task>
  <id>88</id>
  <Description>Task#88</Description>
  <type>T</type>
  <type__id>1</type__id>
  <priority>3</priority>
  <resId>0</resId>
  <serviceTime>88</serviceTime>
  <node>
    <id>38</id>
    <latitude>12.754802047435941</latitude>
    <longitude>17.435555726445653</longitude>
  </node>
  <region>1</region>
  <timeint>
    <startTime>509</startTime>
    <endTime>858</endTime>
  </timeint>
  <capacity>9.0</capacity>
</objects.Task>
<objects.Task>
  <id>89</id>
  <Description>Task#89</Description>
  <type>T</type>
  <type__id>1</type__id>
  <priority>1</priority>
  <resId>0</resId>
  <serviceTime>37</serviceTime>
  <node>
    <id>39</id>
    <latitude>5.491186491846911</latitude>
    <longitude>18.764391266519326</longitude>
  </node>
  <region>1</region>
  <timeint>
    <startTime>712</startTime>
    <endTime>970</endTime>
  </timeint>
  <capacity>9.0</capacity>
</objects.Task>
<objects.Task>
  <id>90</id>
  <Description>Task#90</Description>
  <type>T</type>
  <type__id>1</type__id>
  <priority>4</priority>
  <resId>0</resId>
  <serviceTime>46</serviceTime>
  <node>
    <id>40</id>
    <latitude>8.864884702536745</latitude>
    <longitude>21.279134729741052</longitude>
  </node>
  <region>1</region>
  <timeint>
    <startTime>498</startTime>
    <endTime>1093</endTime>
  </timeint>
  <capacity>0.0</capacity>
</objects.Task>
<objects.Task>
  <id>91</id>
  <Description>Task#91</Description>
  <type>T</type>
  <type__id>1</type__id>
  <priority>1</priority>
  <resId>0</resId>
  <serviceTime>76</serviceTime>
  <node>
    <id>41</id>
    <latitude>22.693164974816654</latitude>
    <longitude>4.106733163136951</longitude>
  </node>
  <region>1</region>
  <timeint>
    <startTime>693</startTime>
    <endTime>1253</endTime>
  </timeint>
  <capacity>1.0</capacity>
</objects.Task>
<objects.Task>
  <id>92</id>
  <Description>Task#92</Description>
  <type>T</type>
  <type__id>1</type__id>
  <priority>4</priority>
  <resId>0</resId>
  <serviceTime>73</serviceTime>
  <node>
    <id>42</id>
    <latitude>11.256253969479385</latitude>
    <longitude>24.99014180175221</longitude>
  </node>
  <region>1</region>
  <timeint>
    <startTime>542</startTime>
    <endTime>1045</endTime>
  </timeint>
  <capacity>0.0</capacity>
</objects.Task>
<objects.Task>
  <id>93</id>
  <Description>Task#93</Description>
  <type>T</type>
  <type__id>1</type__id>
  <priority>4</priority>
  <resId>0</resId>
  <serviceTime>50</serviceTime>
  <node>
    <id>43</id>
    <latitude>8.91245178171523</latitude>
    <longitude>30.603031116568296</longitude>
  </node>
  <region>1</region>
  <timeint>
    <startTime>524</startTime>
    <endTime>1014</endTime>
  </timeint>
  <capacity>4.0</capacity>
</objects.Task>
<objects.Task>
  <id>94</id>
  <Description>Task#94</Description>
  <type>T</type>
  <type__id>1</type__id>
  <priority>2</priority>
  <resId>0</resId>
  <serviceTime>87</serviceTime>
  <node>
    <id>44</id>
    <latitude>31.0255929984961</latitude>
    <longitude>31.17270577278947</longitude>
  </node>
  <region>1</region>
  <timeint>
    <startTime>650</startTime>
    <endTime>897</endTime>
  </timeint>
  <capacity>4.0</capacity>
</objects.Task>
<objects.Task>
  <id>95</id>
  <Description>Task#95</Description>
  <type>T</type>
  <type__id>1</type__id>
  <priority>3</priority>
  <resId>0</resId>
  <serviceTime>85</serviceTime>
  <node>
    <id>45</id>
    <latitude>7.997049000880139</latitude>
    <longitude>11.464124779492863</longitude>
  </node>
  <region>1</region>
  <timeint>
    <startTime>565</startTime>
    <endTime>865</endTime>
  </timeint>
  <capacity>3.0</capacity>
</objects.Task>
<objects.Task>
  <id>96</id>
  <Description>Task#96</Description>
  <type>T</type>
  <type__id>1</type__id>
  <priority>4</priority>
  <resId>0</resId>
  <serviceTime>35</serviceTime>
  <node>
    <id>46</id>
    <latitude>11.554949741671194</latitude>
    <longitude>24.854930305740258</longitude>
  </node>
  <region>1</region>
  <timeint>
    <startTime>589</startTime>
    <endTime>849</endTime>
  </timeint>
  <capacity>0.0</capacity>
</objects.Task>
<objects.Task>
  <id>97</id>
  <Description>Task#97</Description>
  <type>T</type>
  <type__id>1</type__id>
  <priority>3</priority>
  <resId>0</resId>
  <serviceTime>71</serviceTime>
  <node>
    <id>47</id>
    <latitude>5.343740907952554</latitude>
    <longitude>27.20299563218251</longitude>
  </node>
  <region>1</region>
  <timeint>
    <startTime>567</startTime>
    <endTime>842</endTime>
  </timeint>
  <capacity>0.0</capacity>
</objects.Task>
<objects.Task>
  <id>98</id>
  <Description>Task#98</Description>
  <type>T</type>
  <type__id>1</type__id>
  <priority>1</priority>
  <resId>0</resId>
  <serviceTime>71</serviceTime>
  <node>
    <id>48</id>
    <latitude>15.638173156625385</latitude>
    <longitude>16.033293687705775</longitude>
  </node>
  <region>1</region>
  <timeint>
    <startTime>539</startTime>
    <endTime>839</endTime>
  </timeint>
  <capacity>7.0</capacity>
</objects.Task>
<objects.Task>
  <id>99</id>
  <Description>Task#99</Description>
  <type>T</type>
  <type__id>1</type__id>
  <priority>2</priority>
  <resId>0</resId>
  <serviceTime>43</serviceTime>
  <node>
    <id>49</id>
    <latitude>22.142877715540493</latitude>
    <longitude>0.5258990537766728</longitude>
  </node>
  <region>1</region>
  <timeint>
    <startTime>566</startTime>
    <endTime>944</endTime>
  </timeint>
  <capacity>4.0</capacity>
</objects.Task>
<objects.Resource>
  <id>1</id>
  <description>Technician1</description>
  <region>1</region>
  <availability>
    <startTime>576</startTime>
    <endTime>1159</endTime>
  </availability>
  <breakTime>
    <startTime>938</startTime>
    <endTime>1326</endTime>
  </breakTime>
  <origin>
    <id>101</id>
    <latitude>14.453548845759073</latitude>
    <longitude>17.003470521499217</longitude>
  </origin>
  <destination>
    <id>101</id>
    <latitude>14.453548845759073</latitude>
    <longitude>17.003470521499217</longitude>
  </destination>
  <capacity>0.0</capacity>
  <skill>4</skill>
</objects.Resource>
<objects.Resource>
  <id>2</id>
  <description>Technician2</description>
  <region>1</region>
  <availability>
    <startTime>525</startTime>
    <endTime>1116</endTime>
  </availability>
  <breakTime>
    <startTime>790</startTime>
    <endTime>1311</endTime>
  </breakTime>
  <origin>
    <id>103</id>
    <latitude>15.258901126174417</latitude>
    <longitude>16.081539181024645</longitude>
  </origin>
  <destination>
    <id>103</id>
    <latitude>15.258901126174417</latitude>
    <longitude>16.081539181024645</longitude>
  </destination>
  <capacity>0.0</capacity>
  <skill>7</skill>
</objects.Resource>
<objects.Resource>
  <id>3</id>
  <description>Technician3</description>
  <region>1</region>
  <availability>
    <startTime>616</startTime>
    <endTime>1137</endTime>
  </availability>
  <breakTime>
    <startTime>1034</startTime>
    <endTime>1583</endTime>
  </breakTime>
  <origin>
    <id>105</id>
    <latitude>15.052310061700624</latitude>
    <longitude>16.13867225815468</longitude>
  </origin>
  <destination>
    <id>105</id>
    <latitude>15.052310061700624</latitude>
    <longitude>16.13867225815468</longitude>
  </destination>
  <capacity>0.0</capacity>
  <skill>4</skill>
</objects.Resource>
<objects.Resource>
  <id>4</id>
  <description>Technician4</description>
  <region>1</region>
  <availability>
    <startTime>676</startTime>
    <endTime>1245</endTime>
  </availability>
  <breakTime>
    <startTime>991</startTime>
    <endTime>1172</endTime>
  </breakTime>
  <origin>
    <id>107</id>
    <latitude>15.217797368405865</latitude>
    <longitude>15.299991974899807</longitude>
  </origin>
  <destination>
    <id>107</id>
    <latitude>15.217797368405865</latitude>
    <longitude>15.299991974899807</longitude>
  </destination>
  <capacity>0.0</capacity>
  <skill>7</skill>
</objects.Resource>
<objects.Resource>
  <id>5</id>
  <description>Technician5</description>
  <region>1</region>
  <availability>
    <startTime>711</startTime>
    <endTime>1209</endTime>
  </availability>
  <breakTime>
    <startTime>1079</startTime>
    <endTime>1520</endTime>
  </breakTime>
  <origin>
    <id>109</id>
    <latitude>16.362860528017794</latitude>
    <longitude>15.823193933134196</longitude>
  </origin>
  <destination>
    <id>109</id>
    <latitude>16.362860528017794</latitude>
    <longitude>15.823193933134196</longitude>
  </destination>
  <capacity>0.0</capacity>
  <skill>9</skill>
</objects.Resource>
<objects.Resource>
  <id>6</id>
  <description>Technician6</description>
  <region>1</region>
  <availability>
    <startTime>550</startTime>
    <endTime>1115</endTime>
  </availability>
  <breakTime>
    <startTime>878</startTime>
    <endTime>1062</endTime>
  </breakTime>
  <origin>
    <id>111</id>
    <latitude>15.98474770483207</latitude>
    <longitude>15.963247768161462</longitude>
  </origin>
  <destination>
    <id>111</id>
    <latitude>15.98474770483207</latitude>
    <longitude>15.963247768161462</longitude>
  </destination>
  <capacity>0.0</capacity>
  <skill>8</skill>
</objects.Resource>
<objects.Resource>
  <id>7</id>
  <description>Technician7</description>
  <region>1</region>
  <availability>
    <startTime>525</startTime>
    <endTime>1066</endTime>
  </availability>
  <breakTime>
    <startTime>769</startTime>
    <endTime>1235</endTime>
  </breakTime>
  <origin>
    <id>113</id>
    <latitude>16.32741404169259</latitude>
    <longitude>17.878976418441773</longitude>
  </origin>
  <destination>
    <id>113</id>
    <latitude>16.32741404169259</latitude>
    <longitude>17.878976418441773</longitude>
  </destination>
  <capacity>0.0</capacity>
  <skill>3</skill>
</objects.Resource>
<objects.Resource>
  <id>8</id>
  <description>Technician8</description>
  <region>1</region>
  <availability>
    <startTime>673</startTime>
    <endTime>1163</endTime>
  </availability>
  <breakTime>
    <startTime>960</startTime>
    <endTime>1134</endTime>
  </breakTime>
  <origin>
    <id>115</id>
    <latitude>16.71973836569217</latitude>
    <longitude>17.97158677080645</longitude>
  </origin>
  <destination>
    <id>115</id>
    <latitude>16.71973836569217</latitude>
    <longitude>17.97158677080645</longitude>
  </destination>
  <capacity>0.0</capacity>
  <skill>4</skill>
</objects.Resource>
<objects.Resource>
  <id>9</id>
  <description>Technician9</description>
  <region>1</region>
  <availability>
    <startTime>514</startTime>
    <endTime>1051</endTime>
  </availability>
  <breakTime>
    <startTime>758</startTime>
    <endTime>995</endTime>
  </breakTime>
  <origin>
    <id>117</id>
    <latitude>17.93907089048561</latitude>
    <longitude>14.60743422860899</longitude>
  </origin>
  <destination>
    <id>117</id>
    <latitude>17.93907089048561</latitude>
    <longitude>14.60743422860899</longitude>
  </destination>
  <capacity>0.0</capacity>
  <skill>5</skill>
</objects.Resource>
<objects.Resource>
  <id>10</id>
  <description>Technician10</description>
  <region>1</region>
  <availability>
    <startTime>652</startTime>
    <endTime>1189</endTime>
  </availability>
  <breakTime>
    <startTime>1010</startTime>
    <endTime>1477</endTime>
  </breakTime>
  <origin>
    <id>119</id>
    <latitude>16.434056537422915</latitude>
    <longitude>14.6840947614281</longitude>
  </origin>
  <destination>
    <id>119</id>
    <latitude>16.434056537422915</latitude>
    <longitude>14.6840947614281</longitude>
  </destination>
  <capacity>0.0</capacity>
  <skill>0</skill>
</objects.Resource>
