<objects.Task>
  <id>0</id>
  <Description>Task#0</Description>
  <type>T</type>
  <type__id>1</type__id>
  <priority>2</priority>
  <resId>0</resId>
  <serviceTime>83</serviceTime>
  <node>
    <id>0</id>
    <latitude>0.0</latitude>
    <longitude>32.0</longitude>
  </node>
  <region>1</region>
  <timeint>
    <startTime>605</startTime>
    <endTime>984</endTime>
  </timeint>
  <capacity>8.0</capacity>
</objects.Task>
<objects.Task>
  <id>1</id>
  <Description>Task#1</Description>
  <type>T</type>
  <type__id>1</type__id>
  <priority>3</priority>
  <resId>0</resId>
  <serviceTime>70</serviceTime>
  <node>
    <id>1</id>
    <latitude>32.0</latitude>
    <longitude>32.0</longitude>
  </node>
  <region>1</region>
  <timeint>
    <startTime>586</startTime>
    <endTime>1027</endTime>
  </timeint>
  <capacity>8.0</capacity>
</objects.Task>
<objects.Task>
  <id>2</id>
  <Description>Task#2</Description>
  <type>T</type>
  <type__id>1</type__id>
  <priority>3</priority>
  <resId>0</resId>
  <serviceTime>83</serviceTime>
  <node>
    <id>2</id>
    <latitude>0.0</latitude>
    <longitude>32.0</longitude>
  </node>
  <region>1</region>
  <timeint>
    <startTime>600</startTime>
    <endTime>1107</endTime>
  </timeint>
  <capacity>4.0</capacity>
</objects.Task>
<objects.Task>
  <id>3</id>
  <Description>Task#3</Description>
  <type>T</type>
  <type__id>1</type__id>
  <priority>2</priority>
  <resId>0</resId>
  <serviceTime>35</serviceTime>
  <node>
    <id>3</id>
    <latitude>32.0</latitude>
    <longitude>0.0</longitude>
  </node>
  <region>1</region>
  <timeint>
    <startTime>614</startTime>
    <endTime>1123</endTime>
  </timeint>
  <capacity>6.0</capacity>
</objects.Task>
<objects.Task>
  <id>4</id>
  <Description>Task#4</Description>
  <type>T</type>
  <type__id>1</type__id>
  <priority>2</priority>
  <resId>0</resId>
  <serviceTime>46</serviceTime>
  <node>
    <id>4</id>
    <latitude>0.0</latitude>
    <longitude>32.0</longitude>
  </node>
  <region>1</region>
  <timeint>
    <startTime>569</startTime>
    <endTime>935</endTime>
  </timeint>
  <capacity>4.0</capacity>
</objects.Task>
<objects.Task>
  <id>5</id>
  <Description>Task#5</Description>
  <type>T</type>
  <type__id>1</type__id>
  <priority>2</priority>
  <resId>0</resId>
  <serviceTime>42</serviceTime>
  <node>
    <id>5</id>
    <latitude>32.0</latitude>
    <longitude>0.0</longitude>
  </node>
  <region>1</region>
  <timeint>
    <startTime>687</startTime>
    <endTime>1239</endTime>
  </timeint>
  <capacity>1.0</capacity>
</objects.Task>
<objects.Task>
  <id>6</id>
  <Description>Task#6</Description>
  <type>T</type>
  <type__id>1</type__id>
  <priority>3</priority>
  <resId>0</resId>
  <serviceTime>59</serviceTime>
  <node>
    <id>6</id>
    <latitude>32.0</latitude>
    <longitude>0.0</longitude>
  </node>
  <region>1</region>
  <timeint>
    <startTime>562</startTime>
    <endTime>822</endTime>
  </timeint>
  <capacity>3.0</capacity>
</objects.Task>
<objects.Task>
  <id>7</id>
  <Description>Task#7</Description>
  <type>T</type>
  <type__id>1</type__id>
  <priority>4</priority>
  <resId>0</resId>
  <serviceTime>48</serviceTime>
  <node>
    <id>7</id>
    <latitude>0.0</latitude>
    <longitude>0.0</longitude>
  </node>
  <region>1</region>
  <timeint>
    <startTime>639</startTime>
    <endTime>934</endTime>
  </timeint>
  <capacity>1.0</capacity>
</objects.Task>
<objects.Task>
  <id>8</id>
  <Description>Task#8</Description>
  <type>T</type>
  <type__id>1</type__id>
  <priority>4</priority>
  <resId>0</resId>
  <serviceTime>35</serviceTime>
  <node>
    <id>8</id>
    <latitude>0.0</latitude>
    <longitude>0.0</longitude>
  </node>
  <region>1</region>
  <timeint>
    <startTime>602</startTime>
    <endTime>1006</endTime>
  </timeint>
  <capacity>6.0</capacity>
</objects.Task>
<objects.Task>
  <id>9</id>
  <Description>Task#9</Description>
  <type>T</type>
  <type__id>1</type__id>
  <priority>2</priority>
  <resId>0</resId>
  <serviceTime>76</serviceTime>
  <node>
    <id>9</id>
    <latitude>0.0</latitude>
    <longitude>32.0</longitude>
  </node>
  <region>1</region>
  <timeint>
    <startTime>681</startTime>
    <endTime>1084</endTime>
  </timeint>
  <capacity>2.0</capacity>
</objects.Task>
<objects.Task>
  <id>10</id>
  <Description>Task#10</Description>
  <type>T</type>
  <type__id>1</type__id>
  <priority>4</priority>
  <resId>0</resId>
  <serviceTime>88</serviceTime>
  <node>
    <id>10</id>
    <latitude>32.0</latitude>
    <longitude>32.0</longitude>
  </node>
  <region>1</region>
  <timeint>
    <startTime>637</startTime>
    <endTime>1124</endTime>
  </timeint>
  <capacity>3.0</capacity>
</objects.Task>
<objects.Task>
  <id>11</id>
  <Description>Task#11</Description>
  <type>T</type>
  <type__id>1</type__id>
  <priority>4</priority>
  <resId>0</resId>
  <serviceTime>45</serviceTime>
  <node>
    <id>11</id>
    <latitude>0.0</latitude>
    <longitude>0.0</longitude>
  </node>
  <region>1</region>
  <timeint>
    <startTime>613</startTime>
    <endTime>974</endTime>
  </timeint>
  <capacity>3.0</capacity>
</objects.Task>
<objects.Task>
  <id>12</id>
  <Description>Task#12</Description>
  <type>T</type>
  <type__id>1</type__id>
  <priority>1</priority>
  <resId>0</resId>
  <serviceTime>75</serviceTime>
  <node>
    <id>12</id>
    <latitude>32.0</latitude>
    <longitude>32.0</longitude>
  </node>
  <region>1</region>
  <timeint>
    <startTime>533</startTime>
    <endTime>878</endTime>
  </timeint>
  <capacity>7.0</capacity>
</objects.Task>
<objects.Task>
  <id>13</id>
  <Description>Task#13</Description>
  <type>T</type>
  <type__id>1</type__id>
  <priority>2</priority>
  <resId>0</resId>
  <serviceTime>78</serviceTime>
  <node>
    <id>13</id>
    <latitude>32.0</latitude>
    <longitude>0.0</longitude>
  </node>
  <region>1</region>
  <timeint>
    <startTime>527</startTime>
    <endTime>812</endTime>
  </timeint>
  <capacity>1.0</capacity>
</objects.Task>
<objects.Task>
  <id>14</id>
  <Description>Task#14</Description>
  <type>T</type>
  <type__id>1</type__id>
  <priority>1</priority>
  <resId>0</resId>
  <serviceTime>72</serviceTime>
  <node>
    <id>14</id>
    <latitude>0.0</latitude>
    <longitude>0.0</longitude>
  </node>
  <region>1</region>
  <timeint>
    <startTime>601</startTime>
    <endTime>866</endTime>
  </timeint>
  <capacity>1.0</capacity>
</objects.Task>
<objects.Task>
  <id>15</id>
  <Description>Task#15</Description>
  <type>T</type>
  <type__id>1</type__id>
  <priority>2</priority>
  <resId>0</resId>
  <serviceTime>45</serviceTime>
  <node>
    <id>15</id>
    <latitude>0.0</latitude>
    <longitude>0.0</longitude>
  </node>
  <region>1</region>
  <timeint>
    <startTime>646</startTime>
    <endTime>985</endTime>
  </timeint>
  <capacity>7.0</capacity>
</objects.Task>
<objects.Task>
  <id>16</id>
  <Description>Task#16</Description>
  <type>T</type>
  <type__id>1</type__id>
  <priority>4</priority>
  <resId>0</resId>
  <serviceTime>55</serviceTime>
  <node>
    <id>16</id>
    <latitude>32.0</latitude>
    <longitude>0.0</longitude>
  </node>
  <region>1</region>
  <timeint>
    <startTime>488</startTime>
    <endTime>936</endTime>
  </timeint>
  <capacity>0.0</capacity>
</objects.Task>
<objects.Task>
  <id>17</id>
  <Description>Task#17</Description>
  <type>T</type>
  <type__id>1</type__id>
  <priority>4</priority>
  <resId>0</resId>
  <serviceTime>86</serviceTime>
  <node>
    <id>17</id>
    <latitude>0.0</latitude>
    <longitude>0.0</longitude>
  </node>
  <region>1</region>
  <timeint>
    <startTime>608</startTime>
    <endTime>980</endTime>
  </timeint>
  <capacity>7.0</capacity>
</objects.Task>
<objects.Task>
  <id>18</id>
  <Description>Task#18</Description>
  <type>T</type>
  <type__id>1</type__id>
  <priority>1</priority>
  <resId>0</resId>
  <serviceTime>55</serviceTime>
  <node>
    <id>18</id>
    <latitude>0.0</latitude>
    <longitude>32.0</longitude>
  </node>
  <region>1</region>
  <timeint>
    <startTime>672</startTime>
    <endTime>1153</endTime>
  </timeint>
  <capacity>1.0</capacity>
</objects.Task>
<objects.Task>
  <id>19</id>
  <Description>Task#19</Description>
  <type>T</type>
  <type__id>1</type__id>
  <priority>3</priority>
  <resId>0</resId>
  <serviceTime>61</serviceTime>
  <node>
    <id>19</id>
    <latitude>32.0</latitude>
    <longitude>0.0</longitude>
  </node>
  <region>1</region>
  <timeint>
    <startTime>635</startTime>
    <endTime>1226</endTime>
  </timeint>
  <capacity>7.0</capacity>
</objects.Task>
<objects.Task>
  <id>20</id>
  <Description>Task#20</Description>
  <type>T</type>
  <type__id>1</type__id>
  <priority>3</priority>
  <resId>0</resId>
  <serviceTime>54</serviceTime>
  <node>
    <id>20</id>
    <latitude>32.0</latitude>
    <longitude>32.0</longitude>
  </node>
  <region>1</region>
  <timeint>
    <startTime>595</startTime>
    <endTime>953</endTime>
  </timeint>
  <capacity>0.0</capacity>
</objects.Task>
<objects.Task>
  <id>21</id>
  <Description>Task#21</Description>
  <type>T</type>
  <type__id>1</type__id>
  <priority>3</priority>
  <resId>0</resId>
  <serviceTime>31</serviceTime>
  <node>
    <id>21</id>
    <latitude>32.0</latitude>
    <longitude>32.0</longitude>
  </node>
  <region>1</region>
  <timeint>
    <startTime>588</startTime>
    <endTime>1148</endTime>
  </timeint>
  <capacity>1.0</capacity>
</objects.Task>
<objects.Task>
  <id>22</id>
  <Description>Task#22</Description>
  <type>T</type>
  <type__id>1</type__id>
  <priority>1</priority>
  <resId>0</resId>
  <serviceTime>39</serviceTime>
  <node>
    <id>22</id>
    <latitude>0.0</latitude>
    <longitude>32.0</longitude>
  </node>
  <region>1</region>
  <timeint>
    <startTime>515</startTime>
    <endTime>1036</endTime>
  </timeint>
  <capacity>7.0</capacity>
</objects.Task>
<objects.Task>
  <id>23</id>
  <Description>Task#23</Description>
  <type>T</type>
  <type__id>1</type__id>
  <priority>2</priority>
  <resId>0</resId>
  <serviceTime>83</serviceTime>
  <node>
    <id>23</id>
    <latitude>0.0</latitude>
    <longitude>32.0</longitude>
  </node>
  <region>1</region>
  <timeint>
    <startTime>619</startTime>
    <endTime>1062</endTime>
  </timeint>
  <capacity>9.0</capacity>
</objects.Task>
<objects.Task>
  <id>24</id>
  <Description>Task#24</Description>
  <type>T</type>
  <type__id>1</type__id>
  <priority>2</priority>
  <resId>0</resId>
  <serviceTime>52</serviceTime>
  <node>
    <id>24</id>
    <latitude>0.0</latitude>
    <longitude>0.0</longitude>
  </node>
  <region>1</region>
  <timeint>
    <startTime>714</startTime>
    <endTime>995</endTime>
  </timeint>
  <capacity>3.0</capacity>
</objects.Task>
<objects.Task>
  <id>25</id>
  <Description>Task#25</Description>
  <type>T</type>
  <type__id>1</type__id>
  <priority>2</priority>
  <resId>0</resId>
  <serviceTime>58</serviceTime>
  <node>
    <id>25</id>
    <latitude>0.0</latitude>
    <longitude>32.0</longitude>
  </node>
  <region>1</region>
  <timeint>
    <startTime>618</startTime>
    <endTime>1154</endTime>
  </timeint>
  <capacity>6.0</capacity>
</objects.Task>
<objects.Task>
  <id>26</id>
  <Description>Task#26</Description>
  <type>T</type>
  <type__id>1</type__id>
  <priority>4</priority>
  <resId>0</resId>
  <serviceTime>74</serviceTime>
  <node>
    <id>26</id>
    <latitude>32.0</latitude>
    <longitude>32.0</longitude>
  </node>
  <region>1</region>
  <timeint>
    <startTime>658</startTime>
    <endTime>908</endTime>
  </timeint>
  <capacity>3.0</capacity>
</objects.Task>
<objects.Task>
  <id>27</id>
  <Description>Task#27</Description>
  <type>T</type>
  <type__id>1</type__id>
  <priority>2</priority>
  <resId>0</resId>
  <serviceTime>73</serviceTime>
  <node>
    <id>27</id>
    <latitude>32.0</latitude>
    <longitude>32.0</longitude>
  </node>
  <region>1</region>
  <timeint>
    <startTime>642</startTime>
    <endTime>1041</endTime>
  </timeint>
  <capacity>6.0</capacity>
</objects.Task>
<objects.Task>
  <id>28</id>
  <Description>Task#28</Description>
  <type>T</type>
  <type__id>1</type__id>
  <priority>4</priority>
  <resId>0</resId>
  <serviceTime>66</serviceTime>
  <node>
    <id>28</id>
    <latitude>32.0</latitude>
    <longitude>32.0</longitude>
  </node>
  <region>1</region>
  <timeint>
    <startTime>494</startTime>
    <endTime>980</endTime>
  </timeint>
  <capacity>3.0</capacity>
</objects.Task>
<objects.Task>
  <id>29</id>
  <Description>Task#29</Description>
  <type>T</type>
  <type__id>1</type__id>
  <priority>1</priority>
  <resId>0</resId>
  <serviceTime>45</serviceTime>
  <node>
    <id>29</id>
    <latitude>0.0</latitude>
    <longitude>0.0</longitude>
  </node>
  <region>1</region>
  <timeint>
    <startTime>499</startTime>
    <endTime>748</endTime>
  </timeint>
  <capacity>2.0</capacity>
</objects.Task>
<objects.Task>
  <id>30</id>
  <Description>Task#30</Description>
  <type>T</type>
  <type__id>1</type__id>
  <priority>1</priority>
  <resId>0</resId>
  <serviceTime>60</serviceTime>
  <node>
    <id>30</id>
    <latitude>0.0</latitude>
    <longitude>0.0</longitude>
  </node>
  <region>1</region>
  <timeint>
    <startTime>513</startTime>
    <endTime>1067</endTime>
  </timeint>
  <capacity>9.0</capacity>
</objects.Task>
<objects.Task>
  <id>31</id>
  <Description>Task#31</Description>
  <type>T</type>
  <type__id>1</type__id>
  <priority>4</priority>
  <resId>0</resId>
  <serviceTime>35</serviceTime>
  <node>
    <id>31</id>
    <latitude>32.0</latitude>
    <longitude>32.0</longitude>
  </node>
  <region>1</region>
  <timeint>
    <startTime>695</startTime>
    <endTime>1014</endTime>
  </timeint>
  <capacity>8.0</capacity>
</objects.Task>
<objects.Task>
  <id>32</id>
  <Description>Task#32</Description>
  <type>T</type>
  <type__id>1</type__id>
  <priority>2</priority>
  <resId>0</resId>
  <serviceTime>62</serviceTime>
  <node>
    <id>32</id>
    <latitude>0.0</latitude>
    <longitude>32.0</longitude>
  </node>
  <region>1</region>
  <timeint>
    <startTime>600</startTime>
    <endTime>1182</endTime>
  </timeint>
  <capacity>3.0</capacity>
</objects.Task>
<objects.Task>
  <id>33</id>
  <Description>Task#33</Description>
  <type>T</type>
  <type__id>1</type__id>
  <priority>4</priority>
  <resId>0</resId>
  <serviceTime>47</serviceTime>
  <node>
    <id>33</id>
    <latitude>0.0</latitude>
    <longitude>32.0</longitude>
  </node>
  <region>1</region>
  <timeint>
    <startTime>559</startTime>
    <endTime>1002</endTime>
  </timeint>
  <capacity>5.0</capacity>
</objects.Task>
<objects.Task>
  <id>34</id>
  <Description>Task#34</Description>
  <type>T</type>
  <type__id>1</type__id>
  <priority>4</priority>
  <resId>0</resId>
  <serviceTime>60</serviceTime>
  <node>
    <id>34</id>
    <latitude>0.0</latitude>
    <longitude>0.0</longitude>
  </node>
  <region>1</region>
  <timeint>
    <startTime>593</startTime>
    <endTime>926</endTime>
  </timeint>
  <capacity>9.0</capacity>
</objects.Task>
<objects.Task>
  <id>35</id>
  <Description>Task#35</Description>
  <type>T</type>
  <type__id>1</type__id>
  <priority>3</priority>
  <resId>0</resId>
  <serviceTime>75</serviceTime>
  <node>
    <id>35</id>
    <latitude>0.0</latitude>
    <longitude>0.0</longitude>
  </node>
  <region>1</region>
  <timeint>
    <startTime>521</startTime>
    <endTime>852</endTime>
  </timeint>
  <capacity>9.0</capacity>
</objects.Task>
<objects.Task>
  <id>36</id>
  <Description>Task#36</Description>
  <type>T</type>
  <type__id>1</type__id>
  <priority>2</priority>
  <resId>0</resId>
  <serviceTime>57</serviceTime>
  <node>
    <id>36</id>
    <latitude>32.0</latitude>
    <longitude>32.0</longitude>
  </node>
  <region>1</region>
  <timeint>
    <startTime>632</startTime>
    <endTime>1210</endTime>
  </timeint>
  <capacity>5.0</capacity>
</objects.Task>
<objects.Task>
  <id>37</id>
  <Description>Task#37</Description>
  <type>T</type>
  <type__id>1</type__id>
  <priority>3</priority>
  <resId>0</resId>
  <serviceTime>52</serviceTime>
  <node>
    <id>37</id>
    <latitude>32.0</latitude>
    <longitude>0.0</longitude>
  </node>
  <region>1</region>
  <timeint>
    <startTime>483</startTime>
    <endTime>1068</endTime>
  </timeint>
  <capacity>1.0</capacity>
</objects.Task>
<objects.Task>
  <id>38</id>
  <Description>Task#38</Description>
  <type>T</type>
  <type__id>1</type__id>
  <priority>1</priority>
  <resId>0</resId>
  <serviceTime>45</serviceTime>
  <node>
    <id>38</id>
    <latitude>0.0</latitude>
    <longitude>0.0</longitude>
  </node>
  <region>1</region>
  <timeint>
    <startTime>550</startTime>
    <endTime>951</endTime>
  </timeint>
  <capacity>1.0</capacity>
</objects.Task>
<objects.Task>
  <id>39</id>
  <Description>Task#39</Description>
  <type>T</type>
  <type__id>1</type__id>
  <priority>3</priority>
  <resId>0</resId>
  <serviceTime>61</serviceTime>
  <node>
    <id>39</id>
    <latitude>0.0</latitude>
    <longitude>32.0</longitude>
  </node>
  <region>1</region>
  <timeint>
    <startTime>505</startTime>
    <endTime>969</endTime>
  </timeint>
  <capacity>0.0</capacity>
</objects.Task>
<objects.Task>
  <id>40</id>
  <Description>Task#40</Description>
  <type>T</type>
  <type__id>1</type__id>
  <priority>4</priority>
  <resId>0</resId>
  <serviceTime>33</serviceTime>
  <node>
    <id>40</id>
    <latitude>32.0</latitude>
    <longitude>32.0</longitude>
  </node>
  <region>1</region>
  <timeint>
    <startTime>704</startTime>
    <endTime>1118</endTime>
  </timeint>
  <capacity>3.0</capacity>
</objects.Task>
<objects.Task>
  <id>41</id>
  <Description>Task#41</Description>
  <type>T</type>
  <type__id>1</type__id>
  <priority>1</priority>
  <resId>0</resId>
  <serviceTime>42</serviceTime>
  <node>
    <id>41</id>
    <latitude>0.0</latitude>
    <longitude>32.0</longitude>
  </node>
  <region>1</region>
  <timeint>
    <startTime>515</startTime>
    <endTime>926</endTime>
  </timeint>
  <capacity>3.0</capacity>
</objects.Task>
<objects.Task>
  <id>42</id>
  <Description>Task#42</Description>
  <type>T</type>
  <type__id>1</type__id>
  <priority>2</priority>
  <resId>0</resId>
  <serviceTime>32</serviceTime>
  <node>
    <id>42</id>
    <latitude>32.0</latitude>
    <longitude>32.0</longitude>
  </node>
  <region>1</region>
  <timeint>
    <startTime>503</startTime>
    <endTime>1018</endTime>
  </timeint>
  <capacity>4.0</capacity>
</objects.Task>
<objects.Task>
  <id>43</id>
  <Description>Task#43</Description>
  <type>T</type>
  <type__id>1</type__id>
  <priority>1</priority>
  <resId>0</resId>
  <serviceTime>77</serviceTime>
  <node>
    <id>43</id>
    <latitude>32.0</latitude>
    <longitude>0.0</longitude>
  </node>
  <region>1</region>
  <timeint>
    <startTime>677</startTime>
    <endTime>1171</endTime>
  </timeint>
  <capacity>3.0</capacity>
</objects.Task>
<objects.Task>
  <id>44</id>
  <Description>Task#44</Description>
  <type>T</type>
  <type__id>1</type__id>
  <priority>4</priority>
  <resId>0</resId>
  <serviceTime>84</serviceTime>
  <node>
    <id>44</id>
    <latitude>32.0</latitude>
    <longitude>0.0</longitude>
  </node>
  <region>1</region>
  <timeint>
    <startTime>592</startTime>
    <endTime>1099</endTime>
  </timeint>
  <capacity>7.0</capacity>
</objects.Task>
<objects.Task>
  <id>45</id>
  <Description>Task#45</Description>
  <type>T</type>
  <type__id>1</type__id>
  <priority>3</priority>
  <resId>0</resId>
  <serviceTime>82</serviceTime>
  <node>
    <id>45</id>
    <latitude>0.0</latitude>
    <longitude>32.0</longitude>
  </node>
  <region>1</region>
  <timeint>
    <startTime>593</startTime>
    <endTime>1129</endTime>
  </timeint>
  <capacity>3.0</capacity>
</objects.Task>
<objects.Task>
  <id>46</id>
  <Description>Task#46</Description>
  <type>T</type>
  <type__id>1</type__id>
  <priority>4</priority>
  <resId>0</resId>
  <serviceTime>81</serviceTime>
  <node>
    <id>46</id>
    <latitude>0.0</latitude>
    <longitude>32.0</longitude>
  </node>
  <region>1</region>
  <timeint>
    <startTime>589</startTime>
    <endTime>1011</endTime>
  </timeint>
  <capacity>5.0</capacity>
</objects.Task>
<objects.Task>
  <id>47</id>
  <Description>Task#47</Description>
  <type>T</type>
  <type__id>1</type__id>
  <priority>4</priority>
  <resId>0</resId>
  <serviceTime>40</serviceTime>
  <node>
    <id>47</id>
    <latitude>0.0</latitude>
    <longitude>32.0</longitude>
  </node>
  <region>1</region>
  <timeint>
    <startTime>719</startTime>
    <endTime>1318</endTime>
  </timeint>
  <capacity>2.0</capacity>
</objects.Task>
<objects.Task>
  <id>48</id>
  <Description>Task#48</Description>
  <type>T</type>
  <type__id>1</type__id>
  <priority>4</priority>
  <resId>0</resId>
  <serviceTime>35</serviceTime>
  <node>
    <id>48</id>
    <latitude>32.0</latitude>
    <longitude>0.0</longitude>
  </node>
  <region>1</region>
  <timeint>
    <startTime>654</startTime>
    <endTime>1094</endTime>
  </timeint>
  <capacity>1.0</capacity>
</objects.Task>
<objects.Task>
  <id>49</id>
  <Description>Task#49</Description>
  <type>T</type>
  <type__id>1</type__id>
  <priority>3</priority>
  <resId>0</resId>
  <serviceTime>35</serviceTime>
  <node>
    <id>49</id>
    <latitude>0.0</latitude>
    <longitude>0.0</longitude>
  </node>
  <region>1</region>
  <timeint>
    <startTime>672</startTime>
    <endTime>1091</endTime>
  </timeint>
  <capacity>5.0</capacity>
</objects.Task>
<objects.Task>
  <id>50</id>
  <Description>Task#50</Description>
  <type>T</type>
  <type__id>1</type__id>
  <priority>1</priority>
  <resId>0</resId>
  <serviceTime>68</serviceTime>
  <node>
    <id>0</id>
    <latitude>22.984807960386885</latitude>
    <longitude>18.249048809369658</longitude>
  </node>
  <region>1</region>
  <timeint>
    <startTime>637</startTime>
    <endTime>1109</endTime>
  </timeint>
  <capacity>0.0</capacity>
</objects.Task>
<objects.Task>
  <id>51</id>
  <Description>Task#51</Description>
  <type>T</type>
  <type__id>1</type__id>
  <priority>3</priority>
  <resId>0</resId>
  <serviceTime>75</serviceTime>
  <node>
    <id>1</id>
    <latitude>20.130341225958713</latitude>
    <longitude>27.175445012129003</longitude>
  </node>
  <region>1</region>
  <timeint>
    <startTime>645</startTime>
    <endTime>1061</endTime>
  </timeint>
  <capacity>3.0</capacity>
</objects.Task>
<objects.Task>
  <id>52</id>
  <Description>Task#52</Description>
  <type>T</type>
  <type__id>1</type__id>
  <priority>3</priority>
  <resId>0</resId>
  <serviceTime>72</serviceTime>
  <node>
    <id>2</id>
    <latitude>24.802426474923138</latitude>
    <longitude>10.052206241225928</longitude>
  </node>
  <region>1</region>
  <timeint>
    <startTime>576</startTime>
    <endTime>958</endTime>
  </timeint>
  <capacity>7.0</capacity>
</objects.Task>
<objects.Task>
  <id>53</id>
  <Description>Task#53</Description>
  <type>T</type>
  <type__id>1</type__id>
  <priority>3</priority>
  <resId>0</resId>
  <serviceTime>77</serviceTime>
  <node>
    <id>3</id>
    <latitude>25.579098887562083</latitude>
    <longitude>27.919652270191996</longitude>
  </node>
  <region>1</region>
  <timeint>
    <startTime>693</startTime>
    <endTime>1141</endTime>
  </timeint>
  <capacity>3.0</capacity>
</objects.Task>
<objects.Task>
  <id>54</id>
  <Description>Task#54</Description>
  <type>T</type>
  <type__id>1</type__id>
  <priority>2</priority>
  <resId>0</resId>
  <serviceTime>87</serviceTime>
  <node>
    <id>4</id>
    <latitude>14.43678416256633</latitude>
    <longitude>3.8433699517998186</longitude>
  </node>
  <region>1</region>
  <timeint>
    <startTime>574</startTime>
    <endTime>971</endTime>
  </timeint>
  <capacity>1.0</capacity>
</objects.Task>
<objects.Task>
  <id>55</id>
  <Description>Task#55</Description>
  <type>T</type>
  <type__id>1</type__id>
  <priority>1</priority>
  <resId>0</resId>
  <serviceTime>81</serviceTime>
  <node>
    <id>5</id>
    <latitude>4.947716206239399</latitude>
    <longitude>21.33447983064244</longitude>
  </node>
  <region>1</region>
  <timeint>
    <startTime>713</startTime>
    <endTime>1001</endTime>
  </timeint>
  <capacity>7.0</capacity>
</objects.Task>
<objects.Task>
  <id>56</id>
  <Description>Task#56</Description>
  <type>T</type>
  <type__id>1</type__id>
  <priority>2</priority>
  <resId>0</resId>
  <serviceTime>48</serviceTime>
  <node>
    <id>6</id>
    <latitude>2.6696679313071847</latitude>
    <longitude>30.229438200651</longitude>
  </node>
  <region>1</region>
  <timeint>
    <startTime>485</startTime>
    <endTime>737</endTime>
  </timeint>
  <capacity>8.0</capacity>
</objects.Task>
<objects.Task>
  <id>57</id>
  <Description>Task#57</Description>
  <type>T</type>
  <type__id>1</type__id>
  <priority>2</priority>
  <resId>0</resId>
  <serviceTime>86</serviceTime>
  <node>
    <id>7</id>
    <latitude>29.064333712065846</latitude>
    <longitude>16.75073133652801</longitude>
  </node>
  <region>1</region>
  <timeint>
    <startTime>518</startTime>
    <endTime>931</endTime>
  </timeint>
  <capacity>4.0</capacity>
</objects.Task>
<objects.Task>
  <id>58</id>
  <Description>Task#58</Description>
  <type>T</type>
  <type__id>1</type__id>
  <priority>1</priority>
  <resId>0</resId>
  <serviceTime>44</serviceTime>
  <node>
    <id>8</id>
    <latitude>29.04519867530212</latitude>
    <longitude>20.908721045976286</longitude>
  </node>
  <region>1</region>
  <timeint>
    <startTime>568</startTime>
    <endTime>1153</endTime>
  </timeint>
  <capacity>5.0</capacity>
</objects.Task>
<objects.Task>
  <id>59</id>
  <Description>Task#59</Description>
  <type>T</type>
  <type__id>1</type__id>
  <priority>2</priority>
  <resId>0</resId>
  <serviceTime>46</serviceTime>
  <node>
    <id>9</id>
    <latitude>30.692823982917933</latitude>
    <longitude>15.212872515182294</longitude>
  </node>
  <region>1</region>
  <timeint>
    <startTime>573</startTime>
    <endTime>1054</endTime>
  </timeint>
  <capacity>2.0</capacity>
</objects.Task>
<objects.Task>
  <id>60</id>
  <Description>Task#60</Description>
  <type>T</type>
  <type__id>1</type__id>
  <priority>4</priority>
  <resId>0</resId>
  <serviceTime>87</serviceTime>
  <node>
    <id>10</id>
    <latitude>10.920897675644934</latitude>
    <longitude>13.85742298474041</longitude>
  </node>
  <region>1</region>
  <timeint>
    <startTime>656</startTime>
    <endTime>1229</endTime>
  </timeint>
  <capacity>1.0</capacity>
</objects.Task>
<objects.Task>
  <id>61</id>
  <Description>Task#61</Description>
  <type>T</type>
  <type__id>1</type__id>
  <priority>3</priority>
  <resId>0</resId>
  <serviceTime>45</serviceTime>
  <node>
    <id>11</id>
    <latitude>1.1044202081515735</latitude>
    <longitude>13.049624070436387</longitude>
  </node>
  <region>1</region>
  <timeint>
    <startTime>674</startTime>
    <endTime>1089</endTime>
  </timeint>
  <capacity>2.0</capacity>
</objects.Task>
<objects.Task>
  <id>62</id>
  <Description>Task#62</Description>
  <type>T</type>
  <type__id>1</type__id>
  <priority>1</priority>
  <resId>0</resId>
  <serviceTime>68</serviceTime>
  <node>
    <id>12</id>
    <latitude>23.391563611448387</latitude>
    <longitude>27.457005968806353</longitude>
  </node>
  <region>1</region>
  <timeint>
    <startTime>506</startTime>
    <endTime>1093</endTime>
  </timeint>
  <capacity>5.0</capacity>
</objects.Task>
<objects.Task>
  <id>63</id>
  <Description>Task#63</Description>
  <type>T</type>
  <type__id>1</type__id>
  <priority>3</priority>
  <resId>0</resId>
  <serviceTime>73</serviceTime>
  <node>
    <id>13</id>
    <latitude>10.020220642912548</latitude>
    <longitude>25.422757645297786</longitude>
  </node>
  <region>1</region>
  <timeint>
    <startTime>715</startTime>
    <endTime>1170</endTime>
  </timeint>
  <capacity>5.0</capacity>
</objects.Task>
<objects.Task>
  <id>64</id>
  <Description>Task#64</Description>
  <type>T</type>
  <type__id>1</type__id>
  <priority>2</priority>
  <resId>0</resId>
  <serviceTime>88</serviceTime>
  <node>
    <id>14</id>
    <latitude>3.4217664629338636</latitude>
    <longitude>12.517890752121996</longitude>
  </node>
  <region>1</region>
  <timeint>
    <startTime>609</startTime>
    <endTime>1012</endTime>
  </timeint>
  <capacity>3.0</capacity>
</objects.Task>
<objects.Task>
  <id>65</id>
  <Description>Task#65</Description>
  <type>T</type>
  <type__id>1</type__id>
  <priority>4</priority>
  <resId>0</resId>
  <serviceTime>58</serviceTime>
  <node>
    <id>15</id>
    <latitude>9.22174770749342</latitude>
    <longitude>18.954580852245872</longitude>
  </node>
  <region>1</region>
  <timeint>
    <startTime>638</startTime>
    <endTime>1132</endTime>
  </timeint>
  <capacity>5.0</capacity>
</objects.Task>
<objects.Task>
  <id>66</id>
  <Description>Task#66</Description>
  <type>T</type>
  <type__id>1</type__id>
  <priority>1</priority>
  <resId>0</resId>
  <serviceTime>47</serviceTime>
  <node>
    <id>16</id>
    <latitude>15.388613331412405</latitude>
    <longitude>28.523438727975147</longitude>
  </node>
  <region>1</region>
  <timeint>
    <startTime>511</startTime>
    <endTime>797</endTime>
  </timeint>
  <capacity>9.0</capacity>
</objects.Task>
<objects.Task>
  <id>67</id>
  <Description>Task#67</Description>
  <type>T</type>
  <type__id>1</type__id>
  <priority>4</priority>
  <resId>0</resId>
  <serviceTime>49</serviceTime>
  <node>
    <id>17</id>
    <latitude>11.773580647343284</latitude>
    <longitude>4.567076350100965</longitude>
  </node>
  <region>1</region>
  <timeint>
    <startTime>706</startTime>
    <endTime>1160</endTime>
  </timeint>
  <capacity>9.0</capacity>
</objects.Task>
<objects.Task>
  <id>68</id>
  <Description>Task#68</Description>
  <type>T</type>
  <type__id>1</type__id>
  <priority>2</priority>
  <resId>0</resId>
  <serviceTime>51</serviceTime>
  <node>
    <id>18</id>
    <latitude>2.8581350047574823</latitude>
    <longitude>7.3770838136877686</longitude>
  </node>
  <region>1</region>
  <timeint>
    <startTime>559</startTime>
    <endTime>1052</endTime>
  </timeint>
  <capacity>4.0</capacity>
</objects.Task>
<objects.Task>
  <id>69</id>
  <Description>Task#69</Description>
  <type>T</type>
  <type__id>1</type__id>
  <priority>4</priority>
  <resId>0</resId>
  <serviceTime>51</serviceTime>
  <node>
    <id>19</id>
    <latitude>26.886817854507022</latitude>
    <longitude>26.194821903128133</longitude>
  </node>
  <region>1</region>
  <timeint>
    <startTime>596</startTime>
    <endTime>948</endTime>
  </timeint>
  <capacity>9.0</capacity>
</objects.Task>
<objects.Task>
  <id>70</id>
  <Description>Task#70</Description>
  <type>T</type>
  <type__id>1</type__id>
  <priority>1</priority>
  <resId>0</resId>
  <serviceTime>86</serviceTime>
  <node>
    <id>20</id>
    <latitude>12.744573446501587</latitude>
    <longitude>3.064709848812683</longitude>
  </node>
  <region>1</region>
  <timeint>
    <startTime>487</startTime>
    <endTime>1072</endTime>
  </timeint>
  <capacity>5.0</capacity>
</objects.Task>
<objects.Task>
  <id>71</id>
  <Description>Task#71</Description>
  <type>T</type>
  <type__id>1</type__id>
  <priority>2</priority>
  <resId>0</resId>
  <serviceTime>69</serviceTime>
  <node>
    <id>21</id>
    <latitude>25.424755597818155</latitude>
    <longitude>3.8284189565149553</longitude>
  </node>
  <region>1</region>
  <timeint>
    <startTime>508</startTime>
    <endTime>1056</endTime>
  </timeint>
  <capacity>5.0</capacity>
</objects.Task>
<objects.Task>
  <id>72</id>
  <Description>Task#72</Description>
  <type>T</type>
  <type__id>1</type__id>
  <priority>2</priority>
  <resId>0</resId>
  <serviceTime>43</serviceTime>
  <node>
    <id>22</id>
    <latitude>25.564346234082716</latitude>
    <longitude>13.329151667286371</longitude>
  </node>
  <region>1</region>
  <timeint>
    <startTime>600</startTime>
    <endTime>865</endTime>
  </timeint>
  <capacity>7.0</capacity>
</objects.Task>
<objects.Task>
  <id>73</id>
  <Description>Task#73</Description>
  <type>T</type>
  <type__id>1</type__id>
  <priority>3</priority>
  <resId>0</resId>
  <serviceTime>41</serviceTime>
  <node>
    <id>23</id>
    <latitude>18.61427917046167</latitude>
    <longitude>13.204857556910703</longitude>
  </node>
  <region>1</region>
  <timeint>
    <startTime>512</startTime>
    <endTime>924</endTime>
  </timeint>
  <capacity>3.0</capacity>
</objects.Task>
<objects.Task>
  <id>74</id>
  <Description>Task#74</Description>
  <type>T</type>
  <type__id>1</type__id>
  <priority>3</priority>
  <resId>0</resId>
  <serviceTime>64</serviceTime>
  <node>
    <id>24</id>
    <latitude>16.44045687484213</latitude>
    <longitude>21.113570431655084</longitude>
  </node>
  <region>1</region>
  <timeint>
    <startTime>508</startTime>
    <endTime>926</endTime>
  </timeint>
  <capacity>5.0</capacity>
</objects.Task>
<objects.Task>
  <id>75</id>
  <Description>Task#75</Description>
  <type>T</type>
  <type__id>1</type__id>
  <priority>4</priority>
  <resId>0</resId>
  <serviceTime>32</serviceTime>
  <node>
    <id>25</id>
    <latitude>12.302357262142547</latitude>
    <longitude>6.792151961263375</longitude>
  </node>
  <region>1</region>
  <timeint>
    <startTime>538</startTime>
    <endTime>832</endTime>
  </timeint>
  <capacity>8.0</capacity>
</objects.Task>
<objects.Task>
  <id>76</id>
  <Description>Task#76</Description>
  <type>T</type>
  <type__id>1</type__id>
  <priority>2</priority>
  <resId>0</resId>
  <serviceTime>87</serviceTime>
  <node>
    <id>26</id>
    <latitude>19.923571810599434</latitude>
    <longitude>19.27483326905241</longitude>
  </node>
  <region>1</region>
  <timeint>
    <startTime>710</startTime>
    <endTime>1182</endTime>
  </timeint>
  <capacity>5.0</capacity>
</objects.Task>
<objects.Task>
  <id>77</id>
  <Description>Task#77</Description>
  <type>T</type>
  <type__id>1</type__id>
  <priority>3</priority>
  <resId>0</resId>
  <serviceTime>50</serviceTime>
  <node>
    <id>27</id>
    <latitude>20.691700183444212</latitude>
    <longitude>22.938401121424068</longitude>
  </node>
  <region>1</region>
  <timeint>
    <startTime>548</startTime>
    <endTime>1070</endTime>
  </timeint>
  <capacity>0.0</capacity>
</objects.Task>
<objects.Task>
  <id>78</id>
  <Description>Task#78</Description>
  <type>T</type>
  <type__id>1</type__id>
  <priority>4</priority>
  <resId>0</resId>
  <serviceTime>31</serviceTime>
  <node>
    <id>28</id>
    <latitude>20.932076929405465</latitude>
    <longitude>23.988355622696275</longitude>
  </node>
  <region>1</region>
  <timeint>
    <startTime>710</startTime>
    <endTime>1203</endTime>
  </timeint>
  <capacity>8.0</capacity>
</objects.Task>
<objects.Task>
  <id>79</id>
  <Description>Task#79</Description>
  <type>T</type>
  <type__id>1</type__id>
  <priority>1</priority>
  <resId>0</resId>
  <serviceTime>76</serviceTime>
  <node>
    <id>29</id>
    <latitude>11.299564672117327</latitude>
    <longitude>12.95419234941286</longitude>
  </node>
  <region>1</region>
  <timeint>
    <startTime>624</startTime>
    <endTime>951</endTime>
  </timeint>
  <capacity>6.0</capacity>
</objects.Task>
<objects.Task>
  <id>80</id>
  <Description>Task#80</Description>
  <type>T</type>
  <type__id>1</type__id>
  <priority>3</priority>
  <resId>0</resId>
  <serviceTime>36</serviceTime>
  <node>
    <id>30</id>
    <latitude>7.280696073866562</latitude>
    <longitude>30.239539775852947</longitude>
  </node>
  <region>1</region>
  <timeint>
    <startTime>716</startTime>
    <endTime>1304</endTime>
  </timeint>
  <capacity>0.0</capacity>
</objects.Task>
<objects.Task>
  <id>81</id>
  <Description>Task#81</Description>
  <type>T</type>
  <type__id>1</type__id>
  <priority>2</priority>
  <resId>0</resId>
  <serviceTime>84</serviceTime>
  <node>
    <id>31</id>
    <latitude>29.46190521714983</latitude>
    <longitude>7.458460732406255</longitude>
  </node>
  <region>1</region>
  <timeint>
    <startTime>710</startTime>
    <endTime>1008</endTime>
  </timeint>
  <capacity>8.0</capacity>
</objects.Task>
<objects.Task>
  <id>82</id>
  <Description>Task#82</Description>
  <type>T</type>
  <type__id>1</type__id>
  <priority>2</priority>
  <resId>0</resId>
  <serviceTime>31</serviceTime>
  <node>
    <id>32</id>
    <latitude>5.225892588177061</latitude>
    <longitude>11.874529196464806</longitude>
  </node>
  <region>1</region>
  <timeint>
    <startTime>633</startTime>
    <endTime>1034</endTime>
  </timeint>
  <capacity>1.0</capacity>
</objects.Task>
<objects.Task>
  <id>83</id>
  <Description>Task#83</Description>
  <type>T</type>
  <type__id>1</type__id>
  <priority>1</priority>
  <resId>0</resId>
  <serviceTime>41</serviceTime>
  <node>
    <id>33</id>
    <latitude>1.5641598609530938</latitude>
    <longitude>6.311025001860923</longitude>
  </node>
  <region>1</region>
  <timeint>
    <startTime>677</startTime>
    <endTime>967</endTime>
  </timeint>
  <capacity>0.0</capacity>
</objects.Task>
<objects.Task>
  <id>84</id>
  <Description>Task#84</Description>
  <type>T</type>
  <type__id>1</type__id>
  <priority>1</priority>
  <resId>0</resId>
  <serviceTime>41</serviceTime>
  <node>
    <id>34</id>
    <latitude>8.648635812664384</latitude>
    <longitude>27.64110260345278</longitude>
  </node>
  <region>1</region>
  <timeint>
    <startTime>641</startTime>
    <endTime>921</endTime>
  </timeint>
  <capacity>2.0</capacity>
</objects.Task>
<objects.Task>
  <id>85</id>
  <Description>Task#85</Description>
  <type>T</type>
  <type__id>1</type__id>
  <priority>4</priority>
  <resId>0</resId>
  <serviceTime>74</serviceTime>
  <node>
    <id>35</id>
    <latitude>15.358769754919262</latitude>
    <longitude>5.602069466763378</longitude>
  </node>
  <region>1</region>
  <timeint>
    <startTime>499</startTime>
    <endTime>930</endTime>
  </timeint>
  <capacity>2.0</capacity>
</objects.Task>
<objects.Task>
  <id>86</id>
  <Description>Task#86</Description>
  <type>T</type>
  <type__id>1</type__id>
  <priority>4</priority>
  <resId>0</resId>
  <serviceTime>39</serviceTime>
  <node>
    <id>36</id>
    <latitude>2.4065414776924996</latitude>
    <longitude>27.547823147437725</longitude>
  </node>
  <region>1</region>
  <timeint>
    <startTime>697</startTime>
    <endTime>1262</endTime>
  </timeint>
  <capacity>3.0</capacity>
</objects.Task>
<objects.Task>
  <id>87</id>
  <Description>Task#87</Description>
  <type>T</type>
  <type__id>1</type__id>
  <priority>1</priority>
  <resId>0</resId>
  <serviceTime>30</serviceTime>
  <node>
    <id>37</id>
    <latitude>21.776882975521094</latitude>
    <longitude>5.033086160898314</longitude>
  </node>
  <region>1</region>
  <timeint>
    <startTime>607</startTime>
    <endTime>1011</endTime>
  </timeint>
  <capacity>0.0</capacity>
</objects.Task>
<objects.Task>
  <id>88</id>
  <Description>Task#88</Description>
  <type>T</type>
  <type__id>1</type__id>
  <priority>3</priority>
  <resId>0</resId>
  <serviceTime>81</serviceTime>
  <node>
    <id>38</id>
    <latitude>5.425139222240922</latitude>
    <longitude>29.727076217980358</longitude>
  </node>
  <region>1</region>
  <timeint>
    <startTime>712</startTime>
    <endTime>1018</endTime>
  </timeint>
  <capacity>0.0</capacity>
</objects.Task>
<objects.Task>
  <id>89</id>
  <Description>Task#89</Description>
  <type>T</type>
  <type__id>1</type__id>
  <priority>2</priority>
  <resId>0</resId>
  <serviceTime>80</serviceTime>
  <node>
    <id>39</id>
    <latitude>27.974860336278102</latitude>
    <longitude>21.977756083152663</longitude>
  </node>
  <region>1</region>
  <timeint>
    <startTime>656</startTime>
    <endTime>1131</endTime>
  </timeint>
  <capacity>3.0</capacity>
</objects.Task>
<objects.Task>
  <id>90</id>
  <Description>Task#90</Description>
  <type>T</type>
  <type__id>1</type__id>
  <priority>4</priority>
  <resId>0</resId>
  <serviceTime>53</serviceTime>
  <node>
    <id>40</id>
    <latitude>14.085714395278213</latitude>
    <longitude>3.006216214666935</longitude>
  </node>
  <region>1</region>
  <timeint>
    <startTime>613</startTime>
    <endTime>969</endTime>
  </timeint>
  <capacity>1.0</capacity>
</objects.Task>
<objects.Task>
  <id>91</id>
  <Description>Task#91</Description>
  <type>T</type>
  <type__id>1</type__id>
  <priority>2</priority>
  <resId>0</resId>
  <serviceTime>48</serviceTime>
  <node>
    <id>41</id>
    <latitude>7.187355117523058</latitude>
    <longitude>28.871468385623434</longitude>
  </node>
  <region>1</region>
  <timeint>
    <startTime>695</startTime>
    <endTime>1051</endTime>
  </timeint>
  <capacity>1.0</capacity>
</objects.Task>
<objects.Task>
  <id>92</id>
  <Description>Task#92</Description>
  <type>T</type>
  <type__id>1</type__id>
  <priority>4</priority>
  <resId>0</resId>
  <serviceTime>88</serviceTime>
  <node>
    <id>42</id>
    <latitude>21.753629779289078</latitude>
    <longitude>1.9679746275766554</longitude>
  </node>
  <region>1</region>
  <timeint>
    <startTime>592</startTime>
    <endTime>935</endTime>
  </timeint>
  <capacity>2.0</capacity>
</objects.Task>
<objects.Task>
  <id>93</id>
  <Description>Task#93</Description>
  <type>T</type>
  <type__id>1</type__id>
  <priority>3</priority>
  <resId>0</resId>
  <serviceTime>86</serviceTime>
  <node>
    <id>43</id>
    <latitude>10.486676606977255</latitude>
    <longitude>3.7934736552472543</longitude>
  </node>
  <region>1</region>
  <timeint>
    <startTime>541</startTime>
    <endTime>955</endTime>
  </timeint>
  <capacity>6.0</capacity>
</objects.Task>
<objects.Task>
  <id>94</id>
  <Description>Task#94</Description>
  <type>T</type>
  <type__id>1</type__id>
  <priority>4</priority>
  <resId>0</resId>
  <serviceTime>53</serviceTime>
  <node>
    <id>44</id>
    <latitude>2.7476330551589</latitude>
    <longitude>17.481547565711278</longitude>
  </node>
  <region>1</region>
  <timeint>
    <startTime>661</startTime>
    <endTime>1018</endTime>
  </timeint>
  <capacity>5.0</capacity>
</objects.Task>
<objects.Task>
  <id>95</id>
  <Description>Task#95</Description>
  <type>T</type>
  <type__id>1</type__id>
  <priority>1</priority>
  <resId>0</resId>
  <serviceTime>86</serviceTime>
  <node>
    <id>45</id>
    <latitude>22.217675770179422</latitude>
    <longitude>27.27010757856767</longitude>
  </node>
  <region>1</region>
  <timeint>
    <startTime>696</startTime>
    <endTime>1231</endTime>
  </timeint>
  <capacity>1.0</capacity>
</objects.Task>
<objects.Task>
  <id>96</id>
  <Description>Task#96</Description>
  <type>T</type>
  <type__id>1</type__id>
  <priority>3</priority>
  <resId>0</resId>
  <serviceTime>36</serviceTime>
  <node>
    <id>46</id>
    <latitude>24.414846964882443</latitude>
    <longitude>1.2856851003039012</longitude>
  </node>
  <region>1</region>
  <timeint>
    <startTime>642</startTime>
    <endTime>974</endTime>
  </timeint>
  <capacity>0.0</capacity>
</objects.Task>
<objects.Task>
  <id>97</id>
  <Description>Task#97</Description>
  <type>T</type>
  <type__id>1</type__id>
  <priority>3</priority>
  <resId>0</resId>
  <serviceTime>30</serviceTime>
  <node>
    <id>47</id>
    <latitude>25.045045352232602</latitude>
    <longitude>28.41480717758201</longitude>
  </node>
  <region>1</region>
  <timeint>
    <startTime>506</startTime>
    <endTime>983</endTime>
  </timeint>
  <capacity>6.0</capacity>
</objects.Task>
<objects.Task>
  <id>98</id>
  <Description>Task#98</Description>
  <type>T</type>
  <type__id>1</type__id>
  <priority>2</priority>
  <resId>0</resId>
  <serviceTime>89</serviceTime>
  <node>
    <id>48</id>
    <latitude>18.101325835395716</latitude>
    <longitude>9.446150453447167</longitude>
  </node>
  <region>1</region>
  <timeint>
    <startTime>653</startTime>
    <endTime>1050</endTime>
  </timeint>
  <capacity>5.0</capacity>
</objects.Task>
<objects.Task>
  <id>99</id>
  <Description>Task#99</Description>
  <type>T</type>
  <type__id>1</type__id>
  <priority>1</priority>
  <resId>0</resId>
  <serviceTime>80</serviceTime>
  <node>
    <id>49</id>
    <latitude>6.313328256221098</latitude>
    <longitude>8.272372771044548</longitude>
  </node>
  <region>1</region>
  <timeint>
    <startTime>688</startTime>
    <endTime>1058</endTime>
  </timeint>
  <capacity>6.0</capacity>
</objects.Task>
<objects.Resource>
  <id>1</id>
  <description>Technician1</description>
  <region>1</region>
  <availability>
    <startTime>619</startTime>
    <endTime>1119</endTime>
  </availability>
  <breakTime>
    <startTime>984</startTime>
    <endTime>1453</endTime>
  </breakTime>
  <origin>
    <id>101</id>
    <latitude>15.98932073756949</latitude>
    <longitude>14.42555620051818</longitude>
  </origin>
  <destination>
    <id>101</id>
    <latitude>15.98932073756949</latitude>
    <longitude>14.42555620051818</longitude>
  </destination>
  <capacity>0.0</capacity>
  <skill>0</skill>
</objects.Resource>
<objects.Resource>
  <id>2</id>
  <description>Technician2</description>
  <region>1</region>
  <availability>
    <startTime>568</startTime>
    <endTime>1164</endTime>
  </availability>
  <breakTime>
    <startTime>823</startTime>
    <endTime>920</endTime>
  </breakTime>
  <origin>
    <id>103</id>
    <latitude>16.524132480281285</latitude>
    <longitude>16.646029017377217</longitude>
  </origin>
  <destination>
    <id>103</id>
    <latitude>16.524132480281285</latitude>
    <longitude>16.646029017377217</longitude>
  </destination>
  <capacity>0.0</capacity>
  <skill>9</skill>
</objects.Resource>
<objects.Resource>
  <id>3</id>
  <description>Technician3</description>
  <region>1</region>
  <availability>
    <startTime>620</startTime>
    <endTime>1177</endTime>
  </availability>
  <breakTime>
    <startTime>1079</startTime>
    <endTime>1244</endTime>
  </breakTime>
  <origin>
    <id>105</id>
    <latitude>17.822143580633302</latitude>
    <longitude>14.834650994694519</longitude>
  </origin>
  <destination>
    <id>105</id>
    <latitude>17.822143580633302</latitude>
    <longitude>14.834650994694519</longitude>
  </destination>
  <capacity>0.0</capacity>
  <skill>0</skill>
</objects.Resource>
<objects.Resource>
  <id>4</id>
  <description>Technician4</description>
  <region>1</region>
  <availability>
    <startTime>630</startTime>
    <endTime>1148</endTime>
  </availability>
  <breakTime>
    <startTime>990</startTime>
    <endTime>1061</endTime>
  </breakTime>
  <origin>
    <id>107</id>
    <latitude>15.328690030446708</latitude>
    <longitude>15.760220133549268</longitude>
  </origin>
  <destination>
    <id>107</id>
    <latitude>15.328690030446708</latitude>
    <longitude>15.760220133549268</longitude>
  </destination>
  <capacity>0.0</capacity>
  <skill>5</skill>
</objects.Resource>
<objects.Resource>
  <id>5</id>
  <description>Technician5</description>
  <region>1</region>
  <availability>
    <startTime>704</startTime>
    <endTime>1259</endTime>
  </availability>
  <breakTime>
    <startTime>1001</startTime>
    <endTime>1460</endTime>
  </breakTime>
  <origin>
    <id>109</id>
    <latitude>16.175276493147017</latitude>
    <longitude>17.393602248596977</longitude>
  </origin>
  <destination>
    <id>109</id>
    <latitude>16.175276493147017</latitude>
    <longitude>17.393602248596977</longitude>
  </destination>
  <capacity>0.0</capacity>
  <skill>2</skill>
</objects.Resource>
<objects.Resource>
  <id>6</id>
  <description>Technician6</description>
  <region>1</region>
  <availability>
    <startTime>706</startTime>
    <endTime>1301</endTime>
  </availability>
  <breakTime>
    <startTime>993</startTime>
    <endTime>1107</endTime>
  </breakTime>
  <origin>
    <id>111</id>
    <latitude>17.766256189293827</latitude>
    <longitude>15.526043458462263</longitude>
  </origin>
  <destination>
    <id>111</id>
    <latitude>17.766256189293827</latitude>
    <longitude>15.526043458462263</longitude>
  </destination>
  <capacity>0.0</capacity>
  <skill>2</skill>
</objects.Resource>
<objects.Resource>
  <id>7</id>
  <description>Technician7</description>
  <region>1</region>
  <availability>
    <startTime>694</startTime>
    <endTime>1197</endTime>
  </availability>
  <breakTime>
    <startTime>1094</startTime>
    <endTime>1362</endTime>
  </breakTime>
  <origin>
    <id>113</id>
    <latitude>14.885130757166266</latitude>
    <longitude>15.050421059900511</longitude>
  </origin>
  <destination>
    <id>113</id>
    <latitude>14.885130757166266</latitude>
    <longitude>15.050421059900511</longitude>
  </destination>
  <capacity>0.0</capacity>
  <skill>9</skill>
</objects.Resource>
<objects.Resource>
  <id>8</id>
  <description>Technician8</description>
  <region>1</region>
  <availability>
    <startTime>691</startTime>
    <endTime>1270</endTime>
  </availability>
  <breakTime>
    <startTime>1152</startTime>
    <endTime>1265</endTime>
  </breakTime>
  <origin>
    <id>115</id>
    <latitude>16.407999121959882</latitude>
    <longitude>14.170704625705293</longitude>
  </origin>
  <destination>
    <id>115</id>
    <latitude>16.407999121959882</latitude>
    <longitude>14.170704625705293</longitude>
  </destination>
  <capacity>0.0</capacity>
  <skill>6</skill>
</objects.Resource>
<objects.Resource>
  <id>9</id>
  <description>Technician9</description>
  <region>1</region>
  <availability>
    <startTime>627</startTime>
    <endTime>1208</endTime>
  </availability>
  <breakTime>
    <startTime>1011</startTime>
    <endTime>1128</endTime>
  </breakTime>
  <origin>
    <id>117</id>
    <latitude>16.571869678312652</latitude>
    <longitude>17.194500594718743</longitude>
  </origin>
  <destination>
    <id>117</id>
    <latitude>16.571869678312652</latitude>
    <longitude>17.194500594718743</longitude>
  </destination>
  <capacity>0.0</capacity>
  <skill>2</skill>
</objects.Resource>
<objects.Resource>
  <id>10</id>
  <description>Technician10</description>
  <region>1</region>
  <availability>
    <startTime>642</startTime>
    <endTime>1218</endTime>
  </availability>
  <breakTime>
    <startTime>1116</startTime>
    <endTime>1546</endTime>
  </breakTime>
  <origin>
    <id>119</id>
    <latitude>15.03663855604999</latitude>
    <longitude>16.323519362681203</longitude>
  </origin>
  <destination>
    <id>119</id>
    <latitude>15.03663855604999</latitude>
    <longitude>16.323519362681203</longitude>
  </destination>
  <capacity>0.0</capacity>
  <skill>0</skill>
</objects.Resource>
