<objects.Task>
  <id>0</id>
  <Description>Task#0</Description>
  <type>T</type>
  <type__id>1</type__id>
  <priority>1</priority>
  <resId>0</resId>
  <serviceTime>87</serviceTime>
  <node>
    <id>0</id>
    <latitude>14.25395341979853</latitude>
    <longitude>27.320016548647075</longitude>
  </node>
  <region>1</region>
  <timeint>
    <startTime>683</startTime>
    <endTime>1001</endTime>
  </timeint>
  <capacity>9.0</capacity>
</objects.Task>
<objects.Task>
  <id>1</id>
  <Description>Task#1</Description>
  <type>T</type>
  <type__id>1</type__id>
  <priority>1</priority>
  <resId>0</resId>
  <serviceTime>49</serviceTime>
  <node>
    <id>1</id>
    <latitude>13.926363718859509</latitude>
    <longitude>26.525348174742803</longitude>
  </node>
  <region>1</region>
  <timeint>
    <startTime>629</startTime>
    <endTime>876</endTime>
  </timeint>
  <capacity>9.0</capacity>
</objects.Task>
<objects.Task>
  <id>2</id>
  <Description>Task#2</Description>
  <type>T</type>
  <type__id>1</type__id>
  <priority>1</priority>
  <resId>0</resId>
  <serviceTime>78</serviceTime>
  <node>
    <id>2</id>
    <latitude>14.079686501214104</latitude>
    <longitude>26.695234933980604</longitude>
  </node>
  <region>1</region>
  <timeint>
    <startTime>516</startTime>
    <endTime>971</endTime>
  </timeint>
  <capacity>2.0</capacity>
</objects.Task>
<objects.Task>
  <id>3</id>
  <Description>Task#3</Description>
  <type>T</type>
  <type__id>1</type__id>
  <priority>3</priority>
  <resId>0</resId>
  <serviceTime>32</serviceTime>
  <node>
    <id>3</id>
    <latitude>13.103199770221595</latitude>
    <longitude>25.587853347679754</longitude>
  </node>
  <region>1</region>
  <timeint>
    <startTime>513</startTime>
    <endTime>919</endTime>
  </timeint>
  <capacity>0.0</capacity>
</objects.Task>
<objects.Task>
  <id>4</id>
  <Description>Task#4</Description>
  <type>T</type>
  <type__id>1</type__id>
  <priority>4</priority>
  <resId>0</resId>
  <serviceTime>77</serviceTime>
  <node>
    <id>4</id>
    <latitude>13.805161885902903</latitude>
    <longitude>26.657306568758447</longitude>
  </node>
  <region>1</region>
  <timeint>
    <startTime>564</startTime>
    <endTime>1022</endTime>
  </timeint>
  <capacity>6.0</capacity>
</objects.Task>
<objects.Task>
  <id>5</id>
  <Description>Task#5</Description>
  <type>T</type>
  <type__id>1</type__id>
  <priority>1</priority>
  <resId>0</resId>
  <serviceTime>37</serviceTime>
  <node>
    <id>5</id>
    <latitude>14.624748115267373</latitude>
    <longitude>26.393286815045755</longitude>
  </node>
  <region>1</region>
  <timeint>
    <startTime>675</startTime>
    <endTime>1202</endTime>
  </timeint>
  <capacity>2.0</capacity>
</objects.Task>
<objects.Task>
  <id>6</id>
  <Description>Task#6</Description>
  <type>T</type>
  <type__id>1</type__id>
  <priority>4</priority>
  <resId>0</resId>
  <serviceTime>43</serviceTime>
  <node>
    <id>6</id>
    <latitude>13.858376792155386</latitude>
    <longitude>26.566735365769645</longitude>
  </node>
  <region>1</region>
  <timeint>
    <startTime>708</startTime>
    <endTime>1212</endTime>
  </timeint>
  <capacity>0.0</capacity>
</objects.Task>
<objects.Task>
  <id>7</id>
  <Description>Task#7</Description>
  <type>T</type>
  <type__id>1</type__id>
  <priority>1</priority>
  <resId>0</resId>
  <serviceTime>39</serviceTime>
  <node>
    <id>7</id>
    <latitude>13.928883886996768</latitude>
    <longitude>26.549423976619803</longitude>
  </node>
  <region>1</region>
  <timeint>
    <startTime>655</startTime>
    <endTime>1122</endTime>
  </timeint>
  <capacity>9.0</capacity>
</objects.Task>
<objects.Task>
  <id>8</id>
  <Description>Task#8</Description>
  <type>T</type>
  <type__id>1</type__id>
  <priority>3</priority>
  <resId>0</resId>
  <serviceTime>52</serviceTime>
  <node>
    <id>8</id>
    <latitude>13.983613232394866</latitude>
    <longitude>26.53996616234918</longitude>
  </node>
  <region>1</region>
  <timeint>
    <startTime>663</startTime>
    <endTime>1137</endTime>
  </timeint>
  <capacity>5.0</capacity>
</objects.Task>
<objects.Task>
  <id>9</id>
  <Description>Task#9</Description>
  <type>T</type>
  <type__id>1</type__id>
  <priority>3</priority>
  <resId>0</resId>
  <serviceTime>86</serviceTime>
  <node>
    <id>9</id>
    <latitude>13.833667856000254</latitude>
    <longitude>26.55273267130305</longitude>
  </node>
  <region>1</region>
  <timeint>
    <startTime>542</startTime>
    <endTime>1092</endTime>
  </timeint>
  <capacity>8.0</capacity>
</objects.Task>
<objects.Task>
  <id>10</id>
  <Description>Task#10</Description>
  <type>T</type>
  <type__id>1</type__id>
  <priority>3</priority>
  <resId>0</resId>
  <serviceTime>83</serviceTime>
  <node>
    <id>10</id>
    <latitude>13.683313711802096</latitude>
    <longitude>26.6276161591796</longitude>
  </node>
  <region>1</region>
  <timeint>
    <startTime>503</startTime>
    <endTime>842</endTime>
  </timeint>
  <capacity>6.0</capacity>
</objects.Task>
<objects.Task>
  <id>11</id>
  <Description>Task#11</Description>
  <type>T</type>
  <type__id>1</type__id>
  <priority>2</priority>
  <resId>0</resId>
  <serviceTime>31</serviceTime>
  <node>
    <id>11</id>
    <latitude>13.739814346072878</latitude>
    <longitude>26.652828761042485</longitude>
  </node>
  <region>1</region>
  <timeint>
    <startTime>675</startTime>
    <endTime>928</endTime>
  </timeint>
  <capacity>7.0</capacity>
</objects.Task>
<objects.Task>
  <id>12</id>
  <Description>Task#12</Description>
  <type>T</type>
  <type__id>1</type__id>
  <priority>2</priority>
  <resId>0</resId>
  <serviceTime>54</serviceTime>
  <node>
    <id>12</id>
    <latitude>13.470124351524197</latitude>
    <longitude>26.375015430558186</longitude>
  </node>
  <region>1</region>
  <timeint>
    <startTime>547</startTime>
    <endTime>1055</endTime>
  </timeint>
  <capacity>3.0</capacity>
</objects.Task>
<objects.Task>
  <id>13</id>
  <Description>Task#13</Description>
  <type>T</type>
  <type__id>1</type__id>
  <priority>4</priority>
  <resId>0</resId>
  <serviceTime>77</serviceTime>
  <node>
    <id>13</id>
    <latitude>14.540882675284088</latitude>
    <longitude>26.170776143176425</longitude>
  </node>
  <region>1</region>
  <timeint>
    <startTime>702</startTime>
    <endTime>1224</endTime>
  </timeint>
  <capacity>9.0</capacity>
</objects.Task>
<objects.Task>
  <id>14</id>
  <Description>Task#14</Description>
  <type>T</type>
  <type__id>1</type__id>
  <priority>2</priority>
  <resId>0</resId>
  <serviceTime>72</serviceTime>
  <node>
    <id>14</id>
    <latitude>14.222420963729569</latitude>
    <longitude>26.435922924155886</longitude>
  </node>
  <region>1</region>
  <timeint>
    <startTime>622</startTime>
    <endTime>1178</endTime>
  </timeint>
  <capacity>2.0</capacity>
</objects.Task>
<objects.Task>
  <id>15</id>
  <Description>Task#15</Description>
  <type>T</type>
  <type__id>1</type__id>
  <priority>4</priority>
  <resId>0</resId>
  <serviceTime>46</serviceTime>
  <node>
    <id>15</id>
    <latitude>13.795775740627468</latitude>
    <longitude>26.348361740686435</longitude>
  </node>
  <region>1</region>
  <timeint>
    <startTime>504</startTime>
    <endTime>942</endTime>
  </timeint>
  <capacity>2.0</capacity>
</objects.Task>
<objects.Task>
  <id>16</id>
  <Description>Task#16</Description>
  <type>T</type>
  <type__id>1</type__id>
  <priority>4</priority>
  <resId>0</resId>
  <serviceTime>72</serviceTime>
  <node>
    <id>16</id>
    <latitude>12.883319394463458</latitude>
    <longitude>25.945653342882956</longitude>
  </node>
  <region>1</region>
  <timeint>
    <startTime>614</startTime>
    <endTime>1167</endTime>
  </timeint>
  <capacity>8.0</capacity>
</objects.Task>
<objects.Task>
  <id>17</id>
  <Description>Task#17</Description>
  <type>T</type>
  <type__id>1</type__id>
  <priority>4</priority>
  <resId>0</resId>
  <serviceTime>40</serviceTime>
  <node>
    <id>17</id>
    <latitude>13.440103742333052</latitude>
    <longitude>26.416115785467404</longitude>
  </node>
  <region>1</region>
  <timeint>
    <startTime>563</startTime>
    <endTime>883</endTime>
  </timeint>
  <capacity>4.0</capacity>
</objects.Task>
<objects.Task>
  <id>18</id>
  <Description>Task#18</Description>
  <type>T</type>
  <type__id>1</type__id>
  <priority>4</priority>
  <resId>0</resId>
  <serviceTime>77</serviceTime>
  <node>
    <id>18</id>
    <latitude>13.732771887042304</latitude>
    <longitude>26.620536821615353</longitude>
  </node>
  <region>1</region>
  <timeint>
    <startTime>560</startTime>
    <endTime>911</endTime>
  </timeint>
  <capacity>7.0</capacity>
</objects.Task>
<objects.Task>
  <id>19</id>
  <Description>Task#19</Description>
  <type>T</type>
  <type__id>1</type__id>
  <priority>2</priority>
  <resId>0</resId>
  <serviceTime>69</serviceTime>
  <node>
    <id>19</id>
    <latitude>13.980044171069649</latitude>
    <longitude>26.59173414032109</longitude>
  </node>
  <region>1</region>
  <timeint>
    <startTime>666</startTime>
    <endTime>1210</endTime>
  </timeint>
  <capacity>9.0</capacity>
</objects.Task>
<objects.Task>
  <id>20</id>
  <Description>Task#20</Description>
  <type>T</type>
  <type__id>1</type__id>
  <priority>2</priority>
  <resId>0</resId>
  <serviceTime>40</serviceTime>
  <node>
    <id>20</id>
    <latitude>13.504236287311578</latitude>
    <longitude>26.555552527476117</longitude>
  </node>
  <region>1</region>
  <timeint>
    <startTime>530</startTime>
    <endTime>971</endTime>
  </timeint>
  <capacity>3.0</capacity>
</objects.Task>
<objects.Task>
  <id>21</id>
  <Description>Task#21</Description>
  <type>T</type>
  <type__id>1</type__id>
  <priority>2</priority>
  <resId>0</resId>
  <serviceTime>83</serviceTime>
  <node>
    <id>21</id>
    <latitude>14.734539788932109</latitude>
    <longitude>25.916122854568876</longitude>
  </node>
  <region>1</region>
  <timeint>
    <startTime>500</startTime>
    <endTime>1020</endTime>
  </timeint>
  <capacity>0.0</capacity>
</objects.Task>
<objects.Task>
  <id>22</id>
  <Description>Task#22</Description>
  <type>T</type>
  <type__id>1</type__id>
  <priority>3</priority>
  <resId>0</resId>
  <serviceTime>59</serviceTime>
  <node>
    <id>22</id>
    <latitude>13.295608275097333</latitude>
    <longitude>26.989126282029925</longitude>
  </node>
  <region>1</region>
  <timeint>
    <startTime>592</startTime>
    <endTime>919</endTime>
  </timeint>
  <capacity>5.0</capacity>
</objects.Task>
<objects.Task>
  <id>23</id>
  <Description>Task#23</Description>
  <type>T</type>
  <type__id>1</type__id>
  <priority>4</priority>
  <resId>0</resId>
  <serviceTime>33</serviceTime>
  <node>
    <id>23</id>
    <latitude>13.796180735426637</latitude>
    <longitude>27.49546331406717</longitude>
  </node>
  <region>1</region>
  <timeint>
    <startTime>705</startTime>
    <endTime>1211</endTime>
  </timeint>
  <capacity>5.0</capacity>
</objects.Task>
<objects.Task>
  <id>24</id>
  <Description>Task#24</Description>
  <type>T</type>
  <type__id>1</type__id>
  <priority>1</priority>
  <resId>0</resId>
  <serviceTime>70</serviceTime>
  <node>
    <id>24</id>
    <latitude>13.41054794775921</latitude>
    <longitude>26.696993546949283</longitude>
  </node>
  <region>1</region>
  <timeint>
    <startTime>510</startTime>
    <endTime>933</endTime>
  </timeint>
  <capacity>8.0</capacity>
</objects.Task>
<objects.Task>
  <id>25</id>
  <Description>Task#25</Description>
  <type>T</type>
  <type__id>1</type__id>
  <priority>1</priority>
  <resId>0</resId>
  <serviceTime>47</serviceTime>
  <node>
    <id>25</id>
    <latitude>6.135251734313554</latitude>
    <longitude>17.65422122028848</longitude>
  </node>
  <region>1</region>
  <timeint>
    <startTime>641</startTime>
    <endTime>923</endTime>
  </timeint>
  <capacity>1.0</capacity>
</objects.Task>
<objects.Task>
  <id>26</id>
  <Description>Task#26</Description>
  <type>T</type>
  <type__id>1</type__id>
  <priority>1</priority>
  <resId>0</resId>
  <serviceTime>54</serviceTime>
  <node>
    <id>26</id>
    <latitude>4.101059111361795</latitude>
    <longitude>17.23306970137688</longitude>
  </node>
  <region>1</region>
  <timeint>
    <startTime>601</startTime>
    <endTime>921</endTime>
  </timeint>
  <capacity>3.0</capacity>
</objects.Task>
<objects.Task>
  <id>27</id>
  <Description>Task#27</Description>
  <type>T</type>
  <type__id>1</type__id>
  <priority>4</priority>
  <resId>0</resId>
  <serviceTime>63</serviceTime>
  <node>
    <id>27</id>
    <latitude>4.095919522403589</latitude>
    <longitude>17.457088420022078</longitude>
  </node>
  <region>1</region>
  <timeint>
    <startTime>673</startTime>
    <endTime>1254</endTime>
  </timeint>
  <capacity>8.0</capacity>
</objects.Task>
<objects.Task>
  <id>28</id>
  <Description>Task#28</Description>
  <type>T</type>
  <type__id>1</type__id>
  <priority>4</priority>
  <resId>0</resId>
  <serviceTime>45</serviceTime>
  <node>
    <id>28</id>
    <latitude>3.1977238712343983</latitude>
    <longitude>16.222652077531727</longitude>
  </node>
  <region>1</region>
  <timeint>
    <startTime>693</startTime>
    <endTime>1211</endTime>
  </timeint>
  <capacity>4.0</capacity>
</objects.Task>
<objects.Task>
  <id>29</id>
  <Description>Task#29</Description>
  <type>T</type>
  <type__id>1</type__id>
  <priority>1</priority>
  <resId>0</resId>
  <serviceTime>63</serviceTime>
  <node>
    <id>29</id>
    <latitude>4.93643003257497</latitude>
    <longitude>18.213667852801024</longitude>
  </node>
  <region>1</region>
  <timeint>
    <startTime>552</startTime>
    <endTime>960</endTime>
  </timeint>
  <capacity>3.0</capacity>
</objects.Task>
<objects.Task>
  <id>30</id>
  <Description>Task#30</Description>
  <type>T</type>
  <type__id>1</type__id>
  <priority>4</priority>
  <resId>0</resId>
  <serviceTime>39</serviceTime>
  <node>
    <id>30</id>
    <latitude>4.301411790795778</latitude>
    <longitude>17.255912929284385</longitude>
  </node>
  <region>1</region>
  <timeint>
    <startTime>568</startTime>
    <endTime>884</endTime>
  </timeint>
  <capacity>1.0</capacity>
</objects.Task>
<objects.Task>
  <id>31</id>
  <Description>Task#31</Description>
  <type>T</type>
  <type__id>1</type__id>
  <priority>2</priority>
  <resId>0</resId>
  <serviceTime>53</serviceTime>
  <node>
    <id>31</id>
    <latitude>4.283080548926975</latitude>
    <longitude>17.772288541113785</longitude>
  </node>
  <region>1</region>
  <timeint>
    <startTime>593</startTime>
    <endTime>1138</endTime>
  </timeint>
  <capacity>2.0</capacity>
</objects.Task>
<objects.Task>
  <id>32</id>
  <Description>Task#32</Description>
  <type>T</type>
  <type__id>1</type__id>
  <priority>2</priority>
  <resId>0</resId>
  <serviceTime>45</serviceTime>
  <node>
    <id>32</id>
    <latitude>4.162480523271172</latitude>
    <longitude>17.25606722385544</longitude>
  </node>
  <region>1</region>
  <timeint>
    <startTime>573</startTime>
    <endTime>1012</endTime>
  </timeint>
  <capacity>1.0</capacity>
</objects.Task>
<objects.Task>
  <id>33</id>
  <Description>Task#33</Description>
  <type>T</type>
  <type__id>1</type__id>
  <priority>1</priority>
  <resId>0</resId>
  <serviceTime>63</serviceTime>
  <node>
    <id>33</id>
    <latitude>4.3798264687086705</latitude>
    <longitude>17.159990248945082</longitude>
  </node>
  <region>1</region>
  <timeint>
    <startTime>606</startTime>
    <endTime>918</endTime>
  </timeint>
  <capacity>9.0</capacity>
</objects.Task>
<objects.Task>
  <id>34</id>
  <Description>Task#34</Description>
  <type>T</type>
  <type__id>1</type__id>
  <priority>1</priority>
  <resId>0</resId>
  <serviceTime>56</serviceTime>
  <node>
    <id>34</id>
    <latitude>5.116121864396058</latitude>
    <longitude>17.448680914953513</longitude>
  </node>
  <region>1</region>
  <timeint>
    <startTime>672</startTime>
    <endTime>917</endTime>
  </timeint>
  <capacity>3.0</capacity>
</objects.Task>
<objects.Task>
  <id>35</id>
  <Description>Task#35</Description>
  <type>T</type>
  <type__id>1</type__id>
  <priority>1</priority>
  <resId>0</resId>
  <serviceTime>62</serviceTime>
  <node>
    <id>35</id>
    <latitude>4.221893880073465</latitude>
    <longitude>17.47627409912826</longitude>
  </node>
  <region>1</region>
  <timeint>
    <startTime>493</startTime>
    <endTime>763</endTime>
  </timeint>
  <capacity>8.0</capacity>
</objects.Task>
<objects.Task>
  <id>36</id>
  <Description>Task#36</Description>
  <type>T</type>
  <type__id>1</type__id>
  <priority>3</priority>
  <resId>0</resId>
  <serviceTime>55</serviceTime>
  <node>
    <id>36</id>
    <latitude>4.201221742742921</latitude>
    <longitude>17.320784153859464</longitude>
  </node>
  <region>1</region>
  <timeint>
    <startTime>636</startTime>
    <endTime>1051</endTime>
  </timeint>
  <capacity>9.0</capacity>
</objects.Task>
<objects.Task>
  <id>37</id>
  <Description>Task#37</Description>
  <type>T</type>
  <type__id>1</type__id>
  <priority>4</priority>
  <resId>0</resId>
  <serviceTime>47</serviceTime>
  <node>
    <id>37</id>
    <latitude>4.4124786403758165</latitude>
    <longitude>17.428022716094105</longitude>
  </node>
  <region>1</region>
  <timeint>
    <startTime>537</startTime>
    <endTime>983</endTime>
  </timeint>
  <capacity>1.0</capacity>
</objects.Task>
<objects.Task>
  <id>38</id>
  <Description>Task#38</Description>
  <type>T</type>
  <type__id>1</type__id>
  <priority>2</priority>
  <resId>0</resId>
  <serviceTime>73</serviceTime>
  <node>
    <id>38</id>
    <latitude>4.405936117206704</latitude>
    <longitude>17.650969745583183</longitude>
  </node>
  <region>1</region>
  <timeint>
    <startTime>558</startTime>
    <endTime>875</endTime>
  </timeint>
  <capacity>0.0</capacity>
</objects.Task>
<objects.Task>
  <id>39</id>
  <Description>Task#39</Description>
  <type>T</type>
  <type__id>1</type__id>
  <priority>4</priority>
  <resId>0</resId>
  <serviceTime>48</serviceTime>
  <node>
    <id>39</id>
    <latitude>4.633585540886098</latitude>
    <longitude>17.610843303973084</longitude>
  </node>
  <region>1</region>
  <timeint>
    <startTime>498</startTime>
    <endTime>1070</endTime>
  </timeint>
  <capacity>7.0</capacity>
</objects.Task>
<objects.Task>
  <id>40</id>
  <Description>Task#40</Description>
  <type>T</type>
  <type__id>1</type__id>
  <priority>3</priority>
  <resId>0</resId>
  <serviceTime>47</serviceTime>
  <node>
    <id>40</id>
    <latitude>4.340729667358269</latitude>
    <longitude>17.290613446588534</longitude>
  </node>
  <region>1</region>
  <timeint>
    <startTime>693</startTime>
    <endTime>1095</endTime>
  </timeint>
  <capacity>5.0</capacity>
</objects.Task>
<objects.Task>
  <id>41</id>
  <Description>Task#41</Description>
  <type>T</type>
  <type__id>1</type__id>
  <priority>3</priority>
  <resId>0</resId>
  <serviceTime>56</serviceTime>
  <node>
    <id>41</id>
    <latitude>4.104545993621832</latitude>
    <longitude>17.390415472241628</longitude>
  </node>
  <region>1</region>
  <timeint>
    <startTime>631</startTime>
    <endTime>1039</endTime>
  </timeint>
  <capacity>0.0</capacity>
</objects.Task>
<objects.Task>
  <id>42</id>
  <Description>Task#42</Description>
  <type>T</type>
  <type__id>1</type__id>
  <priority>2</priority>
  <resId>0</resId>
  <serviceTime>85</serviceTime>
  <node>
    <id>42</id>
    <latitude>3.8423533830265493</latitude>
    <longitude>16.93855902372139</longitude>
  </node>
  <region>1</region>
  <timeint>
    <startTime>532</startTime>
    <endTime>1044</endTime>
  </timeint>
  <capacity>9.0</capacity>
</objects.Task>
<objects.Task>
  <id>43</id>
  <Description>Task#43</Description>
  <type>T</type>
  <type__id>1</type__id>
  <priority>3</priority>
  <resId>0</resId>
  <serviceTime>42</serviceTime>
  <node>
    <id>43</id>
    <latitude>3.9994723069714935</latitude>
    <longitude>17.23193511240245</longitude>
  </node>
  <region>1</region>
  <timeint>
    <startTime>640</startTime>
    <endTime>1173</endTime>
  </timeint>
  <capacity>9.0</capacity>
</objects.Task>
<objects.Task>
  <id>44</id>
  <Description>Task#44</Description>
  <type>T</type>
  <type__id>1</type__id>
  <priority>3</priority>
  <resId>0</resId>
  <serviceTime>34</serviceTime>
  <node>
    <id>44</id>
    <latitude>4.435600322346121</latitude>
    <longitude>17.24099168805805</longitude>
  </node>
  <region>1</region>
  <timeint>
    <startTime>516</startTime>
    <endTime>834</endTime>
  </timeint>
  <capacity>2.0</capacity>
</objects.Task>
<objects.Task>
  <id>45</id>
  <Description>Task#45</Description>
  <type>T</type>
  <type__id>1</type__id>
  <priority>1</priority>
  <resId>0</resId>
  <serviceTime>41</serviceTime>
  <node>
    <id>45</id>
    <latitude>4.350804380242388</latitude>
    <longitude>17.365754570121215</longitude>
  </node>
  <region>1</region>
  <timeint>
    <startTime>574</startTime>
    <endTime>982</endTime>
  </timeint>
  <capacity>3.0</capacity>
</objects.Task>
<objects.Task>
  <id>46</id>
  <Description>Task#46</Description>
  <type>T</type>
  <type__id>1</type__id>
  <priority>4</priority>
  <resId>0</resId>
  <serviceTime>52</serviceTime>
  <node>
    <id>46</id>
    <latitude>4.263453645767301</latitude>
    <longitude>17.264092783423354</longitude>
  </node>
  <region>1</region>
  <timeint>
    <startTime>701</startTime>
    <endTime>1173</endTime>
  </timeint>
  <capacity>7.0</capacity>
</objects.Task>
<objects.Task>
  <id>47</id>
  <Description>Task#47</Description>
  <type>T</type>
  <type__id>1</type__id>
  <priority>3</priority>
  <resId>0</resId>
  <serviceTime>72</serviceTime>
  <node>
    <id>47</id>
    <latitude>4.145551878536707</latitude>
    <longitude>17.401686750864066</longitude>
  </node>
  <region>1</region>
  <timeint>
    <startTime>592</startTime>
    <endTime>837</endTime>
  </timeint>
  <capacity>2.0</capacity>
</objects.Task>
<objects.Task>
  <id>48</id>
  <Description>Task#48</Description>
  <type>T</type>
  <type__id>1</type__id>
  <priority>2</priority>
  <resId>0</resId>
  <serviceTime>55</serviceTime>
  <node>
    <id>48</id>
    <latitude>4.171534326986517</latitude>
    <longitude>17.347136722727655</longitude>
  </node>
  <region>1</region>
  <timeint>
    <startTime>546</startTime>
    <endTime>1015</endTime>
  </timeint>
  <capacity>0.0</capacity>
</objects.Task>
<objects.Task>
  <id>49</id>
  <Description>Task#49</Description>
  <type>T</type>
  <type__id>1</type__id>
  <priority>2</priority>
  <resId>0</resId>
  <serviceTime>76</serviceTime>
  <node>
    <id>49</id>
    <latitude>4.532097204314775</latitude>
    <longitude>17.141137494660608</longitude>
  </node>
  <region>1</region>
  <timeint>
    <startTime>576</startTime>
    <endTime>1039</endTime>
  </timeint>
  <capacity>3.0</capacity>
</objects.Task>
<objects.Task>
  <id>50</id>
  <Description>Task#50</Description>
  <type>T</type>
  <type__id>1</type__id>
  <priority>3</priority>
  <resId>0</resId>
  <serviceTime>75</serviceTime>
  <node>
    <id>50</id>
    <latitude>6.016077540621316</latitude>
    <longitude>20.651351244221505</longitude>
  </node>
  <region>1</region>
  <timeint>
    <startTime>600</startTime>
    <endTime>1030</endTime>
  </timeint>
  <capacity>8.0</capacity>
</objects.Task>
<objects.Task>
  <id>51</id>
  <Description>Task#51</Description>
  <type>T</type>
  <type__id>1</type__id>
  <priority>1</priority>
  <resId>0</resId>
  <serviceTime>67</serviceTime>
  <node>
    <id>51</id>
    <latitude>5.937280627200909</latitude>
    <longitude>20.3206940679151</longitude>
  </node>
  <region>1</region>
  <timeint>
    <startTime>480</startTime>
    <endTime>1033</endTime>
  </timeint>
  <capacity>0.0</capacity>
</objects.Task>
<objects.Task>
  <id>52</id>
  <Description>Task#52</Description>
  <type>T</type>
  <type__id>1</type__id>
  <priority>4</priority>
  <resId>0</resId>
  <serviceTime>79</serviceTime>
  <node>
    <id>52</id>
    <latitude>5.305626411160908</latitude>
    <longitude>18.193223071404248</longitude>
  </node>
  <region>1</region>
  <timeint>
    <startTime>655</startTime>
    <endTime>990</endTime>
  </timeint>
  <capacity>4.0</capacity>
</objects.Task>
<objects.Task>
  <id>53</id>
  <Description>Task#53</Description>
  <type>T</type>
  <type__id>1</type__id>
  <priority>2</priority>
  <resId>0</resId>
  <serviceTime>43</serviceTime>
  <node>
    <id>53</id>
    <latitude>6.076830896838149</latitude>
    <longitude>20.461211750628586</longitude>
  </node>
  <region>1</region>
  <timeint>
    <startTime>719</startTime>
    <endTime>1001</endTime>
  </timeint>
  <capacity>8.0</capacity>
</objects.Task>
<objects.Task>
  <id>54</id>
  <Description>Task#54</Description>
  <type>T</type>
  <type__id>1</type__id>
  <priority>3</priority>
  <resId>0</resId>
  <serviceTime>80</serviceTime>
  <node>
    <id>54</id>
    <latitude>5.312943869022222</latitude>
    <longitude>20.37691628704326</longitude>
  </node>
  <region>1</region>
  <timeint>
    <startTime>689</startTime>
    <endTime>999</endTime>
  </timeint>
  <capacity>3.0</capacity>
</objects.Task>
<objects.Task>
  <id>55</id>
  <Description>Task#55</Description>
  <type>T</type>
  <type__id>1</type__id>
  <priority>2</priority>
  <resId>0</resId>
  <serviceTime>77</serviceTime>
  <node>
    <id>55</id>
    <latitude>6.008044840387902</latitude>
    <longitude>20.236569089452807</longitude>
  </node>
  <region>1</region>
  <timeint>
    <startTime>598</startTime>
    <endTime>1034</endTime>
  </timeint>
  <capacity>0.0</capacity>
</objects.Task>
<objects.Task>
  <id>56</id>
  <Description>Task#56</Description>
  <type>T</type>
  <type__id>1</type__id>
  <priority>4</priority>
  <resId>0</resId>
  <serviceTime>35</serviceTime>
  <node>
    <id>56</id>
    <latitude>6.163987282698099</latitude>
    <longitude>20.28449765238452</longitude>
  </node>
  <region>1</region>
  <timeint>
    <startTime>595</startTime>
    <endTime>1075</endTime>
  </timeint>
  <capacity>7.0</capacity>
</objects.Task>
<objects.Task>
  <id>57</id>
  <Description>Task#57</Description>
  <type>T</type>
  <type__id>1</type__id>
  <priority>1</priority>
  <resId>0</resId>
  <serviceTime>55</serviceTime>
  <node>
    <id>57</id>
    <latitude>6.13451907218879</latitude>
    <longitude>20.59796486528443</longitude>
  </node>
  <region>1</region>
  <timeint>
    <startTime>554</startTime>
    <endTime>1051</endTime>
  </timeint>
  <capacity>6.0</capacity>
</objects.Task>
<objects.Task>
  <id>58</id>
  <Description>Task#58</Description>
  <type>T</type>
  <type__id>1</type__id>
  <priority>4</priority>
  <resId>0</resId>
  <serviceTime>65</serviceTime>
  <node>
    <id>58</id>
    <latitude>6.079420290807816</latitude>
    <longitude>20.373118844395698</longitude>
  </node>
  <region>1</region>
  <timeint>
    <startTime>567</startTime>
    <endTime>1134</endTime>
  </timeint>
  <capacity>3.0</capacity>
</objects.Task>
<objects.Task>
  <id>59</id>
  <Description>Task#59</Description>
  <type>T</type>
  <type__id>1</type__id>
  <priority>3</priority>
  <resId>0</resId>
  <serviceTime>48</serviceTime>
  <node>
    <id>59</id>
    <latitude>5.8659219452237314</latitude>
    <longitude>19.91983266318737</longitude>
  </node>
  <region>1</region>
  <timeint>
    <startTime>497</startTime>
    <endTime>1065</endTime>
  </timeint>
  <capacity>8.0</capacity>
</objects.Task>
<objects.Task>
  <id>60</id>
  <Description>Task#60</Description>
  <type>T</type>
  <type__id>1</type__id>
  <priority>3</priority>
  <resId>0</resId>
  <serviceTime>36</serviceTime>
  <node>
    <id>60</id>
    <latitude>5.924801995573482</latitude>
    <longitude>20.402904314549552</longitude>
  </node>
  <region>1</region>
  <timeint>
    <startTime>559</startTime>
    <endTime>1122</endTime>
  </timeint>
  <capacity>1.0</capacity>
</objects.Task>
<objects.Task>
  <id>61</id>
  <Description>Task#61</Description>
  <type>T</type>
  <type__id>1</type__id>
  <priority>1</priority>
  <resId>0</resId>
  <serviceTime>37</serviceTime>
  <node>
    <id>61</id>
    <latitude>5.9984563178120744</latitude>
    <longitude>20.48165596569036</longitude>
  </node>
  <region>1</region>
  <timeint>
    <startTime>496</startTime>
    <endTime>825</endTime>
  </timeint>
  <capacity>3.0</capacity>
</objects.Task>
<objects.Task>
  <id>62</id>
  <Description>Task#62</Description>
  <type>T</type>
  <type__id>1</type__id>
  <priority>4</priority>
  <resId>0</resId>
  <serviceTime>79</serviceTime>
  <node>
    <id>62</id>
    <latitude>5.942708773547958</latitude>
    <longitude>20.498377252100415</longitude>
  </node>
  <region>1</region>
  <timeint>
    <startTime>701</startTime>
    <endTime>1123</endTime>
  </timeint>
  <capacity>7.0</capacity>
</objects.Task>
<objects.Task>
  <id>63</id>
  <Description>Task#63</Description>
  <type>T</type>
  <type__id>1</type__id>
  <priority>3</priority>
  <resId>0</resId>
  <serviceTime>61</serviceTime>
  <node>
    <id>63</id>
    <latitude>5.609852086226914</latitude>
    <longitude>21.051217512220344</longitude>
  </node>
  <region>1</region>
  <timeint>
    <startTime>545</startTime>
    <endTime>867</endTime>
  </timeint>
  <capacity>4.0</capacity>
</objects.Task>
<objects.Task>
  <id>64</id>
  <Description>Task#64</Description>
  <type>T</type>
  <type__id>1</type__id>
  <priority>1</priority>
  <resId>0</resId>
  <serviceTime>60</serviceTime>
  <node>
    <id>64</id>
    <latitude>6.057923839236262</latitude>
    <longitude>20.503503125478556</longitude>
  </node>
  <region>1</region>
  <timeint>
    <startTime>481</startTime>
    <endTime>799</endTime>
  </timeint>
  <capacity>2.0</capacity>
</objects.Task>
<objects.Task>
  <id>65</id>
  <Description>Task#65</Description>
  <type>T</type>
  <type__id>1</type__id>
  <priority>1</priority>
  <resId>0</resId>
  <serviceTime>87</serviceTime>
  <node>
    <id>65</id>
    <latitude>5.99273449359407</latitude>
    <longitude>20.472045010245324</longitude>
  </node>
  <region>1</region>
  <timeint>
    <startTime>480</startTime>
    <endTime>778</endTime>
  </timeint>
  <capacity>6.0</capacity>
</objects.Task>
<objects.Task>
  <id>66</id>
  <Description>Task#66</Description>
  <type>T</type>
  <type__id>1</type__id>
  <priority>3</priority>
  <resId>0</resId>
  <serviceTime>47</serviceTime>
  <node>
    <id>66</id>
    <latitude>5.453933099007519</latitude>
    <longitude>19.961546705858034</longitude>
  </node>
  <region>1</region>
  <timeint>
    <startTime>648</startTime>
    <endTime>939</endTime>
  </timeint>
  <capacity>1.0</capacity>
</objects.Task>
<objects.Task>
  <id>67</id>
  <Description>Task#67</Description>
  <type>T</type>
  <type__id>1</type__id>
  <priority>4</priority>
  <resId>0</resId>
  <serviceTime>35</serviceTime>
  <node>
    <id>67</id>
    <latitude>6.285232662636844</latitude>
    <longitude>20.74622997328375</longitude>
  </node>
  <region>1</region>
  <timeint>
    <startTime>706</startTime>
    <endTime>1299</endTime>
  </timeint>
  <capacity>0.0</capacity>
</objects.Task>
<objects.Task>
  <id>68</id>
  <Description>Task#68</Description>
  <type>T</type>
  <type__id>1</type__id>
  <priority>2</priority>
  <resId>0</resId>
  <serviceTime>63</serviceTime>
  <node>
    <id>68</id>
    <latitude>6.105944924216844</latitude>
    <longitude>20.483894151363234</longitude>
  </node>
  <region>1</region>
  <timeint>
    <startTime>662</startTime>
    <endTime>1151</endTime>
  </timeint>
  <capacity>6.0</capacity>
</objects.Task>
<objects.Task>
  <id>69</id>
  <Description>Task#69</Description>
  <type>T</type>
  <type__id>1</type__id>
  <priority>1</priority>
  <resId>0</resId>
  <serviceTime>46</serviceTime>
  <node>
    <id>69</id>
    <latitude>5.980430650383065</latitude>
    <longitude>20.640100761774168</longitude>
  </node>
  <region>1</region>
  <timeint>
    <startTime>492</startTime>
    <endTime>930</endTime>
  </timeint>
  <capacity>8.0</capacity>
</objects.Task>
<objects.Task>
  <id>70</id>
  <Description>Task#70</Description>
  <type>T</type>
  <type__id>1</type__id>
  <priority>3</priority>
  <resId>0</resId>
  <serviceTime>76</serviceTime>
  <node>
    <id>70</id>
    <latitude>8.467396452740148</latitude>
    <longitude>20.9130615515139</longitude>
  </node>
  <region>1</region>
  <timeint>
    <startTime>527</startTime>
    <endTime>988</endTime>
  </timeint>
  <capacity>8.0</capacity>
</objects.Task>
<objects.Task>
  <id>71</id>
  <Description>Task#71</Description>
  <type>T</type>
  <type__id>1</type__id>
  <priority>2</priority>
  <resId>0</resId>
  <serviceTime>68</serviceTime>
  <node>
    <id>71</id>
    <latitude>6.136093257983177</latitude>
    <longitude>20.47162792490758</longitude>
  </node>
  <region>1</region>
  <timeint>
    <startTime>481</startTime>
    <endTime>1053</endTime>
  </timeint>
  <capacity>1.0</capacity>
</objects.Task>
<objects.Task>
  <id>72</id>
  <Description>Task#72</Description>
  <type>T</type>
  <type__id>1</type__id>
  <priority>4</priority>
  <resId>0</resId>
  <serviceTime>40</serviceTime>
  <node>
    <id>72</id>
    <latitude>5.834091166169254</latitude>
    <longitude>20.38941038272255</longitude>
  </node>
  <region>1</region>
  <timeint>
    <startTime>632</startTime>
    <endTime>1151</endTime>
  </timeint>
  <capacity>3.0</capacity>
</objects.Task>
<objects.Task>
  <id>73</id>
  <Description>Task#73</Description>
  <type>T</type>
  <type__id>1</type__id>
  <priority>3</priority>
  <resId>0</resId>
  <serviceTime>70</serviceTime>
  <node>
    <id>73</id>
    <latitude>6.773154629278531</latitude>
    <longitude>21.259319311431888</longitude>
  </node>
  <region>1</region>
  <timeint>
    <startTime>677</startTime>
    <endTime>1190</endTime>
  </timeint>
  <capacity>1.0</capacity>
</objects.Task>
<objects.Task>
  <id>74</id>
  <Description>Task#74</Description>
  <type>T</type>
  <type__id>1</type__id>
  <priority>1</priority>
  <resId>0</resId>
  <serviceTime>83</serviceTime>
  <node>
    <id>74</id>
    <latitude>4.542631534776198</latitude>
    <longitude>18.157740857825758</longitude>
  </node>
  <region>1</region>
  <timeint>
    <startTime>540</startTime>
    <endTime>1045</endTime>
  </timeint>
  <capacity>7.0</capacity>
</objects.Task>
<objects.Task>
  <id>75</id>
  <Description>Task#75</Description>
  <type>T</type>
  <type__id>1</type__id>
  <priority>2</priority>
  <resId>0</resId>
  <serviceTime>61</serviceTime>
  <node>
    <id>75</id>
    <latitude>20.535473367501886</latitude>
    <longitude>14.201353525110108</longitude>
  </node>
  <region>1</region>
  <timeint>
    <startTime>714</startTime>
    <endTime>1041</endTime>
  </timeint>
  <capacity>9.0</capacity>
</objects.Task>
<objects.Task>
  <id>76</id>
  <Description>Task#76</Description>
  <type>T</type>
  <type__id>1</type__id>
  <priority>3</priority>
  <resId>0</resId>
  <serviceTime>69</serviceTime>
  <node>
    <id>76</id>
    <latitude>19.900840922528065</latitude>
    <longitude>13.910374124086202</longitude>
  </node>
  <region>1</region>
  <timeint>
    <startTime>679</startTime>
    <endTime>1035</endTime>
  </timeint>
  <capacity>8.0</capacity>
</objects.Task>
<objects.Task>
  <id>77</id>
  <Description>Task#77</Description>
  <type>T</type>
  <type__id>1</type__id>
  <priority>3</priority>
  <resId>0</resId>
  <serviceTime>62</serviceTime>
  <node>
    <id>77</id>
    <latitude>21.55274908715485</latitude>
    <longitude>14.099873980988235</longitude>
  </node>
  <region>1</region>
  <timeint>
    <startTime>611</startTime>
    <endTime>932</endTime>
  </timeint>
  <capacity>5.0</capacity>
</objects.Task>
<objects.Task>
  <id>78</id>
  <Description>Task#78</Description>
  <type>T</type>
  <type__id>1</type__id>
  <priority>2</priority>
  <resId>0</resId>
  <serviceTime>58</serviceTime>
  <node>
    <id>78</id>
    <latitude>21.079983937330844</latitude>
    <longitude>14.424146387288772</longitude>
  </node>
  <region>1</region>
  <timeint>
    <startTime>527</startTime>
    <endTime>830</endTime>
  </timeint>
  <capacity>1.0</capacity>
</objects.Task>
<objects.Task>
  <id>79</id>
  <Description>Task#79</Description>
  <type>T</type>
  <type__id>1</type__id>
  <priority>4</priority>
  <resId>0</resId>
  <serviceTime>50</serviceTime>
  <node>
    <id>79</id>
    <latitude>21.080920408413313</latitude>
    <longitude>14.84921879071525</longitude>
  </node>
  <region>1</region>
  <timeint>
    <startTime>707</startTime>
    <endTime>1206</endTime>
  </timeint>
  <capacity>9.0</capacity>
</objects.Task>
<objects.Task>
  <id>80</id>
  <Description>Task#80</Description>
  <type>T</type>
  <type__id>1</type__id>
  <priority>1</priority>
  <resId>0</resId>
  <serviceTime>45</serviceTime>
  <node>
    <id>80</id>
    <latitude>20.873021982285763</latitude>
    <longitude>14.133049631117723</longitude>
  </node>
  <region>1</region>
  <timeint>
    <startTime>716</startTime>
    <endTime>991</endTime>
  </timeint>
  <capacity>3.0</capacity>
</objects.Task>
<objects.Task>
  <id>81</id>
  <Description>Task#81</Description>
  <type>T</type>
  <type__id>1</type__id>
  <priority>4</priority>
  <resId>0</resId>
  <serviceTime>51</serviceTime>
  <node>
    <id>81</id>
    <latitude>20.93520646771691</latitude>
    <longitude>14.286938420145958</longitude>
  </node>
  <region>1</region>
  <timeint>
    <startTime>694</startTime>
    <endTime>983</endTime>
  </timeint>
  <capacity>3.0</capacity>
</objects.Task>
<objects.Task>
  <id>82</id>
  <Description>Task#82</Description>
  <type>T</type>
  <type__id>1</type__id>
  <priority>2</priority>
  <resId>0</resId>
  <serviceTime>44</serviceTime>
  <node>
    <id>82</id>
    <latitude>21.080100157744177</latitude>
    <longitude>14.203165381029851</longitude>
  </node>
  <region>1</region>
  <timeint>
    <startTime>519</startTime>
    <endTime>1070</endTime>
  </timeint>
  <capacity>4.0</capacity>
</objects.Task>
<objects.Task>
  <id>83</id>
  <Description>Task#83</Description>
  <type>T</type>
  <type__id>1</type__id>
  <priority>3</priority>
  <resId>0</resId>
  <serviceTime>66</serviceTime>
  <node>
    <id>83</id>
    <latitude>21.7999940161911</latitude>
    <longitude>14.06692785967811</longitude>
  </node>
  <region>1</region>
  <timeint>
    <startTime>719</startTime>
    <endTime>1215</endTime>
  </timeint>
  <capacity>0.0</capacity>
</objects.Task>
<objects.Task>
  <id>84</id>
  <Description>Task#84</Description>
  <type>T</type>
  <type__id>1</type__id>
  <priority>2</priority>
  <resId>0</resId>
  <serviceTime>75</serviceTime>
  <node>
    <id>84</id>
    <latitude>20.94282105161243</latitude>
    <longitude>14.282753619479628</longitude>
  </node>
  <region>1</region>
  <timeint>
    <startTime>494</startTime>
    <endTime>734</endTime>
  </timeint>
  <capacity>6.0</capacity>
</objects.Task>
<objects.Task>
  <id>85</id>
  <Description>Task#85</Description>
  <type>T</type>
  <type__id>1</type__id>
  <priority>2</priority>
  <resId>0</resId>
  <serviceTime>64</serviceTime>
  <node>
    <id>85</id>
    <latitude>21.503798997164967</latitude>
    <longitude>14.429810263902507</longitude>
  </node>
  <region>1</region>
  <timeint>
    <startTime>705</startTime>
    <endTime>1121</endTime>
  </timeint>
  <capacity>0.0</capacity>
</objects.Task>
<objects.Task>
  <id>86</id>
  <Description>Task#86</Description>
  <type>T</type>
  <type__id>1</type__id>
  <priority>1</priority>
  <resId>0</resId>
  <serviceTime>66</serviceTime>
  <node>
    <id>86</id>
    <latitude>21.139444063376416</latitude>
    <longitude>14.374498180404943</longitude>
  </node>
  <region>1</region>
  <timeint>
    <startTime>716</startTime>
    <endTime>1212</endTime>
  </timeint>
  <capacity>0.0</capacity>
</objects.Task>
<objects.Task>
  <id>87</id>
  <Description>Task#87</Description>
  <type>T</type>
  <type__id>1</type__id>
  <priority>1</priority>
  <resId>0</resId>
  <serviceTime>78</serviceTime>
  <node>
    <id>87</id>
    <latitude>21.009812088124306</latitude>
    <longitude>14.314046730045902</longitude>
  </node>
  <region>1</region>
  <timeint>
    <startTime>711</startTime>
    <endTime>1064</endTime>
  </timeint>
  <capacity>7.0</capacity>
</objects.Task>
<objects.Task>
  <id>88</id>
  <Description>Task#88</Description>
  <type>T</type>
  <type__id>1</type__id>
  <priority>2</priority>
  <resId>0</resId>
  <serviceTime>60</serviceTime>
  <node>
    <id>88</id>
    <latitude>21.241657862092275</latitude>
    <longitude>14.167907666149253</longitude>
  </node>
  <region>1</region>
  <timeint>
    <startTime>692</startTime>
    <endTime>1147</endTime>
  </timeint>
  <capacity>1.0</capacity>
</objects.Task>
<objects.Task>
  <id>89</id>
  <Description>Task#89</Description>
  <type>T</type>
  <type__id>1</type__id>
  <priority>4</priority>
  <resId>0</resId>
  <serviceTime>76</serviceTime>
  <node>
    <id>89</id>
    <latitude>20.71085540000177</latitude>
    <longitude>14.33596301198205</longitude>
  </node>
  <region>1</region>
  <timeint>
    <startTime>652</startTime>
    <endTime>1064</endTime>
  </timeint>
  <capacity>6.0</capacity>
</objects.Task>
<objects.Task>
  <id>90</id>
  <Description>Task#90</Description>
  <type>T</type>
  <type__id>1</type__id>
  <priority>1</priority>
  <resId>0</resId>
  <serviceTime>83</serviceTime>
  <node>
    <id>90</id>
    <latitude>20.846109739297297</latitude>
    <longitude>14.41857569731418</longitude>
  </node>
  <region>1</region>
  <timeint>
    <startTime>511</startTime>
    <endTime>757</endTime>
  </timeint>
  <capacity>5.0</capacity>
</objects.Task>
<objects.Task>
  <id>91</id>
  <Description>Task#91</Description>
  <type>T</type>
  <type__id>1</type__id>
  <priority>3</priority>
  <resId>0</resId>
  <serviceTime>40</serviceTime>
  <node>
    <id>91</id>
    <latitude>20.872893319248735</latitude>
    <longitude>14.41511778681674</longitude>
  </node>
  <region>1</region>
  <timeint>
    <startTime>668</startTime>
    <endTime>1127</endTime>
  </timeint>
  <capacity>0.0</capacity>
</objects.Task>
<objects.Task>
  <id>92</id>
  <Description>Task#92</Description>
  <type>T</type>
  <type__id>1</type__id>
  <priority>1</priority>
  <resId>0</resId>
  <serviceTime>86</serviceTime>
  <node>
    <id>92</id>
    <latitude>21.09931110484495</latitude>
    <longitude>14.33811155555484</longitude>
  </node>
  <region>1</region>
  <timeint>
    <startTime>606</startTime>
    <endTime>907</endTime>
  </timeint>
  <capacity>0.0</capacity>
</objects.Task>
<objects.Task>
  <id>93</id>
  <Description>Task#93</Description>
  <type>T</type>
  <type__id>1</type__id>
  <priority>3</priority>
  <resId>0</resId>
  <serviceTime>75</serviceTime>
  <node>
    <id>93</id>
    <latitude>21.291907608927364</latitude>
    <longitude>14.113404589058831</longitude>
  </node>
  <region>1</region>
  <timeint>
    <startTime>581</startTime>
    <endTime>957</endTime>
  </timeint>
  <capacity>4.0</capacity>
</objects.Task>
<objects.Task>
  <id>94</id>
  <Description>Task#94</Description>
  <type>T</type>
  <type__id>1</type__id>
  <priority>1</priority>
  <resId>0</resId>
  <serviceTime>68</serviceTime>
  <node>
    <id>94</id>
    <latitude>20.955651057486588</latitude>
    <longitude>14.286982794141545</longitude>
  </node>
  <region>1</region>
  <timeint>
    <startTime>646</startTime>
    <endTime>983</endTime>
  </timeint>
  <capacity>0.0</capacity>
</objects.Task>
<objects.Task>
  <id>95</id>
  <Description>Task#95</Description>
  <type>T</type>
  <type__id>1</type__id>
  <priority>1</priority>
  <resId>0</resId>
  <serviceTime>79</serviceTime>
  <node>
    <id>95</id>
    <latitude>21.194601955228343</latitude>
    <longitude>14.213664771314624</longitude>
  </node>
  <region>1</region>
  <timeint>
    <startTime>602</startTime>
    <endTime>936</endTime>
  </timeint>
  <capacity>2.0</capacity>
</objects.Task>
<objects.Task>
  <id>96</id>
  <Description>Task#96</Description>
  <type>T</type>
  <type__id>1</type__id>
  <priority>4</priority>
  <resId>0</resId>
  <serviceTime>69</serviceTime>
  <node>
    <id>96</id>
    <latitude>21.59921182371122</latitude>
    <longitude>14.5554196862568</longitude>
  </node>
  <region>1</region>
  <timeint>
    <startTime>514</startTime>
    <endTime>771</endTime>
  </timeint>
  <capacity>9.0</capacity>
</objects.Task>
<objects.Task>
  <id>97</id>
  <Description>Task#97</Description>
  <type>T</type>
  <type__id>1</type__id>
  <priority>4</priority>
  <resId>0</resId>
  <serviceTime>32</serviceTime>
  <node>
    <id>97</id>
    <latitude>21.508596287135603</latitude>
    <longitude>14.840278046965034</longitude>
  </node>
  <region>1</region>
  <timeint>
    <startTime>632</startTime>
    <endTime>1016</endTime>
  </timeint>
  <capacity>6.0</capacity>
</objects.Task>
<objects.Task>
  <id>98</id>
  <Description>Task#98</Description>
  <type>T</type>
  <type__id>1</type__id>
  <priority>3</priority>
  <resId>0</resId>
  <serviceTime>82</serviceTime>
  <node>
    <id>98</id>
    <latitude>20.648719012766357</latitude>
    <longitude>14.10059896742867</longitude>
  </node>
  <region>1</region>
  <timeint>
    <startTime>552</startTime>
    <endTime>1127</endTime>
  </timeint>
  <capacity>5.0</capacity>
</objects.Task>
<objects.Task>
  <id>99</id>
  <Description>Task#99</Description>
  <type>T</type>
  <type__id>1</type__id>
  <priority>3</priority>
  <resId>0</resId>
  <serviceTime>34</serviceTime>
  <node>
    <id>99</id>
    <latitude>20.42372367109413</latitude>
    <longitude>14.735197592395801</longitude>
  </node>
  <region>1</region>
  <timeint>
    <startTime>638</startTime>
    <endTime>1206</endTime>
  </timeint>
  <capacity>3.0</capacity>
</objects.Task>
<objects.Resource>
  <id>1</id>
  <description>Technician1</description>
  <region>1</region>
  <availability>
    <startTime>693</startTime>
    <endTime>1291</endTime>
  </availability>
  <breakTime>
    <startTime>1057</startTime>
    <endTime>1386</endTime>
  </breakTime>
  <origin>
    <id>101</id>
    <latitude>17.848345322356572</latitude>
    <longitude>15.094526822073679</longitude>
  </origin>
  <destination>
    <id>101</id>
    <latitude>17.848345322356572</latitude>
    <longitude>15.094526822073679</longitude>
  </destination>
  <capacity>0.0</capacity>
  <skill>8</skill>
</objects.Resource>
<objects.Resource>
  <id>2</id>
  <description>Technician2</description>
  <region>1</region>
  <availability>
    <startTime>569</startTime>
    <endTime>1063</endTime>
  </availability>
  <breakTime>
    <startTime>1044</startTime>
    <endTime>1205</endTime>
  </breakTime>
  <origin>
    <id>103</id>
    <latitude>15.435461608506609</latitude>
    <longitude>14.123327457747914</longitude>
  </origin>
  <destination>
    <id>103</id>
    <latitude>15.435461608506609</latitude>
    <longitude>14.123327457747914</longitude>
  </destination>
  <capacity>0.0</capacity>
  <skill>9</skill>
</objects.Resource>
<objects.Resource>
  <id>3</id>
  <description>Technician3</description>
  <region>1</region>
  <availability>
    <startTime>602</startTime>
    <endTime>1171</endTime>
  </availability>
  <breakTime>
    <startTime>895</startTime>
    <endTime>1443</endTime>
  </breakTime>
  <origin>
    <id>105</id>
    <latitude>16.338357869090128</latitude>
    <longitude>15.072264732976123</longitude>
  </origin>
  <destination>
    <id>105</id>
    <latitude>16.338357869090128</latitude>
    <longitude>15.072264732976123</longitude>
  </destination>
  <capacity>0.0</capacity>
  <skill>5</skill>
</objects.Resource>
<objects.Resource>
  <id>4</id>
  <description>Technician4</description>
  <region>1</region>
  <availability>
    <startTime>630</startTime>
    <endTime>1133</endTime>
  </availability>
  <breakTime>
    <startTime>886</startTime>
    <endTime>1167</endTime>
  </breakTime>
  <origin>
    <id>107</id>
    <latitude>15.860929892920588</latitude>
    <longitude>16.028114230218794</longitude>
  </origin>
  <destination>
    <id>107</id>
    <latitude>15.860929892920588</latitude>
    <longitude>16.028114230218794</longitude>
  </destination>
  <capacity>0.0</capacity>
  <skill>4</skill>
</objects.Resource>
<objects.Resource>
  <id>5</id>
  <description>Technician5</description>
  <region>1</region>
  <availability>
    <startTime>556</startTime>
    <endTime>1118</endTime>
  </availability>
  <breakTime>
    <startTime>893</startTime>
    <endTime>1045</endTime>
  </breakTime>
  <origin>
    <id>109</id>
    <latitude>17.73544131215115</latitude>
    <longitude>17.804623871790046</longitude>
  </origin>
  <destination>
    <id>109</id>
    <latitude>17.73544131215115</latitude>
    <longitude>17.804623871790046</longitude>
  </destination>
  <capacity>0.0</capacity>
  <skill>7</skill>
</objects.Resource>
<objects.Resource>
  <id>6</id>
  <description>Technician6</description>
  <region>1</region>
  <availability>
    <startTime>611</startTime>
    <endTime>1143</endTime>
  </availability>
  <breakTime>
    <startTime>1028</startTime>
    <endTime>1569</endTime>
  </breakTime>
  <origin>
    <id>111</id>
    <latitude>15.105610261331368</latitude>
    <longitude>17.51687288640793</longitude>
  </origin>
  <destination>
    <id>111</id>
    <latitude>15.105610261331368</latitude>
    <longitude>17.51687288640793</longitude>
  </destination>
  <capacity>0.0</capacity>
  <skill>3</skill>
</objects.Resource>
<objects.Resource>
  <id>7</id>
  <description>Technician7</description>
  <region>1</region>
  <availability>
    <startTime>552</startTime>
    <endTime>1101</endTime>
  </availability>
  <breakTime>
    <startTime>942</startTime>
    <endTime>1179</endTime>
  </breakTime>
  <origin>
    <id>113</id>
    <latitude>15.27651151387042</latitude>
    <longitude>17.093257294863903</longitude>
  </origin>
  <destination>
    <id>113</id>
    <latitude>15.27651151387042</latitude>
    <longitude>17.093257294863903</longitude>
  </destination>
  <capacity>0.0</capacity>
  <skill>1</skill>
</objects.Resource>
<objects.Resource>
  <id>8</id>
  <description>Technician8</description>
  <region>1</region>
  <availability>
    <startTime>497</startTime>
    <endTime>1051</endTime>
  </availability>
  <breakTime>
    <startTime>894</startTime>
    <endTime>1053</endTime>
  </breakTime>
  <origin>
    <id>115</id>
    <latitude>16.618974323439048</latitude>
    <longitude>17.894989652405854</longitude>
  </origin>
  <destination>
    <id>115</id>
    <latitude>16.618974323439048</latitude>
    <longitude>17.894989652405854</longitude>
  </destination>
  <capacity>0.0</capacity>
  <skill>9</skill>
</objects.Resource>
<objects.Resource>
  <id>9</id>
  <description>Technician9</description>
  <region>1</region>
  <availability>
    <startTime>657</startTime>
    <endTime>1191</endTime>
  </availability>
  <breakTime>
    <startTime>1082</startTime>
    <endTime>1221</endTime>
  </breakTime>
  <origin>
    <id>117</id>
    <latitude>15.37115362177391</latitude>
    <longitude>15.676609782295017</longitude>
  </origin>
  <destination>
    <id>117</id>
    <latitude>15.37115362177391</latitude>
    <longitude>15.676609782295017</longitude>
  </destination>
  <capacity>0.0</capacity>
  <skill>7</skill>
</objects.Resource>
<objects.Resource>
  <id>10</id>
  <description>Technician10</description>
  <region>1</region>
  <availability>
    <startTime>533</startTime>
    <endTime>1015</endTime>
  </availability>
  <breakTime>
    <startTime>889</startTime>
    <endTime>1375</endTime>
  </breakTime>
  <origin>
    <id>119</id>
    <latitude>16.6109723352642</latitude>
    <longitude>17.292285625210752</longitude>
  </origin>
  <destination>
    <id>119</id>
    <latitude>16.6109723352642</latitude>
    <longitude>17.292285625210752</longitude>
  </destination>
  <capacity>0.0</capacity>
  <skill>9</skill>
</objects.Resource>
