<objects.Task>
  <id>0</id>
  <Description>Task#0</Description>
  <type>T</type>
  <type__id>1</type__id>
  <priority>1</priority>
  <resId>0</resId>
  <serviceTime>69</serviceTime>
  <node>
    <id>0</id>
    <latitude>32.67962315203031</latitude>
    <longitude>45.44964668205698</longitude>
  </node>
  <region>1</region>
  <timeint>
    <startTime>623</startTime>
    <endTime>965</endTime>
  </timeint>
  <capacity>9.0</capacity>
</objects.Task>
<objects.Task>
  <id>1</id>
  <Description>Task#1</Description>
  <type>T</type>
  <type__id>1</type__id>
  <priority>3</priority>
  <resId>0</resId>
  <serviceTime>71</serviceTime>
  <node>
    <id>1</id>
    <latitude>32.877020940436374</latitude>
    <longitude>45.03610605836252</longitude>
  </node>
  <region>1</region>
  <timeint>
    <startTime>540</startTime>
    <endTime>801</endTime>
  </timeint>
  <capacity>5.0</capacity>
</objects.Task>
<objects.Task>
  <id>2</id>
  <Description>Task#2</Description>
  <type>T</type>
  <type__id>1</type__id>
  <priority>1</priority>
  <resId>0</resId>
  <serviceTime>60</serviceTime>
  <node>
    <id>2</id>
    <latitude>33.71110740476936</latitude>
    <longitude>48.28288955741702</longitude>
  </node>
  <region>1</region>
  <timeint>
    <startTime>572</startTime>
    <endTime>1021</endTime>
  </timeint>
  <capacity>4.0</capacity>
</objects.Task>
<objects.Task>
  <id>3</id>
  <Description>Task#3</Description>
  <type>T</type>
  <type__id>1</type__id>
  <priority>4</priority>
  <resId>0</resId>
  <serviceTime>43</serviceTime>
  <node>
    <id>3</id>
    <latitude>32.498365599820346</latitude>
    <longitude>45.23209562660985</longitude>
  </node>
  <region>1</region>
  <timeint>
    <startTime>671</startTime>
    <endTime>1125</endTime>
  </timeint>
  <capacity>6.0</capacity>
</objects.Task>
<objects.Task>
  <id>4</id>
  <Description>Task#4</Description>
  <type>T</type>
  <type__id>1</type__id>
  <priority>4</priority>
  <resId>0</resId>
  <serviceTime>69</serviceTime>
  <node>
    <id>4</id>
    <latitude>32.391146043365666</latitude>
    <longitude>45.66146265249449</longitude>
  </node>
  <region>1</region>
  <timeint>
    <startTime>508</startTime>
    <endTime>860</endTime>
  </timeint>
  <capacity>1.0</capacity>
</objects.Task>
<objects.Task>
  <id>5</id>
  <Description>Task#5</Description>
  <type>T</type>
  <type__id>1</type__id>
  <priority>3</priority>
  <resId>0</resId>
  <serviceTime>84</serviceTime>
  <node>
    <id>5</id>
    <latitude>33.644027161553836</latitude>
    <longitude>45.04004773301091</longitude>
  </node>
  <region>1</region>
  <timeint>
    <startTime>584</startTime>
    <endTime>1178</endTime>
  </timeint>
  <capacity>5.0</capacity>
</objects.Task>
<objects.Task>
  <id>6</id>
  <Description>Task#6</Description>
  <type>T</type>
  <type__id>1</type__id>
  <priority>3</priority>
  <resId>0</resId>
  <serviceTime>67</serviceTime>
  <node>
    <id>6</id>
    <latitude>32.19484946542009</latitude>
    <longitude>45.38915539349501</longitude>
  </node>
  <region>1</region>
  <timeint>
    <startTime>493</startTime>
    <endTime>854</endTime>
  </timeint>
  <capacity>6.0</capacity>
</objects.Task>
<objects.Task>
  <id>7</id>
  <Description>Task#7</Description>
  <type>T</type>
  <type__id>1</type__id>
  <priority>3</priority>
  <resId>0</resId>
  <serviceTime>33</serviceTime>
  <node>
    <id>7</id>
    <latitude>32.56711411728976</latitude>
    <longitude>45.12997802140734</longitude>
  </node>
  <region>1</region>
  <timeint>
    <startTime>494</startTime>
    <endTime>1049</endTime>
  </timeint>
  <capacity>8.0</capacity>
</objects.Task>
<objects.Task>
  <id>8</id>
  <Description>Task#8</Description>
  <type>T</type>
  <type__id>1</type__id>
  <priority>1</priority>
  <resId>0</resId>
  <serviceTime>78</serviceTime>
  <node>
    <id>8</id>
    <latitude>31.005007991364526</latitude>
    <longitude>44.816500295007685</longitude>
  </node>
  <region>1</region>
  <timeint>
    <startTime>512</startTime>
    <endTime>882</endTime>
  </timeint>
  <capacity>0.0</capacity>
</objects.Task>
<objects.Task>
  <id>9</id>
  <Description>Task#9</Description>
  <type>T</type>
  <type__id>1</type__id>
  <priority>4</priority>
  <resId>0</resId>
  <serviceTime>54</serviceTime>
  <node>
    <id>9</id>
    <latitude>32.487790516317396</latitude>
    <longitude>45.582373972423504</longitude>
  </node>
  <region>1</region>
  <timeint>
    <startTime>669</startTime>
    <endTime>993</endTime>
  </timeint>
  <capacity>9.0</capacity>
</objects.Task>
<objects.Task>
  <id>10</id>
  <Description>Task#10</Description>
  <type>T</type>
  <type__id>1</type__id>
  <priority>1</priority>
  <resId>0</resId>
  <serviceTime>66</serviceTime>
  <node>
    <id>10</id>
    <latitude>32.79092077873382</latitude>
    <longitude>45.1089081485655</longitude>
  </node>
  <region>1</region>
  <timeint>
    <startTime>665</startTime>
    <endTime>1177</endTime>
  </timeint>
  <capacity>3.0</capacity>
</objects.Task>
<objects.Task>
  <id>11</id>
  <Description>Task#11</Description>
  <type>T</type>
  <type__id>1</type__id>
  <priority>3</priority>
  <resId>0</resId>
  <serviceTime>51</serviceTime>
  <node>
    <id>11</id>
    <latitude>32.88150122467377</latitude>
    <longitude>45.066723093081144</longitude>
  </node>
  <region>1</region>
  <timeint>
    <startTime>590</startTime>
    <endTime>973</endTime>
  </timeint>
  <capacity>9.0</capacity>
</objects.Task>
<objects.Task>
  <id>12</id>
  <Description>Task#12</Description>
  <type>T</type>
  <type__id>1</type__id>
  <priority>3</priority>
  <resId>0</resId>
  <serviceTime>82</serviceTime>
  <node>
    <id>12</id>
    <latitude>32.13294564280074</latitude>
    <longitude>46.44229995427159</longitude>
  </node>
  <region>1</region>
  <timeint>
    <startTime>554</startTime>
    <endTime>1057</endTime>
  </timeint>
  <capacity>2.0</capacity>
</objects.Task>
<objects.Task>
  <id>13</id>
  <Description>Task#13</Description>
  <type>T</type>
  <type__id>1</type__id>
  <priority>1</priority>
  <resId>0</resId>
  <serviceTime>40</serviceTime>
  <node>
    <id>13</id>
    <latitude>32.468030870285574</latitude>
    <longitude>45.266205911419924</longitude>
  </node>
  <region>1</region>
  <timeint>
    <startTime>695</startTime>
    <endTime>1058</endTime>
  </timeint>
  <capacity>5.0</capacity>
</objects.Task>
<objects.Task>
  <id>14</id>
  <Description>Task#14</Description>
  <type>T</type>
  <type__id>1</type__id>
  <priority>3</priority>
  <resId>0</resId>
  <serviceTime>80</serviceTime>
  <node>
    <id>14</id>
    <latitude>32.38060944327106</latitude>
    <longitude>45.61247683985889</longitude>
  </node>
  <region>1</region>
  <timeint>
    <startTime>519</startTime>
    <endTime>1007</endTime>
  </timeint>
  <capacity>8.0</capacity>
</objects.Task>
<objects.Task>
  <id>15</id>
  <Description>Task#15</Description>
  <type>T</type>
  <type__id>1</type__id>
  <priority>4</priority>
  <resId>0</resId>
  <serviceTime>43</serviceTime>
  <node>
    <id>15</id>
    <latitude>32.71510846463965</latitude>
    <longitude>45.58743594724513</longitude>
  </node>
  <region>1</region>
  <timeint>
    <startTime>636</startTime>
    <endTime>877</endTime>
  </timeint>
  <capacity>1.0</capacity>
</objects.Task>
<objects.Task>
  <id>16</id>
  <Description>Task#16</Description>
  <type>T</type>
  <type__id>1</type__id>
  <priority>4</priority>
  <resId>0</resId>
  <serviceTime>61</serviceTime>
  <node>
    <id>16</id>
    <latitude>31.77548047304722</latitude>
    <longitude>46.59538624639745</longitude>
  </node>
  <region>1</region>
  <timeint>
    <startTime>521</startTime>
    <endTime>920</endTime>
  </timeint>
  <capacity>8.0</capacity>
</objects.Task>
<objects.Task>
  <id>17</id>
  <Description>Task#17</Description>
  <type>T</type>
  <type__id>1</type__id>
  <priority>3</priority>
  <resId>0</resId>
  <serviceTime>80</serviceTime>
  <node>
    <id>17</id>
    <latitude>34.17026011154581</latitude>
    <longitude>46.74965945775669</longitude>
  </node>
  <region>1</region>
  <timeint>
    <startTime>558</startTime>
    <endTime>1155</endTime>
  </timeint>
  <capacity>3.0</capacity>
</objects.Task>
<objects.Task>
  <id>18</id>
  <Description>Task#18</Description>
  <type>T</type>
  <type__id>1</type__id>
  <priority>3</priority>
  <resId>0</resId>
  <serviceTime>44</serviceTime>
  <node>
    <id>18</id>
    <latitude>32.1586940935308</latitude>
    <longitude>45.13423639532359</longitude>
  </node>
  <region>1</region>
  <timeint>
    <startTime>607</startTime>
    <endTime>1047</endTime>
  </timeint>
  <capacity>1.0</capacity>
</objects.Task>
<objects.Task>
  <id>19</id>
  <Description>Task#19</Description>
  <type>T</type>
  <type__id>1</type__id>
  <priority>3</priority>
  <resId>0</resId>
  <serviceTime>81</serviceTime>
  <node>
    <id>19</id>
    <latitude>31.824946438572763</latitude>
    <longitude>45.97280079211347</longitude>
  </node>
  <region>1</region>
  <timeint>
    <startTime>551</startTime>
    <endTime>791</endTime>
  </timeint>
  <capacity>0.0</capacity>
</objects.Task>
<objects.Task>
  <id>20</id>
  <Description>Task#20</Description>
  <type>T</type>
  <type__id>1</type__id>
  <priority>2</priority>
  <resId>0</resId>
  <serviceTime>75</serviceTime>
  <node>
    <id>20</id>
    <latitude>32.648778066781155</latitude>
    <longitude>46.17810652496198</longitude>
  </node>
  <region>1</region>
  <timeint>
    <startTime>666</startTime>
    <endTime>1025</endTime>
  </timeint>
  <capacity>4.0</capacity>
</objects.Task>
<objects.Task>
  <id>21</id>
  <Description>Task#21</Description>
  <type>T</type>
  <type__id>1</type__id>
  <priority>2</priority>
  <resId>0</resId>
  <serviceTime>54</serviceTime>
  <node>
    <id>21</id>
    <latitude>32.859253685464445</latitude>
    <longitude>46.6136801019658</longitude>
  </node>
  <region>1</region>
  <timeint>
    <startTime>719</startTime>
    <endTime>1277</endTime>
  </timeint>
  <capacity>3.0</capacity>
</objects.Task>
<objects.Task>
  <id>22</id>
  <Description>Task#22</Description>
  <type>T</type>
  <type__id>1</type__id>
  <priority>2</priority>
  <resId>0</resId>
  <serviceTime>37</serviceTime>
  <node>
    <id>22</id>
    <latitude>31.781184034854352</latitude>
    <longitude>45.775263297965296</longitude>
  </node>
  <region>1</region>
  <timeint>
    <startTime>710</startTime>
    <endTime>1129</endTime>
  </timeint>
  <capacity>6.0</capacity>
</objects.Task>
<objects.Task>
  <id>23</id>
  <Description>Task#23</Description>
  <type>T</type>
  <type__id>1</type__id>
  <priority>3</priority>
  <resId>0</resId>
  <serviceTime>31</serviceTime>
  <node>
    <id>23</id>
    <latitude>32.25354549256202</latitude>
    <longitude>45.565213317433106</longitude>
  </node>
  <region>1</region>
  <timeint>
    <startTime>527</startTime>
    <endTime>1070</endTime>
  </timeint>
  <capacity>1.0</capacity>
</objects.Task>
<objects.Task>
  <id>24</id>
  <Description>Task#24</Description>
  <type>T</type>
  <type__id>1</type__id>
  <priority>2</priority>
  <resId>0</resId>
  <serviceTime>76</serviceTime>
  <node>
    <id>24</id>
    <latitude>32.94582617009688</latitude>
    <longitude>46.16442734110366</longitude>
  </node>
  <region>1</region>
  <timeint>
    <startTime>566</startTime>
    <endTime>1080</endTime>
  </timeint>
  <capacity>8.0</capacity>
</objects.Task>
<objects.Task>
  <id>25</id>
  <Description>Task#25</Description>
  <type>T</type>
  <type__id>1</type__id>
  <priority>1</priority>
  <resId>0</resId>
  <serviceTime>39</serviceTime>
  <node>
    <id>25</id>
    <latitude>0.39537750095396706</latitude>
    <longitude>50.0</longitude>
  </node>
  <region>1</region>
  <timeint>
    <startTime>675</startTime>
    <endTime>1027</endTime>
  </timeint>
  <capacity>3.0</capacity>
</objects.Task>
<objects.Task>
  <id>26</id>
  <Description>Task#26</Description>
  <type>T</type>
  <type__id>1</type__id>
  <priority>4</priority>
  <resId>0</resId>
  <serviceTime>59</serviceTime>
  <node>
    <id>26</id>
    <latitude>1.3787397051670596</latitude>
    <longitude>49.4682618036234</longitude>
  </node>
  <region>1</region>
  <timeint>
    <startTime>654</startTime>
    <endTime>981</endTime>
  </timeint>
  <capacity>8.0</capacity>
</objects.Task>
<objects.Task>
  <id>27</id>
  <Description>Task#27</Description>
  <type>T</type>
  <type__id>1</type__id>
  <priority>4</priority>
  <resId>0</resId>
  <serviceTime>39</serviceTime>
  <node>
    <id>27</id>
    <latitude>1.4928317367767374</latitude>
    <longitude>49.63800693347732</longitude>
  </node>
  <region>1</region>
  <timeint>
    <startTime>699</startTime>
    <endTime>1214</endTime>
  </timeint>
  <capacity>4.0</capacity>
</objects.Task>
<objects.Task>
  <id>28</id>
  <Description>Task#28</Description>
  <type>T</type>
  <type__id>1</type__id>
  <priority>3</priority>
  <resId>0</resId>
  <serviceTime>40</serviceTime>
  <node>
    <id>28</id>
    <latitude>1.837912658777997</latitude>
    <longitude>49.61201742514467</longitude>
  </node>
  <region>1</region>
  <timeint>
    <startTime>671</startTime>
    <endTime>1009</endTime>
  </timeint>
  <capacity>4.0</capacity>
</objects.Task>
<objects.Task>
  <id>29</id>
  <Description>Task#29</Description>
  <type>T</type>
  <type__id>1</type__id>
  <priority>4</priority>
  <resId>0</resId>
  <serviceTime>62</serviceTime>
  <node>
    <id>29</id>
    <latitude>0.0</latitude>
    <longitude>49.7805739986601</longitude>
  </node>
  <region>1</region>
  <timeint>
    <startTime>518</startTime>
    <endTime>759</endTime>
  </timeint>
  <capacity>0.0</capacity>
</objects.Task>
<objects.Task>
  <id>30</id>
  <Description>Task#30</Description>
  <type>T</type>
  <type__id>1</type__id>
  <priority>2</priority>
  <resId>0</resId>
  <serviceTime>32</serviceTime>
  <node>
    <id>30</id>
    <latitude>0.934685909839998</latitude>
    <longitude>49.782929478481456</longitude>
  </node>
  <region>1</region>
  <timeint>
    <startTime>606</startTime>
    <endTime>861</endTime>
  </timeint>
  <capacity>7.0</capacity>
</objects.Task>
<objects.Task>
  <id>31</id>
  <Description>Task#31</Description>
  <type>T</type>
  <type__id>1</type__id>
  <priority>1</priority>
  <resId>0</resId>
  <serviceTime>85</serviceTime>
  <node>
    <id>31</id>
    <latitude>0.0</latitude>
    <longitude>49.35066409426223</longitude>
  </node>
  <region>1</region>
  <timeint>
    <startTime>714</startTime>
    <endTime>1241</endTime>
  </timeint>
  <capacity>2.0</capacity>
</objects.Task>
<objects.Task>
  <id>32</id>
  <Description>Task#32</Description>
  <type>T</type>
  <type__id>1</type__id>
  <priority>3</priority>
  <resId>0</resId>
  <serviceTime>73</serviceTime>
  <node>
    <id>32</id>
    <latitude>1.3048407802191933</latitude>
    <longitude>49.427261039104906</longitude>
  </node>
  <region>1</region>
  <timeint>
    <startTime>627</startTime>
    <endTime>1191</endTime>
  </timeint>
  <capacity>8.0</capacity>
</objects.Task>
<objects.Task>
  <id>33</id>
  <Description>Task#33</Description>
  <type>T</type>
  <type__id>1</type__id>
  <priority>2</priority>
  <resId>0</resId>
  <serviceTime>58</serviceTime>
  <node>
    <id>33</id>
    <latitude>1.3806700035173494</latitude>
    <longitude>49.57725540637685</longitude>
  </node>
  <region>1</region>
  <timeint>
    <startTime>599</startTime>
    <endTime>1072</endTime>
  </timeint>
  <capacity>2.0</capacity>
</objects.Task>
<objects.Task>
  <id>34</id>
  <Description>Task#34</Description>
  <type>T</type>
  <type__id>1</type__id>
  <priority>4</priority>
  <resId>0</resId>
  <serviceTime>38</serviceTime>
  <node>
    <id>34</id>
    <latitude>1.8649859932955217</latitude>
    <longitude>49.479800523617904</longitude>
  </node>
  <region>1</region>
  <timeint>
    <startTime>531</startTime>
    <endTime>865</endTime>
  </timeint>
  <capacity>5.0</capacity>
</objects.Task>
<objects.Task>
  <id>35</id>
  <Description>Task#35</Description>
  <type>T</type>
  <type__id>1</type__id>
  <priority>2</priority>
  <resId>0</resId>
  <serviceTime>58</serviceTime>
  <node>
    <id>35</id>
    <latitude>1.4826866987002605</latitude>
    <longitude>50.0</longitude>
  </node>
  <region>1</region>
  <timeint>
    <startTime>630</startTime>
    <endTime>1040</endTime>
  </timeint>
  <capacity>7.0</capacity>
</objects.Task>
<objects.Task>
  <id>36</id>
  <Description>Task#36</Description>
  <type>T</type>
  <type__id>1</type__id>
  <priority>2</priority>
  <resId>0</resId>
  <serviceTime>44</serviceTime>
  <node>
    <id>36</id>
    <latitude>0.8143747409948834</latitude>
    <longitude>48.7168488116192</longitude>
  </node>
  <region>1</region>
  <timeint>
    <startTime>587</startTime>
    <endTime>1109</endTime>
  </timeint>
  <capacity>3.0</capacity>
</objects.Task>
<objects.Task>
  <id>37</id>
  <Description>Task#37</Description>
  <type>T</type>
  <type__id>1</type__id>
  <priority>3</priority>
  <resId>0</resId>
  <serviceTime>71</serviceTime>
  <node>
    <id>37</id>
    <latitude>1.4188142829938062</latitude>
    <longitude>49.581166415373026</longitude>
  </node>
  <region>1</region>
  <timeint>
    <startTime>704</startTime>
    <endTime>1095</endTime>
  </timeint>
  <capacity>1.0</capacity>
</objects.Task>
<objects.Task>
  <id>38</id>
  <Description>Task#38</Description>
  <type>T</type>
  <type__id>1</type__id>
  <priority>4</priority>
  <resId>0</resId>
  <serviceTime>49</serviceTime>
  <node>
    <id>38</id>
    <latitude>1.611176911854759</latitude>
    <longitude>48.74631191526009</longitude>
  </node>
  <region>1</region>
  <timeint>
    <startTime>588</startTime>
    <endTime>1086</endTime>
  </timeint>
  <capacity>6.0</capacity>
</objects.Task>
<objects.Task>
  <id>39</id>
  <Description>Task#39</Description>
  <type>T</type>
  <type__id>1</type__id>
  <priority>3</priority>
  <resId>0</resId>
  <serviceTime>77</serviceTime>
  <node>
    <id>39</id>
    <latitude>2.440757143543843</latitude>
    <longitude>48.947090659683894</longitude>
  </node>
  <region>1</region>
  <timeint>
    <startTime>698</startTime>
    <endTime>1005</endTime>
  </timeint>
  <capacity>2.0</capacity>
</objects.Task>
<objects.Task>
  <id>40</id>
  <Description>Task#40</Description>
  <type>T</type>
  <type__id>1</type__id>
  <priority>2</priority>
  <resId>0</resId>
  <serviceTime>44</serviceTime>
  <node>
    <id>40</id>
    <latitude>1.3826613452401788</latitude>
    <longitude>49.58333450805539</longitude>
  </node>
  <region>1</region>
  <timeint>
    <startTime>570</startTime>
    <endTime>1052</endTime>
  </timeint>
  <capacity>5.0</capacity>
</objects.Task>
<objects.Task>
  <id>41</id>
  <Description>Task#41</Description>
  <type>T</type>
  <type__id>1</type__id>
  <priority>3</priority>
  <resId>0</resId>
  <serviceTime>39</serviceTime>
  <node>
    <id>41</id>
    <latitude>1.6460525917943816</latitude>
    <longitude>49.23901409957866</longitude>
  </node>
  <region>1</region>
  <timeint>
    <startTime>620</startTime>
    <endTime>993</endTime>
  </timeint>
  <capacity>1.0</capacity>
</objects.Task>
<objects.Task>
  <id>42</id>
  <Description>Task#42</Description>
  <type>T</type>
  <type__id>1</type__id>
  <priority>3</priority>
  <resId>0</resId>
  <serviceTime>87</serviceTime>
  <node>
    <id>42</id>
    <latitude>1.1363209170319544</latitude>
    <longitude>48.894252323543554</longitude>
  </node>
  <region>1</region>
  <timeint>
    <startTime>581</startTime>
    <endTime>1178</endTime>
  </timeint>
  <capacity>9.0</capacity>
</objects.Task>
<objects.Task>
  <id>43</id>
  <Description>Task#43</Description>
  <type>T</type>
  <type__id>1</type__id>
  <priority>4</priority>
  <resId>0</resId>
  <serviceTime>38</serviceTime>
  <node>
    <id>43</id>
    <latitude>1.29838303431589</latitude>
    <longitude>49.624020330788916</longitude>
  </node>
  <region>1</region>
  <timeint>
    <startTime>717</startTime>
    <endTime>1256</endTime>
  </timeint>
  <capacity>1.0</capacity>
</objects.Task>
<objects.Task>
  <id>44</id>
  <Description>Task#44</Description>
  <type>T</type>
  <type__id>1</type__id>
  <priority>2</priority>
  <resId>0</resId>
  <serviceTime>32</serviceTime>
  <node>
    <id>44</id>
    <latitude>2.0758658649151434</latitude>
    <longitude>47.64122377425804</longitude>
  </node>
  <region>1</region>
  <timeint>
    <startTime>552</startTime>
    <endTime>851</endTime>
  </timeint>
  <capacity>0.0</capacity>
</objects.Task>
<objects.Task>
  <id>45</id>
  <Description>Task#45</Description>
  <type>T</type>
  <type__id>1</type__id>
  <priority>4</priority>
  <resId>0</resId>
  <serviceTime>84</serviceTime>
  <node>
    <id>45</id>
    <latitude>0.5452107325766323</latitude>
    <longitude>49.9436130699504</longitude>
  </node>
  <region>1</region>
  <timeint>
    <startTime>627</startTime>
    <endTime>867</endTime>
  </timeint>
  <capacity>5.0</capacity>
</objects.Task>
<objects.Task>
  <id>46</id>
  <Description>Task#46</Description>
  <type>T</type>
  <type__id>1</type__id>
  <priority>4</priority>
  <resId>0</resId>
  <serviceTime>50</serviceTime>
  <node>
    <id>46</id>
    <latitude>1.3115147503629119</latitude>
    <longitude>49.3251938988372</longitude>
  </node>
  <region>1</region>
  <timeint>
    <startTime>635</startTime>
    <endTime>946</endTime>
  </timeint>
  <capacity>2.0</capacity>
</objects.Task>
<objects.Task>
  <id>47</id>
  <Description>Task#47</Description>
  <type>T</type>
  <type__id>1</type__id>
  <priority>3</priority>
  <resId>0</resId>
  <serviceTime>64</serviceTime>
  <node>
    <id>47</id>
    <latitude>1.1427336146134617</latitude>
    <longitude>50.0</longitude>
  </node>
  <region>1</region>
  <timeint>
    <startTime>576</startTime>
    <endTime>1080</endTime>
  </timeint>
  <capacity>7.0</capacity>
</objects.Task>
<objects.Task>
  <id>48</id>
  <Description>Task#48</Description>
  <type>T</type>
  <type__id>1</type__id>
  <priority>3</priority>
  <resId>0</resId>
  <serviceTime>51</serviceTime>
  <node>
    <id>48</id>
    <latitude>1.2443114473441477</latitude>
    <longitude>49.24468900018472</longitude>
  </node>
  <region>1</region>
  <timeint>
    <startTime>690</startTime>
    <endTime>1063</endTime>
  </timeint>
  <capacity>1.0</capacity>
</objects.Task>
<objects.Task>
  <id>49</id>
  <Description>Task#49</Description>
  <type>T</type>
  <type__id>1</type__id>
  <priority>1</priority>
  <resId>0</resId>
  <serviceTime>70</serviceTime>
  <node>
    <id>49</id>
    <latitude>0.9204099361532481</latitude>
    <longitude>49.47227922585155</longitude>
  </node>
  <region>1</region>
  <timeint>
    <startTime>641</startTime>
    <endTime>1076</endTime>
  </timeint>
  <capacity>1.0</capacity>
</objects.Task>
<objects.Task>
  <id>50</id>
  <Description>Task#50</Description>
  <type>T</type>
  <type__id>1</type__id>
  <priority>2</priority>
  <resId>0</resId>
  <serviceTime>86</serviceTime>
  <node>
    <id>50</id>
    <latitude>10.880890568107969</latitude>
    <longitude>50.0</longitude>
  </node>
  <region>1</region>
  <timeint>
    <startTime>674</startTime>
    <endTime>1267</endTime>
  </timeint>
  <capacity>6.0</capacity>
</objects.Task>
<objects.Task>
  <id>51</id>
  <Description>Task#51</Description>
  <type>T</type>
  <type__id>1</type__id>
  <priority>3</priority>
  <resId>0</resId>
  <serviceTime>46</serviceTime>
  <node>
    <id>51</id>
    <latitude>7.960451073455898</latitude>
    <longitude>45.49657954871401</longitude>
  </node>
  <region>1</region>
  <timeint>
    <startTime>489</startTime>
    <endTime>1013</endTime>
  </timeint>
  <capacity>8.0</capacity>
</objects.Task>
<objects.Task>
  <id>52</id>
  <Description>Task#52</Description>
  <type>T</type>
  <type__id>1</type__id>
  <priority>2</priority>
  <resId>0</resId>
  <serviceTime>68</serviceTime>
  <node>
    <id>52</id>
    <latitude>8.506399490193395</latitude>
    <longitude>45.71574349262683</longitude>
  </node>
  <region>1</region>
  <timeint>
    <startTime>622</startTime>
    <endTime>1145</endTime>
  </timeint>
  <capacity>1.0</capacity>
</objects.Task>
<objects.Task>
  <id>53</id>
  <Description>Task#53</Description>
  <type>T</type>
  <type__id>1</type__id>
  <priority>3</priority>
  <resId>0</resId>
  <serviceTime>47</serviceTime>
  <node>
    <id>53</id>
    <latitude>8.376762430704725</latitude>
    <longitude>46.01895793048013</longitude>
  </node>
  <region>1</region>
  <timeint>
    <startTime>711</startTime>
    <endTime>1284</endTime>
  </timeint>
  <capacity>5.0</capacity>
</objects.Task>
<objects.Task>
  <id>54</id>
  <Description>Task#54</Description>
  <type>T</type>
  <type__id>1</type__id>
  <priority>3</priority>
  <resId>0</resId>
  <serviceTime>88</serviceTime>
  <node>
    <id>54</id>
    <latitude>8.653362556174097</latitude>
    <longitude>45.86544706406723</longitude>
  </node>
  <region>1</region>
  <timeint>
    <startTime>626</startTime>
    <endTime>925</endTime>
  </timeint>
  <capacity>5.0</capacity>
</objects.Task>
<objects.Task>
  <id>55</id>
  <Description>Task#55</Description>
  <type>T</type>
  <type__id>1</type__id>
  <priority>2</priority>
  <resId>0</resId>
  <serviceTime>63</serviceTime>
  <node>
    <id>55</id>
    <latitude>8.626593860656236</latitude>
    <longitude>46.027991019023695</longitude>
  </node>
  <region>1</region>
  <timeint>
    <startTime>527</startTime>
    <endTime>852</endTime>
  </timeint>
  <capacity>7.0</capacity>
</objects.Task>
<objects.Task>
  <id>56</id>
  <Description>Task#56</Description>
  <type>T</type>
  <type__id>1</type__id>
  <priority>1</priority>
  <resId>0</resId>
  <serviceTime>37</serviceTime>
  <node>
    <id>56</id>
    <latitude>8.404598971565036</latitude>
    <longitude>46.0216990542089</longitude>
  </node>
  <region>1</region>
  <timeint>
    <startTime>694</startTime>
    <endTime>1105</endTime>
  </timeint>
  <capacity>4.0</capacity>
</objects.Task>
<objects.Task>
  <id>57</id>
  <Description>Task#57</Description>
  <type>T</type>
  <type__id>1</type__id>
  <priority>1</priority>
  <resId>0</resId>
  <serviceTime>70</serviceTime>
  <node>
    <id>57</id>
    <latitude>8.498075850541262</latitude>
    <longitude>45.48312105189407</longitude>
  </node>
  <region>1</region>
  <timeint>
    <startTime>667</startTime>
    <endTime>934</endTime>
  </timeint>
  <capacity>2.0</capacity>
</objects.Task>
<objects.Task>
  <id>58</id>
  <Description>Task#58</Description>
  <type>T</type>
  <type__id>1</type__id>
  <priority>4</priority>
  <resId>0</resId>
  <serviceTime>40</serviceTime>
  <node>
    <id>58</id>
    <latitude>8.43435965879634</latitude>
    <longitude>46.223871812718514</longitude>
  </node>
  <region>1</region>
  <timeint>
    <startTime>632</startTime>
    <endTime>1092</endTime>
  </timeint>
  <capacity>3.0</capacity>
</objects.Task>
<objects.Task>
  <id>59</id>
  <Description>Task#59</Description>
  <type>T</type>
  <type__id>1</type__id>
  <priority>3</priority>
  <resId>0</resId>
  <serviceTime>44</serviceTime>
  <node>
    <id>59</id>
    <latitude>8.187448782270684</latitude>
    <longitude>46.437256858214354</longitude>
  </node>
  <region>1</region>
  <timeint>
    <startTime>649</startTime>
    <endTime>1063</endTime>
  </timeint>
  <capacity>9.0</capacity>
</objects.Task>
<objects.Task>
  <id>60</id>
  <Description>Task#60</Description>
  <type>T</type>
  <type__id>1</type__id>
  <priority>3</priority>
  <resId>0</resId>
  <serviceTime>33</serviceTime>
  <node>
    <id>60</id>
    <latitude>8.687701809542608</latitude>
    <longitude>46.07170851568416</longitude>
  </node>
  <region>1</region>
  <timeint>
    <startTime>691</startTime>
    <endTime>1089</endTime>
  </timeint>
  <capacity>4.0</capacity>
</objects.Task>
<objects.Task>
  <id>61</id>
  <Description>Task#61</Description>
  <type>T</type>
  <type__id>1</type__id>
  <priority>3</priority>
  <resId>0</resId>
  <serviceTime>44</serviceTime>
  <node>
    <id>61</id>
    <latitude>8.814805777237249</latitude>
    <longitude>46.93890898934878</longitude>
  </node>
  <region>1</region>
  <timeint>
    <startTime>664</startTime>
    <endTime>1158</endTime>
  </timeint>
  <capacity>4.0</capacity>
</objects.Task>
<objects.Task>
  <id>62</id>
  <Description>Task#62</Description>
  <type>T</type>
  <type__id>1</type__id>
  <priority>1</priority>
  <resId>0</resId>
  <serviceTime>89</serviceTime>
  <node>
    <id>62</id>
    <latitude>8.627922008898135</latitude>
    <longitude>46.11321912567462</longitude>
  </node>
  <region>1</region>
  <timeint>
    <startTime>569</startTime>
    <endTime>940</endTime>
  </timeint>
  <capacity>2.0</capacity>
</objects.Task>
<objects.Task>
  <id>63</id>
  <Description>Task#63</Description>
  <type>T</type>
  <type__id>1</type__id>
  <priority>3</priority>
  <resId>0</resId>
  <serviceTime>54</serviceTime>
  <node>
    <id>63</id>
    <latitude>9.892840651915925</latitude>
    <longitude>45.37220507084033</longitude>
  </node>
  <region>1</region>
  <timeint>
    <startTime>642</startTime>
    <endTime>1238</endTime>
  </timeint>
  <capacity>3.0</capacity>
</objects.Task>
<objects.Task>
  <id>64</id>
  <Description>Task#64</Description>
  <type>T</type>
  <type__id>1</type__id>
  <priority>1</priority>
  <resId>0</resId>
  <serviceTime>30</serviceTime>
  <node>
    <id>64</id>
    <latitude>10.50555199287323</latitude>
    <longitude>47.19693589477811</longitude>
  </node>
  <region>1</region>
  <timeint>
    <startTime>710</startTime>
    <endTime>994</endTime>
  </timeint>
  <capacity>6.0</capacity>
</objects.Task>
<objects.Task>
  <id>65</id>
  <Description>Task#65</Description>
  <type>T</type>
  <type__id>1</type__id>
  <priority>4</priority>
  <resId>0</resId>
  <serviceTime>81</serviceTime>
  <node>
    <id>65</id>
    <latitude>8.525698292508789</latitude>
    <longitude>45.910820603568375</longitude>
  </node>
  <region>1</region>
  <timeint>
    <startTime>490</startTime>
    <endTime>1039</endTime>
  </timeint>
  <capacity>5.0</capacity>
</objects.Task>
<objects.Task>
  <id>66</id>
  <Description>Task#66</Description>
  <type>T</type>
  <type__id>1</type__id>
  <priority>1</priority>
  <resId>0</resId>
  <serviceTime>81</serviceTime>
  <node>
    <id>66</id>
    <latitude>8.89366978984968</latitude>
    <longitude>45.987805283362455</longitude>
  </node>
  <region>1</region>
  <timeint>
    <startTime>616</startTime>
    <endTime>968</endTime>
  </timeint>
  <capacity>9.0</capacity>
</objects.Task>
<objects.Task>
  <id>67</id>
  <Description>Task#67</Description>
  <type>T</type>
  <type__id>1</type__id>
  <priority>2</priority>
  <resId>0</resId>
  <serviceTime>40</serviceTime>
  <node>
    <id>67</id>
    <latitude>8.74476320799921</latitude>
    <longitude>46.39544335783693</longitude>
  </node>
  <region>1</region>
  <timeint>
    <startTime>497</startTime>
    <endTime>895</endTime>
  </timeint>
  <capacity>1.0</capacity>
</objects.Task>
<objects.Task>
  <id>68</id>
  <Description>Task#68</Description>
  <type>T</type>
  <type__id>1</type__id>
  <priority>2</priority>
  <resId>0</resId>
  <serviceTime>67</serviceTime>
  <node>
    <id>68</id>
    <latitude>7.106758258926467</latitude>
    <longitude>47.723935552349104</longitude>
  </node>
  <region>1</region>
  <timeint>
    <startTime>526</startTime>
    <endTime>1063</endTime>
  </timeint>
  <capacity>7.0</capacity>
</objects.Task>
<objects.Task>
  <id>69</id>
  <Description>Task#69</Description>
  <type>T</type>
  <type__id>1</type__id>
  <priority>1</priority>
  <resId>0</resId>
  <serviceTime>71</serviceTime>
  <node>
    <id>69</id>
    <latitude>9.02101945074243</latitude>
    <longitude>45.00443303017783</longitude>
  </node>
  <region>1</region>
  <timeint>
    <startTime>547</startTime>
    <endTime>821</endTime>
  </timeint>
  <capacity>7.0</capacity>
</objects.Task>
<objects.Task>
  <id>70</id>
  <Description>Task#70</Description>
  <type>T</type>
  <type__id>1</type__id>
  <priority>3</priority>
  <resId>0</resId>
  <serviceTime>80</serviceTime>
  <node>
    <id>70</id>
    <latitude>8.001715708184523</latitude>
    <longitude>45.326804767045864</longitude>
  </node>
  <region>1</region>
  <timeint>
    <startTime>501</startTime>
    <endTime>1090</endTime>
  </timeint>
  <capacity>5.0</capacity>
</objects.Task>
<objects.Task>
  <id>71</id>
  <Description>Task#71</Description>
  <type>T</type>
  <type__id>1</type__id>
  <priority>2</priority>
  <resId>0</resId>
  <serviceTime>39</serviceTime>
  <node>
    <id>71</id>
    <latitude>8.500410152931162</latitude>
    <longitude>46.50517595452517</longitude>
  </node>
  <region>1</region>
  <timeint>
    <startTime>595</startTime>
    <endTime>1037</endTime>
  </timeint>
  <capacity>7.0</capacity>
</objects.Task>
<objects.Task>
  <id>72</id>
  <Description>Task#72</Description>
  <type>T</type>
  <type__id>1</type__id>
  <priority>1</priority>
  <resId>0</resId>
  <serviceTime>89</serviceTime>
  <node>
    <id>72</id>
    <latitude>8.381113459331015</latitude>
    <longitude>46.072500636591684</longitude>
  </node>
  <region>1</region>
  <timeint>
    <startTime>528</startTime>
    <endTime>1127</endTime>
  </timeint>
  <capacity>1.0</capacity>
</objects.Task>
<objects.Task>
  <id>73</id>
  <Description>Task#73</Description>
  <type>T</type>
  <type__id>1</type__id>
  <priority>3</priority>
  <resId>0</resId>
  <serviceTime>51</serviceTime>
  <node>
    <id>73</id>
    <latitude>9.22803230496509</latitude>
    <longitude>46.420156978020756</longitude>
  </node>
  <region>1</region>
  <timeint>
    <startTime>570</startTime>
    <endTime>859</endTime>
  </timeint>
  <capacity>5.0</capacity>
</objects.Task>
<objects.Task>
  <id>74</id>
  <Description>Task#74</Description>
  <type>T</type>
  <type__id>1</type__id>
  <priority>3</priority>
  <resId>0</resId>
  <serviceTime>51</serviceTime>
  <node>
    <id>74</id>
    <latitude>8.383926094193129</latitude>
    <longitude>46.061127824192745</longitude>
  </node>
  <region>1</region>
  <timeint>
    <startTime>502</startTime>
    <endTime>983</endTime>
  </timeint>
  <capacity>9.0</capacity>
</objects.Task>
<objects.Task>
  <id>75</id>
  <Description>Task#75</Description>
  <type>T</type>
  <type__id>1</type__id>
  <priority>3</priority>
  <resId>0</resId>
  <serviceTime>66</serviceTime>
  <node>
    <id>75</id>
    <latitude>13.13639037719415</latitude>
    <longitude>10.26956819550572</longitude>
  </node>
  <region>1</region>
  <timeint>
    <startTime>573</startTime>
    <endTime>1094</endTime>
  </timeint>
  <capacity>1.0</capacity>
</objects.Task>
<objects.Task>
  <id>76</id>
  <Description>Task#76</Description>
  <type>T</type>
  <type__id>1</type__id>
  <priority>3</priority>
  <resId>0</resId>
  <serviceTime>66</serviceTime>
  <node>
    <id>76</id>
    <latitude>12.631086075298624</latitude>
    <longitude>15.487450228914572</longitude>
  </node>
  <region>1</region>
  <timeint>
    <startTime>574</startTime>
    <endTime>822</endTime>
  </timeint>
  <capacity>3.0</capacity>
</objects.Task>
<objects.Task>
  <id>77</id>
  <Description>Task#77</Description>
  <type>T</type>
  <type__id>1</type__id>
  <priority>1</priority>
  <resId>0</resId>
  <serviceTime>62</serviceTime>
  <node>
    <id>77</id>
    <latitude>13.39276859122603</latitude>
    <longitude>15.61713767814752</longitude>
  </node>
  <region>1</region>
  <timeint>
    <startTime>663</startTime>
    <endTime>955</endTime>
  </timeint>
  <capacity>1.0</capacity>
</objects.Task>
<objects.Task>
  <id>78</id>
  <Description>Task#78</Description>
  <type>T</type>
  <type__id>1</type__id>
  <priority>1</priority>
  <resId>0</resId>
  <serviceTime>56</serviceTime>
  <node>
    <id>78</id>
    <latitude>13.39434830496263</latitude>
    <longitude>18.930978539998357</longitude>
  </node>
  <region>1</region>
  <timeint>
    <startTime>697</startTime>
    <endTime>1127</endTime>
  </timeint>
  <capacity>2.0</capacity>
</objects.Task>
<objects.Task>
  <id>79</id>
  <Description>Task#79</Description>
  <type>T</type>
  <type__id>1</type__id>
  <priority>4</priority>
  <resId>0</resId>
  <serviceTime>64</serviceTime>
  <node>
    <id>79</id>
    <latitude>12.382659985941196</latitude>
    <longitude>16.239488437435675</longitude>
  </node>
  <region>1</region>
  <timeint>
    <startTime>609</startTime>
    <endTime>903</endTime>
  </timeint>
  <capacity>4.0</capacity>
</objects.Task>
<objects.Task>
  <id>80</id>
  <Description>Task#80</Description>
  <type>T</type>
  <type__id>1</type__id>
  <priority>1</priority>
  <resId>0</resId>
  <serviceTime>72</serviceTime>
  <node>
    <id>80</id>
    <latitude>12.273274144547225</latitude>
    <longitude>15.668555200032891</longitude>
  </node>
  <region>1</region>
  <timeint>
    <startTime>607</startTime>
    <endTime>1187</endTime>
  </timeint>
  <capacity>6.0</capacity>
</objects.Task>
<objects.Task>
  <id>81</id>
  <Description>Task#81</Description>
  <type>T</type>
  <type__id>1</type__id>
  <priority>4</priority>
  <resId>0</resId>
  <serviceTime>77</serviceTime>
  <node>
    <id>81</id>
    <latitude>11.955182566708523</latitude>
    <longitude>14.836697524664372</longitude>
  </node>
  <region>1</region>
  <timeint>
    <startTime>504</startTime>
    <endTime>861</endTime>
  </timeint>
  <capacity>6.0</capacity>
</objects.Task>
<objects.Task>
  <id>82</id>
  <Description>Task#82</Description>
  <type>T</type>
  <type__id>1</type__id>
  <priority>3</priority>
  <resId>0</resId>
  <serviceTime>53</serviceTime>
  <node>
    <id>82</id>
    <latitude>12.2811151474398</latitude>
    <longitude>15.943296930475519</longitude>
  </node>
  <region>1</region>
  <timeint>
    <startTime>583</startTime>
    <endTime>1140</endTime>
  </timeint>
  <capacity>2.0</capacity>
</objects.Task>
<objects.Task>
  <id>83</id>
  <Description>Task#83</Description>
  <type>T</type>
  <type__id>1</type__id>
  <priority>1</priority>
  <resId>0</resId>
  <serviceTime>70</serviceTime>
  <node>
    <id>83</id>
    <latitude>12.787643843481186</latitude>
    <longitude>15.658121759170331</longitude>
  </node>
  <region>1</region>
  <timeint>
    <startTime>539</startTime>
    <endTime>814</endTime>
  </timeint>
  <capacity>7.0</capacity>
</objects.Task>
<objects.Task>
  <id>84</id>
  <Description>Task#84</Description>
  <type>T</type>
  <type__id>1</type__id>
  <priority>4</priority>
  <resId>0</resId>
  <serviceTime>48</serviceTime>
  <node>
    <id>84</id>
    <latitude>13.007081792652926</latitude>
    <longitude>15.468753895111956</longitude>
  </node>
  <region>1</region>
  <timeint>
    <startTime>572</startTime>
    <endTime>1019</endTime>
  </timeint>
  <capacity>3.0</capacity>
</objects.Task>
<objects.Task>
  <id>85</id>
  <Description>Task#85</Description>
  <type>T</type>
  <type__id>1</type__id>
  <priority>1</priority>
  <resId>0</resId>
  <serviceTime>34</serviceTime>
  <node>
    <id>85</id>
    <latitude>13.87920092451833</latitude>
    <longitude>17.77178117543506</longitude>
  </node>
  <region>1</region>
  <timeint>
    <startTime>637</startTime>
    <endTime>883</endTime>
  </timeint>
  <capacity>4.0</capacity>
</objects.Task>
<objects.Task>
  <id>86</id>
  <Description>Task#86</Description>
  <type>T</type>
  <type__id>1</type__id>
  <priority>3</priority>
  <resId>0</resId>
  <serviceTime>75</serviceTime>
  <node>
    <id>86</id>
    <latitude>9.90480380967239</latitude>
    <longitude>14.543372753651042</longitude>
  </node>
  <region>1</region>
  <timeint>
    <startTime>538</startTime>
    <endTime>1090</endTime>
  </timeint>
  <capacity>2.0</capacity>
</objects.Task>
<objects.Task>
  <id>87</id>
  <Description>Task#87</Description>
  <type>T</type>
  <type__id>1</type__id>
  <priority>2</priority>
  <resId>0</resId>
  <serviceTime>79</serviceTime>
  <node>
    <id>87</id>
    <latitude>12.637393193058912</latitude>
    <longitude>14.341185005501965</longitude>
  </node>
  <region>1</region>
  <timeint>
    <startTime>669</startTime>
    <endTime>1116</endTime>
  </timeint>
  <capacity>2.0</capacity>
</objects.Task>
<objects.Task>
  <id>88</id>
  <Description>Task#88</Description>
  <type>T</type>
  <type__id>1</type__id>
  <priority>2</priority>
  <resId>0</resId>
  <serviceTime>69</serviceTime>
  <node>
    <id>88</id>
    <latitude>12.933574365718469</latitude>
    <longitude>15.339186563120851</longitude>
  </node>
  <region>1</region>
  <timeint>
    <startTime>581</startTime>
    <endTime>961</endTime>
  </timeint>
  <capacity>5.0</capacity>
</objects.Task>
<objects.Task>
  <id>89</id>
  <Description>Task#89</Description>
  <type>T</type>
  <type__id>1</type__id>
  <priority>1</priority>
  <resId>0</resId>
  <serviceTime>89</serviceTime>
  <node>
    <id>89</id>
    <latitude>14.415960774094485</latitude>
    <longitude>15.827267581855311</longitude>
  </node>
  <region>1</region>
  <timeint>
    <startTime>640</startTime>
    <endTime>958</endTime>
  </timeint>
  <capacity>1.0</capacity>
</objects.Task>
<objects.Task>
  <id>90</id>
  <Description>Task#90</Description>
  <type>T</type>
  <type__id>1</type__id>
  <priority>1</priority>
  <resId>0</resId>
  <serviceTime>75</serviceTime>
  <node>
    <id>90</id>
    <latitude>12.479652968078467</latitude>
    <longitude>15.554964056569704</longitude>
  </node>
  <region>1</region>
  <timeint>
    <startTime>486</startTime>
    <endTime>1067</endTime>
  </timeint>
  <capacity>3.0</capacity>
</objects.Task>
<objects.Task>
  <id>91</id>
  <Description>Task#91</Description>
  <type>T</type>
  <type__id>1</type__id>
  <priority>4</priority>
  <resId>0</resId>
  <serviceTime>43</serviceTime>
  <node>
    <id>91</id>
    <latitude>12.607226101434176</latitude>
    <longitude>15.485750337367625</longitude>
  </node>
  <region>1</region>
  <timeint>
    <startTime>514</startTime>
    <endTime>868</endTime>
  </timeint>
  <capacity>1.0</capacity>
</objects.Task>
<objects.Task>
  <id>92</id>
  <Description>Task#92</Description>
  <type>T</type>
  <type__id>1</type__id>
  <priority>1</priority>
  <resId>0</resId>
  <serviceTime>87</serviceTime>
  <node>
    <id>92</id>
    <latitude>12.795902776861917</latitude>
    <longitude>16.17197634353418</longitude>
  </node>
  <region>1</region>
  <timeint>
    <startTime>612</startTime>
    <endTime>1064</endTime>
  </timeint>
  <capacity>9.0</capacity>
</objects.Task>
<objects.Task>
  <id>93</id>
  <Description>Task#93</Description>
  <type>T</type>
  <type__id>1</type__id>
  <priority>3</priority>
  <resId>0</resId>
  <serviceTime>34</serviceTime>
  <node>
    <id>93</id>
    <latitude>14.339176186699762</latitude>
    <longitude>16.645852683467478</longitude>
  </node>
  <region>1</region>
  <timeint>
    <startTime>705</startTime>
    <endTime>1132</endTime>
  </timeint>
  <capacity>6.0</capacity>
</objects.Task>
<objects.Task>
  <id>94</id>
  <Description>Task#94</Description>
  <type>T</type>
  <type__id>1</type__id>
  <priority>1</priority>
  <resId>0</resId>
  <serviceTime>46</serviceTime>
  <node>
    <id>94</id>
    <latitude>12.49461299336513</latitude>
    <longitude>15.547974360412137</longitude>
  </node>
  <region>1</region>
  <timeint>
    <startTime>481</startTime>
    <endTime>862</endTime>
  </timeint>
  <capacity>3.0</capacity>
</objects.Task>
<objects.Task>
  <id>95</id>
  <Description>Task#95</Description>
  <type>T</type>
  <type__id>1</type__id>
  <priority>3</priority>
  <resId>0</resId>
  <serviceTime>36</serviceTime>
  <node>
    <id>95</id>
    <latitude>12.951075756049656</latitude>
    <longitude>15.384099264303789</longitude>
  </node>
  <region>1</region>
  <timeint>
    <startTime>552</startTime>
    <endTime>859</endTime>
  </timeint>
  <capacity>7.0</capacity>
</objects.Task>
<objects.Task>
  <id>96</id>
  <Description>Task#96</Description>
  <type>T</type>
  <type__id>1</type__id>
  <priority>4</priority>
  <resId>0</resId>
  <serviceTime>88</serviceTime>
  <node>
    <id>96</id>
    <latitude>12.964642316134746</latitude>
    <longitude>16.09103250980007</longitude>
  </node>
  <region>1</region>
  <timeint>
    <startTime>702</startTime>
    <endTime>1197</endTime>
  </timeint>
  <capacity>5.0</capacity>
</objects.Task>
<objects.Task>
  <id>97</id>
  <Description>Task#97</Description>
  <type>T</type>
  <type__id>1</type__id>
  <priority>3</priority>
  <resId>0</resId>
  <serviceTime>87</serviceTime>
  <node>
    <id>97</id>
    <latitude>12.724102665092138</latitude>
    <longitude>15.43344749127725</longitude>
  </node>
  <region>1</region>
  <timeint>
    <startTime>503</startTime>
    <endTime>1086</endTime>
  </timeint>
  <capacity>9.0</capacity>
</objects.Task>
<objects.Task>
  <id>98</id>
  <Description>Task#98</Description>
  <type>T</type>
  <type__id>1</type__id>
  <priority>4</priority>
  <resId>0</resId>
  <serviceTime>44</serviceTime>
  <node>
    <id>98</id>
    <latitude>12.608992106613856</latitude>
    <longitude>16.699335976344475</longitude>
  </node>
  <region>1</region>
  <timeint>
    <startTime>689</startTime>
    <endTime>1236</endTime>
  </timeint>
  <capacity>5.0</capacity>
</objects.Task>
<objects.Task>
  <id>99</id>
  <Description>Task#99</Description>
  <type>T</type>
  <type__id>1</type__id>
  <priority>2</priority>
  <resId>0</resId>
  <serviceTime>76</serviceTime>
  <node>
    <id>99</id>
    <latitude>12.676818348066798</latitude>
    <longitude>16.945926665418206</longitude>
  </node>
  <region>1</region>
  <timeint>
    <startTime>529</startTime>
    <endTime>1097</endTime>
  </timeint>
  <capacity>5.0</capacity>
</objects.Task>
<objects.Resource>
  <id>1</id>
  <description>Technician1</description>
  <region>1</region>
  <availability>
    <startTime>550</startTime>
    <endTime>1053</endTime>
  </availability>
  <breakTime>
    <startTime>814</startTime>
    <endTime>1283</endTime>
  </breakTime>
  <origin>
    <id>101</id>
    <latitude>25.162998419129266</latitude>
    <longitude>25.424609691112728</longitude>
  </origin>
  <destination>
    <id>101</id>
    <latitude>25.162998419129266</latitude>
    <longitude>25.424609691112728</longitude>
  </destination>
  <capacity>0.0</capacity>
  <skill>8</skill>
</objects.Resource>
<objects.Resource>
  <id>2</id>
  <description>Technician2</description>
  <region>1</region>
  <availability>
    <startTime>595</startTime>
    <endTime>1160</endTime>
  </availability>
  <breakTime>
    <startTime>845</startTime>
    <endTime>1240</endTime>
  </breakTime>
  <origin>
    <id>103</id>
    <latitude>25.08079412705737</latitude>
    <longitude>24.542406024703023</longitude>
  </origin>
  <destination>
    <id>103</id>
    <latitude>25.08079412705737</latitude>
    <longitude>24.542406024703023</longitude>
  </destination>
  <capacity>0.0</capacity>
  <skill>4</skill>
</objects.Resource>
<objects.Resource>
  <id>3</id>
  <description>Technician3</description>
  <region>1</region>
  <availability>
    <startTime>538</startTime>
    <endTime>1094</endTime>
  </availability>
  <breakTime>
    <startTime>854</startTime>
    <endTime>944</endTime>
  </breakTime>
  <origin>
    <id>105</id>
    <latitude>25.498020501131887</latitude>
    <longitude>24.1736642307408</longitude>
  </origin>
  <destination>
    <id>105</id>
    <latitude>25.498020501131887</latitude>
    <longitude>24.1736642307408</longitude>
  </destination>
  <capacity>0.0</capacity>
  <skill>8</skill>
</objects.Resource>
<objects.Resource>
  <id>4</id>
  <description>Technician4</description>
  <region>1</region>
  <availability>
    <startTime>485</startTime>
    <endTime>976</endTime>
  </availability>
  <breakTime>
    <startTime>891</startTime>
    <endTime>1002</endTime>
  </breakTime>
  <origin>
    <id>107</id>
    <latitude>25.643798481646247</latitude>
    <longitude>23.88249653971279</longitude>
  </origin>
  <destination>
    <id>107</id>
    <latitude>25.643798481646247</latitude>
    <longitude>23.88249653971279</longitude>
  </destination>
  <capacity>0.0</capacity>
  <skill>6</skill>
</objects.Resource>
<objects.Resource>
  <id>5</id>
  <description>Technician5</description>
  <region>1</region>
  <availability>
    <startTime>666</startTime>
    <endTime>1221</endTime>
  </availability>
  <breakTime>
    <startTime>994</startTime>
    <endTime>1465</endTime>
  </breakTime>
  <origin>
    <id>109</id>
    <latitude>26.633927426868894</latitude>
    <longitude>26.859093233358948</longitude>
  </origin>
  <destination>
    <id>109</id>
    <latitude>26.633927426868894</latitude>
    <longitude>26.859093233358948</longitude>
  </destination>
  <capacity>0.0</capacity>
  <skill>0</skill>
</objects.Resource>
<objects.Resource>
  <id>6</id>
  <description>Technician6</description>
  <region>1</region>
  <availability>
    <startTime>600</startTime>
    <endTime>1171</endTime>
  </availability>
  <breakTime>
    <startTime>997</startTime>
    <endTime>1257</endTime>
  </breakTime>
  <origin>
    <id>111</id>
    <latitude>26.815445846349956</latitude>
    <longitude>26.35471141426968</longitude>
  </origin>
  <destination>
    <id>111</id>
    <latitude>26.815445846349956</latitude>
    <longitude>26.35471141426968</longitude>
  </destination>
  <capacity>0.0</capacity>
  <skill>6</skill>
</objects.Resource>
<objects.Resource>
  <id>7</id>
  <description>Technician7</description>
  <region>1</region>
  <availability>
    <startTime>641</startTime>
    <endTime>1225</endTime>
  </availability>
  <breakTime>
    <startTime>951</startTime>
    <endTime>1395</endTime>
  </breakTime>
  <origin>
    <id>113</id>
    <latitude>26.880124193151197</latitude>
    <longitude>23.193339456161475</longitude>
  </origin>
  <destination>
    <id>113</id>
    <latitude>26.880124193151197</latitude>
    <longitude>23.193339456161475</longitude>
  </destination>
  <capacity>0.0</capacity>
  <skill>5</skill>
</objects.Resource>
<objects.Resource>
  <id>8</id>
  <description>Technician8</description>
  <region>1</region>
  <availability>
    <startTime>554</startTime>
    <endTime>1080</endTime>
  </availability>
  <breakTime>
    <startTime>947</startTime>
    <endTime>1305</endTime>
  </breakTime>
  <origin>
    <id>115</id>
    <latitude>26.19119039208494</latitude>
    <longitude>25.42635482527731</longitude>
  </origin>
  <destination>
    <id>115</id>
    <latitude>26.19119039208494</latitude>
    <longitude>25.42635482527731</longitude>
  </destination>
  <capacity>0.0</capacity>
  <skill>0</skill>
</objects.Resource>
<objects.Resource>
  <id>9</id>
  <description>Technician9</description>
  <region>1</region>
  <availability>
    <startTime>552</startTime>
    <endTime>1101</endTime>
  </availability>
  <breakTime>
    <startTime>883</startTime>
    <endTime>1462</endTime>
  </breakTime>
  <origin>
    <id>117</id>
    <latitude>24.064666199325433</latitude>
    <longitude>24.897011835550817</longitude>
  </origin>
  <destination>
    <id>117</id>
    <latitude>24.064666199325433</latitude>
    <longitude>24.897011835550817</longitude>
  </destination>
  <capacity>0.0</capacity>
  <skill>3</skill>
</objects.Resource>
<objects.Resource>
  <id>10</id>
  <description>Technician10</description>
  <region>1</region>
  <availability>
    <startTime>716</startTime>
    <endTime>1225</endTime>
  </availability>
  <breakTime>
    <startTime>1128</startTime>
    <endTime>1423</endTime>
  </breakTime>
  <origin>
    <id>119</id>
    <latitude>25.621153854567392</latitude>
    <longitude>24.933330658810256</longitude>
  </origin>
  <destination>
    <id>119</id>
    <latitude>25.621153854567392</latitude>
    <longitude>24.933330658810256</longitude>
  </destination>
  <capacity>0.0</capacity>
  <skill>4</skill>
</objects.Resource>
