<objects.Task>
  <id>0</id>
  <Description>Task#0</Description>
  <type>T</type>
  <type__id>1</type__id>
  <priority>3</priority>
  <resId>0</resId>
  <serviceTime>50</serviceTime>
  <node>
    <id>0</id>
    <latitude>15.047100313306967</latitude>
    <longitude>22.307115559834962</longitude>
  </node>
  <region>1</region>
  <timeint>
    <startTime>584</startTime>
    <endTime>918</endTime>
  </timeint>
  <capacity>2.0</capacity>
</objects.Task>
<objects.Task>
  <id>1</id>
  <Description>Task#1</Description>
  <type>T</type>
  <type__id>1</type__id>
  <priority>3</priority>
  <resId>0</resId>
  <serviceTime>36</serviceTime>
  <node>
    <id>1</id>
    <latitude>16.555756742292086</latitude>
    <longitude>25.530298165102288</longitude>
  </node>
  <region>1</region>
  <timeint>
    <startTime>618</startTime>
    <endTime>999</endTime>
  </timeint>
  <capacity>6.0</capacity>
</objects.Task>
<objects.Task>
  <id>2</id>
  <Description>Task#2</Description>
  <type>T</type>
  <type__id>1</type__id>
  <priority>2</priority>
  <resId>0</resId>
  <serviceTime>51</serviceTime>
  <node>
    <id>2</id>
    <latitude>16.084729024130123</latitude>
    <longitude>23.816110018683844</longitude>
  </node>
  <region>1</region>
  <timeint>
    <startTime>489</startTime>
    <endTime>1060</endTime>
  </timeint>
  <capacity>4.0</capacity>
</objects.Task>
<objects.Task>
  <id>3</id>
  <Description>Task#3</Description>
  <type>T</type>
  <type__id>1</type__id>
  <priority>3</priority>
  <resId>0</resId>
  <serviceTime>70</serviceTime>
  <node>
    <id>3</id>
    <latitude>16.63675101472494</latitude>
    <longitude>25.671182903151283</longitude>
  </node>
  <region>1</region>
  <timeint>
    <startTime>597</startTime>
    <endTime>1018</endTime>
  </timeint>
  <capacity>6.0</capacity>
</objects.Task>
<objects.Task>
  <id>4</id>
  <Description>Task#4</Description>
  <type>T</type>
  <type__id>1</type__id>
  <priority>2</priority>
  <resId>0</resId>
  <serviceTime>73</serviceTime>
  <node>
    <id>4</id>
    <latitude>16.76361006576289</latitude>
    <longitude>24.99796967750155</longitude>
  </node>
  <region>1</region>
  <timeint>
    <startTime>662</startTime>
    <endTime>1024</endTime>
  </timeint>
  <capacity>5.0</capacity>
</objects.Task>
<objects.Task>
  <id>5</id>
  <Description>Task#5</Description>
  <type>T</type>
  <type__id>1</type__id>
  <priority>4</priority>
  <resId>0</resId>
  <serviceTime>74</serviceTime>
  <node>
    <id>5</id>
    <latitude>11.12955747391688</latitude>
    <longitude>24.748458139634646</longitude>
  </node>
  <region>1</region>
  <timeint>
    <startTime>497</startTime>
    <endTime>876</endTime>
  </timeint>
  <capacity>2.0</capacity>
</objects.Task>
<objects.Task>
  <id>6</id>
  <Description>Task#6</Description>
  <type>T</type>
  <type__id>1</type__id>
  <priority>3</priority>
  <resId>0</resId>
  <serviceTime>62</serviceTime>
  <node>
    <id>6</id>
    <latitude>16.760185903249663</latitude>
    <longitude>25.359719689769122</longitude>
  </node>
  <region>1</region>
  <timeint>
    <startTime>628</startTime>
    <endTime>1007</endTime>
  </timeint>
  <capacity>6.0</capacity>
</objects.Task>
<objects.Task>
  <id>7</id>
  <Description>Task#7</Description>
  <type>T</type>
  <type__id>1</type__id>
  <priority>4</priority>
  <resId>0</resId>
  <serviceTime>73</serviceTime>
  <node>
    <id>7</id>
    <latitude>16.740146238117525</latitude>
    <longitude>25.09922928230615</longitude>
  </node>
  <region>1</region>
  <timeint>
    <startTime>517</startTime>
    <endTime>876</endTime>
  </timeint>
  <capacity>5.0</capacity>
</objects.Task>
<objects.Task>
  <id>8</id>
  <Description>Task#8</Description>
  <type>T</type>
  <type__id>1</type__id>
  <priority>3</priority>
  <resId>0</resId>
  <serviceTime>50</serviceTime>
  <node>
    <id>8</id>
    <latitude>17.081440828020213</latitude>
    <longitude>24.833057311987883</longitude>
  </node>
  <region>1</region>
  <timeint>
    <startTime>697</startTime>
    <endTime>998</endTime>
  </timeint>
  <capacity>7.0</capacity>
</objects.Task>
<objects.Task>
  <id>9</id>
  <Description>Task#9</Description>
  <type>T</type>
  <type__id>1</type__id>
  <priority>4</priority>
  <resId>0</resId>
  <serviceTime>40</serviceTime>
  <node>
    <id>9</id>
    <latitude>16.916410266057415</latitude>
    <longitude>25.576402024544613</longitude>
  </node>
  <region>1</region>
  <timeint>
    <startTime>683</startTime>
    <endTime>1258</endTime>
  </timeint>
  <capacity>7.0</capacity>
</objects.Task>
<objects.Task>
  <id>10</id>
  <Description>Task#10</Description>
  <type>T</type>
  <type__id>1</type__id>
  <priority>3</priority>
  <resId>0</resId>
  <serviceTime>32</serviceTime>
  <node>
    <id>10</id>
    <latitude>16.844218345861627</latitude>
    <longitude>25.449299952521987</longitude>
  </node>
  <region>1</region>
  <timeint>
    <startTime>628</startTime>
    <endTime>1006</endTime>
  </timeint>
  <capacity>2.0</capacity>
</objects.Task>
<objects.Task>
  <id>11</id>
  <Description>Task#11</Description>
  <type>T</type>
  <type__id>1</type__id>
  <priority>4</priority>
  <resId>0</resId>
  <serviceTime>46</serviceTime>
  <node>
    <id>11</id>
    <latitude>15.539344726817975</latitude>
    <longitude>27.714707296195414</longitude>
  </node>
  <region>1</region>
  <timeint>
    <startTime>611</startTime>
    <endTime>987</endTime>
  </timeint>
  <capacity>1.0</capacity>
</objects.Task>
<objects.Task>
  <id>12</id>
  <Description>Task#12</Description>
  <type>T</type>
  <type__id>1</type__id>
  <priority>1</priority>
  <resId>0</resId>
  <serviceTime>68</serviceTime>
  <node>
    <id>12</id>
    <latitude>17.08158686020808</latitude>
    <longitude>25.634425196456434</longitude>
  </node>
  <region>1</region>
  <timeint>
    <startTime>710</startTime>
    <endTime>1116</endTime>
  </timeint>
  <capacity>2.0</capacity>
</objects.Task>
<objects.Task>
  <id>13</id>
  <Description>Task#13</Description>
  <type>T</type>
  <type__id>1</type__id>
  <priority>3</priority>
  <resId>0</resId>
  <serviceTime>54</serviceTime>
  <node>
    <id>13</id>
    <latitude>19.55956820232216</latitude>
    <longitude>23.230226063003553</longitude>
  </node>
  <region>1</region>
  <timeint>
    <startTime>553</startTime>
    <endTime>805</endTime>
  </timeint>
  <capacity>0.0</capacity>
</objects.Task>
<objects.Task>
  <id>14</id>
  <Description>Task#14</Description>
  <type>T</type>
  <type__id>1</type__id>
  <priority>4</priority>
  <resId>0</resId>
  <serviceTime>53</serviceTime>
  <node>
    <id>14</id>
    <latitude>16.09396727261965</latitude>
    <longitude>24.426493517873325</longitude>
  </node>
  <region>1</region>
  <timeint>
    <startTime>608</startTime>
    <endTime>904</endTime>
  </timeint>
  <capacity>4.0</capacity>
</objects.Task>
<objects.Task>
  <id>15</id>
  <Description>Task#15</Description>
  <type>T</type>
  <type__id>1</type__id>
  <priority>3</priority>
  <resId>0</resId>
  <serviceTime>34</serviceTime>
  <node>
    <id>15</id>
    <latitude>15.914677575959342</latitude>
    <longitude>24.425161425287264</longitude>
  </node>
  <region>1</region>
  <timeint>
    <startTime>656</startTime>
    <endTime>1017</endTime>
  </timeint>
  <capacity>8.0</capacity>
</objects.Task>
<objects.Task>
  <id>16</id>
  <Description>Task#16</Description>
  <type>T</type>
  <type__id>1</type__id>
  <priority>1</priority>
  <resId>0</resId>
  <serviceTime>41</serviceTime>
  <node>
    <id>16</id>
    <latitude>16.75362037126606</latitude>
    <longitude>25.257534214147345</longitude>
  </node>
  <region>1</region>
  <timeint>
    <startTime>609</startTime>
    <endTime>1151</endTime>
  </timeint>
  <capacity>7.0</capacity>
</objects.Task>
<objects.Task>
  <id>17</id>
  <Description>Task#17</Description>
  <type>T</type>
  <type__id>1</type__id>
  <priority>3</priority>
  <resId>0</resId>
  <serviceTime>77</serviceTime>
  <node>
    <id>17</id>
    <latitude>21.10335276581486</latitude>
    <longitude>26.577962499991298</longitude>
  </node>
  <region>1</region>
  <timeint>
    <startTime>657</startTime>
    <endTime>1122</endTime>
  </timeint>
  <capacity>5.0</capacity>
</objects.Task>
<objects.Task>
  <id>18</id>
  <Description>Task#18</Description>
  <type>T</type>
  <type__id>1</type__id>
  <priority>1</priority>
  <resId>0</resId>
  <serviceTime>51</serviceTime>
  <node>
    <id>18</id>
    <latitude>20.082039044600503</latitude>
    <longitude>25.89824470173135</longitude>
  </node>
  <region>1</region>
  <timeint>
    <startTime>558</startTime>
    <endTime>899</endTime>
  </timeint>
  <capacity>2.0</capacity>
</objects.Task>
<objects.Task>
  <id>19</id>
  <Description>Task#19</Description>
  <type>T</type>
  <type__id>1</type__id>
  <priority>2</priority>
  <resId>0</resId>
  <serviceTime>44</serviceTime>
  <node>
    <id>19</id>
    <latitude>16.868091154282133</latitude>
    <longitude>25.683415206903174</longitude>
  </node>
  <region>1</region>
  <timeint>
    <startTime>566</startTime>
    <endTime>1046</endTime>
  </timeint>
  <capacity>5.0</capacity>
</objects.Task>
<objects.Task>
  <id>20</id>
  <Description>Task#20</Description>
  <type>T</type>
  <type__id>1</type__id>
  <priority>1</priority>
  <resId>0</resId>
  <serviceTime>35</serviceTime>
  <node>
    <id>20</id>
    <latitude>17.375190295941806</latitude>
    <longitude>25.59565228606516</longitude>
  </node>
  <region>1</region>
  <timeint>
    <startTime>562</startTime>
    <endTime>965</endTime>
  </timeint>
  <capacity>8.0</capacity>
</objects.Task>
<objects.Task>
  <id>21</id>
  <Description>Task#21</Description>
  <type>T</type>
  <type__id>1</type__id>
  <priority>2</priority>
  <resId>0</resId>
  <serviceTime>45</serviceTime>
  <node>
    <id>21</id>
    <latitude>17.10104019832535</latitude>
    <longitude>24.5715687542578</longitude>
  </node>
  <region>1</region>
  <timeint>
    <startTime>711</startTime>
    <endTime>1160</endTime>
  </timeint>
  <capacity>2.0</capacity>
</objects.Task>
<objects.Task>
  <id>22</id>
  <Description>Task#22</Description>
  <type>T</type>
  <type__id>1</type__id>
  <priority>3</priority>
  <resId>0</resId>
  <serviceTime>53</serviceTime>
  <node>
    <id>22</id>
    <latitude>20.630090948131677</latitude>
    <longitude>20.51605821773063</longitude>
  </node>
  <region>1</region>
  <timeint>
    <startTime>599</startTime>
    <endTime>1184</endTime>
  </timeint>
  <capacity>6.0</capacity>
</objects.Task>
<objects.Task>
  <id>23</id>
  <Description>Task#23</Description>
  <type>T</type>
  <type__id>1</type__id>
  <priority>1</priority>
  <resId>0</resId>
  <serviceTime>38</serviceTime>
  <node>
    <id>23</id>
    <latitude>16.792482627606923</latitude>
    <longitude>25.36810391554771</longitude>
  </node>
  <region>1</region>
  <timeint>
    <startTime>609</startTime>
    <endTime>1089</endTime>
  </timeint>
  <capacity>6.0</capacity>
</objects.Task>
<objects.Task>
  <id>24</id>
  <Description>Task#24</Description>
  <type>T</type>
  <type__id>1</type__id>
  <priority>4</priority>
  <resId>0</resId>
  <serviceTime>37</serviceTime>
  <node>
    <id>24</id>
    <latitude>16.36547537125425</latitude>
    <longitude>25.929573960570185</longitude>
  </node>
  <region>1</region>
  <timeint>
    <startTime>621</startTime>
    <endTime>1092</endTime>
  </timeint>
  <capacity>3.0</capacity>
</objects.Task>
<objects.Task>
  <id>25</id>
  <Description>Task#25</Description>
  <type>T</type>
  <type__id>1</type__id>
  <priority>2</priority>
  <resId>0</resId>
  <serviceTime>76</serviceTime>
  <node>
    <id>25</id>
    <latitude>5.188606565884533</latitude>
    <longitude>28.184708702505556</longitude>
  </node>
  <region>1</region>
  <timeint>
    <startTime>534</startTime>
    <endTime>1053</endTime>
  </timeint>
  <capacity>3.0</capacity>
</objects.Task>
<objects.Task>
  <id>26</id>
  <Description>Task#26</Description>
  <type>T</type>
  <type__id>1</type__id>
  <priority>1</priority>
  <resId>0</resId>
  <serviceTime>68</serviceTime>
  <node>
    <id>26</id>
    <latitude>5.353251224095555</latitude>
    <longitude>28.380835777847466</longitude>
  </node>
  <region>1</region>
  <timeint>
    <startTime>549</startTime>
    <endTime>882</endTime>
  </timeint>
  <capacity>9.0</capacity>
</objects.Task>
<objects.Task>
  <id>27</id>
  <Description>Task#27</Description>
  <type>T</type>
  <type__id>1</type__id>
  <priority>2</priority>
  <resId>0</resId>
  <serviceTime>58</serviceTime>
  <node>
    <id>27</id>
    <latitude>4.42978889157715</latitude>
    <longitude>26.901265118991923</longitude>
  </node>
  <region>1</region>
  <timeint>
    <startTime>663</startTime>
    <endTime>1033</endTime>
  </timeint>
  <capacity>9.0</capacity>
</objects.Task>
<objects.Task>
  <id>28</id>
  <Description>Task#28</Description>
  <type>T</type>
  <type__id>1</type__id>
  <priority>3</priority>
  <resId>0</resId>
  <serviceTime>68</serviceTime>
  <node>
    <id>28</id>
    <latitude>5.1435408293869</latitude>
    <longitude>27.272972839001607</longitude>
  </node>
  <region>1</region>
  <timeint>
    <startTime>707</startTime>
    <endTime>1283</endTime>
  </timeint>
  <capacity>4.0</capacity>
</objects.Task>
<objects.Task>
  <id>29</id>
  <Description>Task#29</Description>
  <type>T</type>
  <type__id>1</type__id>
  <priority>4</priority>
  <resId>0</resId>
  <serviceTime>59</serviceTime>
  <node>
    <id>29</id>
    <latitude>6.416027638805001</latitude>
    <longitude>28.57892542214058</longitude>
  </node>
  <region>1</region>
  <timeint>
    <startTime>679</startTime>
    <endTime>950</endTime>
  </timeint>
  <capacity>1.0</capacity>
</objects.Task>
<objects.Task>
  <id>30</id>
  <Description>Task#30</Description>
  <type>T</type>
  <type__id>1</type__id>
  <priority>3</priority>
  <resId>0</resId>
  <serviceTime>32</serviceTime>
  <node>
    <id>30</id>
    <latitude>2.3901743903980055</latitude>
    <longitude>30.620187164657494</longitude>
  </node>
  <region>1</region>
  <timeint>
    <startTime>560</startTime>
    <endTime>894</endTime>
  </timeint>
  <capacity>7.0</capacity>
</objects.Task>
<objects.Task>
  <id>31</id>
  <Description>Task#31</Description>
  <type>T</type>
  <type__id>1</type__id>
  <priority>1</priority>
  <resId>0</resId>
  <serviceTime>72</serviceTime>
  <node>
    <id>31</id>
    <latitude>5.127732384609571</latitude>
    <longitude>27.35872173319292</longitude>
  </node>
  <region>1</region>
  <timeint>
    <startTime>571</startTime>
    <endTime>1137</endTime>
  </timeint>
  <capacity>8.0</capacity>
</objects.Task>
<objects.Task>
  <id>32</id>
  <Description>Task#32</Description>
  <type>T</type>
  <type__id>1</type__id>
  <priority>3</priority>
  <resId>0</resId>
  <serviceTime>52</serviceTime>
  <node>
    <id>32</id>
    <latitude>4.517169401725322</latitude>
    <longitude>28.376518397400744</longitude>
  </node>
  <region>1</region>
  <timeint>
    <startTime>713</startTime>
    <endTime>1159</endTime>
  </timeint>
  <capacity>8.0</capacity>
</objects.Task>
<objects.Task>
  <id>33</id>
  <Description>Task#33</Description>
  <type>T</type>
  <type__id>1</type__id>
  <priority>1</priority>
  <resId>0</resId>
  <serviceTime>61</serviceTime>
  <node>
    <id>33</id>
    <latitude>6.414558941158438</latitude>
    <longitude>28.583726565895994</longitude>
  </node>
  <region>1</region>
  <timeint>
    <startTime>485</startTime>
    <endTime>786</endTime>
  </timeint>
  <capacity>5.0</capacity>
</objects.Task>
<objects.Task>
  <id>34</id>
  <Description>Task#34</Description>
  <type>T</type>
  <type__id>1</type__id>
  <priority>4</priority>
  <resId>0</resId>
  <serviceTime>34</serviceTime>
  <node>
    <id>34</id>
    <latitude>5.290286009014743</latitude>
    <longitude>28.519641981221845</longitude>
  </node>
  <region>1</region>
  <timeint>
    <startTime>599</startTime>
    <endTime>955</endTime>
  </timeint>
  <capacity>5.0</capacity>
</objects.Task>
<objects.Task>
  <id>35</id>
  <Description>Task#35</Description>
  <type>T</type>
  <type__id>1</type__id>
  <priority>3</priority>
  <resId>0</resId>
  <serviceTime>77</serviceTime>
  <node>
    <id>35</id>
    <latitude>4.886529929524255</latitude>
    <longitude>28.092500937650048</longitude>
  </node>
  <region>1</region>
  <timeint>
    <startTime>657</startTime>
    <endTime>1133</endTime>
  </timeint>
  <capacity>0.0</capacity>
</objects.Task>
<objects.Task>
  <id>36</id>
  <Description>Task#36</Description>
  <type>T</type>
  <type__id>1</type__id>
  <priority>2</priority>
  <resId>0</resId>
  <serviceTime>79</serviceTime>
  <node>
    <id>36</id>
    <latitude>5.299570531284843</latitude>
    <longitude>28.520222275026544</longitude>
  </node>
  <region>1</region>
  <timeint>
    <startTime>674</startTime>
    <endTime>993</endTime>
  </timeint>
  <capacity>2.0</capacity>
</objects.Task>
<objects.Task>
  <id>37</id>
  <Description>Task#37</Description>
  <type>T</type>
  <type__id>1</type__id>
  <priority>2</priority>
  <resId>0</resId>
  <serviceTime>73</serviceTime>
  <node>
    <id>37</id>
    <latitude>5.747420852602789</latitude>
    <longitude>29.141123757848135</longitude>
  </node>
  <region>1</region>
  <timeint>
    <startTime>537</startTime>
    <endTime>801</endTime>
  </timeint>
  <capacity>0.0</capacity>
</objects.Task>
<objects.Task>
  <id>38</id>
  <Description>Task#38</Description>
  <type>T</type>
  <type__id>1</type__id>
  <priority>1</priority>
  <resId>0</resId>
  <serviceTime>31</serviceTime>
  <node>
    <id>38</id>
    <latitude>5.571069052912837</latitude>
    <longitude>30.282111100209374</longitude>
  </node>
  <region>1</region>
  <timeint>
    <startTime>639</startTime>
    <endTime>1181</endTime>
  </timeint>
  <capacity>6.0</capacity>
</objects.Task>
<objects.Task>
  <id>39</id>
  <Description>Task#39</Description>
  <type>T</type>
  <type__id>1</type__id>
  <priority>4</priority>
  <resId>0</resId>
  <serviceTime>83</serviceTime>
  <node>
    <id>39</id>
    <latitude>7.340922160363668</latitude>
    <longitude>30.574238954757032</longitude>
  </node>
  <region>1</region>
  <timeint>
    <startTime>644</startTime>
    <endTime>1185</endTime>
  </timeint>
  <capacity>2.0</capacity>
</objects.Task>
<objects.Task>
  <id>40</id>
  <Description>Task#40</Description>
  <type>T</type>
  <type__id>1</type__id>
  <priority>2</priority>
  <resId>0</resId>
  <serviceTime>31</serviceTime>
  <node>
    <id>40</id>
    <latitude>5.622792973517049</latitude>
    <longitude>28.45478475165919</longitude>
  </node>
  <region>1</region>
  <timeint>
    <startTime>567</startTime>
    <endTime>952</endTime>
  </timeint>
  <capacity>5.0</capacity>
</objects.Task>
<objects.Task>
  <id>41</id>
  <Description>Task#41</Description>
  <type>T</type>
  <type__id>1</type__id>
  <priority>3</priority>
  <resId>0</resId>
  <serviceTime>66</serviceTime>
  <node>
    <id>41</id>
    <latitude>1.8011814523881977</latitude>
    <longitude>32.0</longitude>
  </node>
  <region>1</region>
  <timeint>
    <startTime>666</startTime>
    <endTime>1030</endTime>
  </timeint>
  <capacity>0.0</capacity>
</objects.Task>
<objects.Task>
  <id>42</id>
  <Description>Task#42</Description>
  <type>T</type>
  <type__id>1</type__id>
  <priority>4</priority>
  <resId>0</resId>
  <serviceTime>62</serviceTime>
  <node>
    <id>42</id>
    <latitude>3.7538418772947333</latitude>
    <longitude>32.0</longitude>
  </node>
  <region>1</region>
  <timeint>
    <startTime>487</startTime>
    <endTime>769</endTime>
  </timeint>
  <capacity>8.0</capacity>
</objects.Task>
<objects.Task>
  <id>43</id>
  <Description>Task#43</Description>
  <type>T</type>
  <type__id>1</type__id>
  <priority>3</priority>
  <resId>0</resId>
  <serviceTime>43</serviceTime>
  <node>
    <id>43</id>
    <latitude>4.8602192164524745</latitude>
    <longitude>31.06560460440253</longitude>
  </node>
  <region>1</region>
  <timeint>
    <startTime>504</startTime>
    <endTime>815</endTime>
  </timeint>
  <capacity>3.0</capacity>
</objects.Task>
<objects.Task>
  <id>44</id>
  <Description>Task#44</Description>
  <type>T</type>
  <type__id>1</type__id>
  <priority>3</priority>
  <resId>0</resId>
  <serviceTime>86</serviceTime>
  <node>
    <id>44</id>
    <latitude>4.839244420763227</latitude>
    <longitude>26.58473741261074</longitude>
  </node>
  <region>1</region>
  <timeint>
    <startTime>672</startTime>
    <endTime>1192</endTime>
  </timeint>
  <capacity>8.0</capacity>
</objects.Task>
<objects.Task>
  <id>45</id>
  <Description>Task#45</Description>
  <type>T</type>
  <type__id>1</type__id>
  <priority>4</priority>
  <resId>0</resId>
  <serviceTime>61</serviceTime>
  <node>
    <id>45</id>
    <latitude>5.240934279164361</latitude>
    <longitude>28.860905170263973</longitude>
  </node>
  <region>1</region>
  <timeint>
    <startTime>627</startTime>
    <endTime>877</endTime>
  </timeint>
  <capacity>9.0</capacity>
</objects.Task>
<objects.Task>
  <id>46</id>
  <Description>Task#46</Description>
  <type>T</type>
  <type__id>1</type__id>
  <priority>4</priority>
  <resId>0</resId>
  <serviceTime>41</serviceTime>
  <node>
    <id>46</id>
    <latitude>0.0</latitude>
    <longitude>23.48770932255575</longitude>
  </node>
  <region>1</region>
  <timeint>
    <startTime>611</startTime>
    <endTime>1052</endTime>
  </timeint>
  <capacity>2.0</capacity>
</objects.Task>
<objects.Task>
  <id>47</id>
  <Description>Task#47</Description>
  <type>T</type>
  <type__id>1</type__id>
  <priority>3</priority>
  <resId>0</resId>
  <serviceTime>31</serviceTime>
  <node>
    <id>47</id>
    <latitude>3.265570926098797</latitude>
    <longitude>31.90669713560594</longitude>
  </node>
  <region>1</region>
  <timeint>
    <startTime>575</startTime>
    <endTime>944</endTime>
  </timeint>
  <capacity>0.0</capacity>
</objects.Task>
<objects.Task>
  <id>48</id>
  <Description>Task#48</Description>
  <type>T</type>
  <type__id>1</type__id>
  <priority>4</priority>
  <resId>0</resId>
  <serviceTime>75</serviceTime>
  <node>
    <id>48</id>
    <latitude>0.0</latitude>
    <longitude>32.0</longitude>
  </node>
  <region>1</region>
  <timeint>
    <startTime>618</startTime>
    <endTime>1189</endTime>
  </timeint>
  <capacity>0.0</capacity>
</objects.Task>
<objects.Task>
  <id>49</id>
  <Description>Task#49</Description>
  <type>T</type>
  <type__id>1</type__id>
  <priority>4</priority>
  <resId>0</resId>
  <serviceTime>56</serviceTime>
  <node>
    <id>49</id>
    <latitude>6.057643168055154</latitude>
    <longitude>27.650067478281287</longitude>
  </node>
  <region>1</region>
  <timeint>
    <startTime>526</startTime>
    <endTime>1016</endTime>
  </timeint>
  <capacity>3.0</capacity>
</objects.Task>
<objects.Task>
  <id>50</id>
  <Description>Task#50</Description>
  <type>T</type>
  <type__id>1</type__id>
  <priority>1</priority>
  <resId>0</resId>
  <serviceTime>69</serviceTime>
  <node>
    <id>50</id>
    <latitude>28.83591640752972</latitude>
    <longitude>28.15908267821488</longitude>
  </node>
  <region>1</region>
  <timeint>
    <startTime>651</startTime>
    <endTime>1203</endTime>
  </timeint>
  <capacity>2.0</capacity>
</objects.Task>
<objects.Task>
  <id>51</id>
  <Description>Task#51</Description>
  <type>T</type>
  <type__id>1</type__id>
  <priority>3</priority>
  <resId>0</resId>
  <serviceTime>87</serviceTime>
  <node>
    <id>51</id>
    <latitude>32.0</latitude>
    <longitude>27.94278122292035</longitude>
  </node>
  <region>1</region>
  <timeint>
    <startTime>515</startTime>
    <endTime>993</endTime>
  </timeint>
  <capacity>8.0</capacity>
</objects.Task>
<objects.Task>
  <id>52</id>
  <Description>Task#52</Description>
  <type>T</type>
  <type__id>1</type__id>
  <priority>1</priority>
  <resId>0</resId>
  <serviceTime>34</serviceTime>
  <node>
    <id>52</id>
    <latitude>32.0</latitude>
    <longitude>20.450192718587143</longitude>
  </node>
  <region>1</region>
  <timeint>
    <startTime>540</startTime>
    <endTime>802</endTime>
  </timeint>
  <capacity>7.0</capacity>
</objects.Task>
<objects.Task>
  <id>53</id>
  <Description>Task#53</Description>
  <type>T</type>
  <type__id>1</type__id>
  <priority>1</priority>
  <resId>0</resId>
  <serviceTime>58</serviceTime>
  <node>
    <id>53</id>
    <latitude>32.0</latitude>
    <longitude>20.402189328105912</longitude>
  </node>
  <region>1</region>
  <timeint>
    <startTime>662</startTime>
    <endTime>1188</endTime>
  </timeint>
  <capacity>0.0</capacity>
</objects.Task>
<objects.Task>
  <id>54</id>
  <Description>Task#54</Description>
  <type>T</type>
  <type__id>1</type__id>
  <priority>2</priority>
  <resId>0</resId>
  <serviceTime>42</serviceTime>
  <node>
    <id>54</id>
    <latitude>32.0</latitude>
    <longitude>19.07475952105619</longitude>
  </node>
  <region>1</region>
  <timeint>
    <startTime>663</startTime>
    <endTime>925</endTime>
  </timeint>
  <capacity>1.0</capacity>
</objects.Task>
<objects.Task>
  <id>55</id>
  <Description>Task#55</Description>
  <type>T</type>
  <type__id>1</type__id>
  <priority>2</priority>
  <resId>0</resId>
  <serviceTime>67</serviceTime>
  <node>
    <id>55</id>
    <latitude>30.73976579472853</latitude>
    <longitude>20.513328307961835</longitude>
  </node>
  <region>1</region>
  <timeint>
    <startTime>545</startTime>
    <endTime>843</endTime>
  </timeint>
  <capacity>4.0</capacity>
</objects.Task>
<objects.Task>
  <id>56</id>
  <Description>Task#56</Description>
  <type>T</type>
  <type__id>1</type__id>
  <priority>2</priority>
  <resId>0</resId>
  <serviceTime>78</serviceTime>
  <node>
    <id>56</id>
    <latitude>30.912650159087903</latitude>
    <longitude>19.990442478858537</longitude>
  </node>
  <region>1</region>
  <timeint>
    <startTime>673</startTime>
    <endTime>1189</endTime>
  </timeint>
  <capacity>0.0</capacity>
</objects.Task>
<objects.Task>
  <id>57</id>
  <Description>Task#57</Description>
  <type>T</type>
  <type__id>1</type__id>
  <priority>2</priority>
  <resId>0</resId>
  <serviceTime>53</serviceTime>
  <node>
    <id>57</id>
    <latitude>31.569505909751545</latitude>
    <longitude>20.323615932731872</longitude>
  </node>
  <region>1</region>
  <timeint>
    <startTime>677</startTime>
    <endTime>932</endTime>
  </timeint>
  <capacity>6.0</capacity>
</objects.Task>
<objects.Task>
  <id>58</id>
  <Description>Task#58</Description>
  <type>T</type>
  <type__id>1</type__id>
  <priority>2</priority>
  <resId>0</resId>
  <serviceTime>35</serviceTime>
  <node>
    <id>58</id>
    <latitude>31.296618850720215</latitude>
    <longitude>19.508170266275204</longitude>
  </node>
  <region>1</region>
  <timeint>
    <startTime>511</startTime>
    <endTime>897</endTime>
  </timeint>
  <capacity>1.0</capacity>
</objects.Task>
<objects.Task>
  <id>59</id>
  <Description>Task#59</Description>
  <type>T</type>
  <type__id>1</type__id>
  <priority>2</priority>
  <resId>0</resId>
  <serviceTime>78</serviceTime>
  <node>
    <id>59</id>
    <latitude>29.06799033124424</latitude>
    <longitude>18.792345830479043</longitude>
  </node>
  <region>1</region>
  <timeint>
    <startTime>503</startTime>
    <endTime>850</endTime>
  </timeint>
  <capacity>0.0</capacity>
</objects.Task>
<objects.Task>
  <id>60</id>
  <Description>Task#60</Description>
  <type>T</type>
  <type__id>1</type__id>
  <priority>2</priority>
  <resId>0</resId>
  <serviceTime>77</serviceTime>
  <node>
    <id>60</id>
    <latitude>31.141271583059105</latitude>
    <longitude>19.86449805519616</longitude>
  </node>
  <region>1</region>
  <timeint>
    <startTime>573</startTime>
    <endTime>878</endTime>
  </timeint>
  <capacity>5.0</capacity>
</objects.Task>
<objects.Task>
  <id>61</id>
  <Description>Task#61</Description>
  <type>T</type>
  <type__id>1</type__id>
  <priority>2</priority>
  <resId>0</resId>
  <serviceTime>42</serviceTime>
  <node>
    <id>61</id>
    <latitude>31.51563726761081</latitude>
    <longitude>16.158254291516577</longitude>
  </node>
  <region>1</region>
  <timeint>
    <startTime>688</startTime>
    <endTime>1114</endTime>
  </timeint>
  <capacity>5.0</capacity>
</objects.Task>
<objects.Task>
  <id>62</id>
  <Description>Task#62</Description>
  <type>T</type>
  <type__id>1</type__id>
  <priority>3</priority>
  <resId>0</resId>
  <serviceTime>35</serviceTime>
  <node>
    <id>62</id>
    <latitude>32.0</latitude>
    <longitude>20.705088681231235</longitude>
  </node>
  <region>1</region>
  <timeint>
    <startTime>634</startTime>
    <endTime>938</endTime>
  </timeint>
  <capacity>9.0</capacity>
</objects.Task>
<objects.Task>
  <id>63</id>
  <Description>Task#63</Description>
  <type>T</type>
  <type__id>1</type__id>
  <priority>4</priority>
  <resId>0</resId>
  <serviceTime>37</serviceTime>
  <node>
    <id>63</id>
    <latitude>32.0</latitude>
    <longitude>17.813699189484915</longitude>
  </node>
  <region>1</region>
  <timeint>
    <startTime>570</startTime>
    <endTime>1056</endTime>
  </timeint>
  <capacity>7.0</capacity>
</objects.Task>
<objects.Task>
  <id>64</id>
  <Description>Task#64</Description>
  <type>T</type>
  <type__id>1</type__id>
  <priority>2</priority>
  <resId>0</resId>
  <serviceTime>32</serviceTime>
  <node>
    <id>64</id>
    <latitude>32.0</latitude>
    <longitude>17.004372008216222</longitude>
  </node>
  <region>1</region>
  <timeint>
    <startTime>505</startTime>
    <endTime>776</endTime>
  </timeint>
  <capacity>4.0</capacity>
</objects.Task>
<objects.Task>
  <id>65</id>
  <Description>Task#65</Description>
  <type>T</type>
  <type__id>1</type__id>
  <priority>3</priority>
  <resId>0</resId>
  <serviceTime>81</serviceTime>
  <node>
    <id>65</id>
    <latitude>30.419731525154646</latitude>
    <longitude>14.198123340590909</longitude>
  </node>
  <region>1</region>
  <timeint>
    <startTime>585</startTime>
    <endTime>1183</endTime>
  </timeint>
  <capacity>1.0</capacity>
</objects.Task>
<objects.Task>
  <id>66</id>
  <Description>Task#66</Description>
  <type>T</type>
  <type__id>1</type__id>
  <priority>4</priority>
  <resId>0</resId>
  <serviceTime>57</serviceTime>
  <node>
    <id>66</id>
    <latitude>32.0</latitude>
    <longitude>20.423248749055833</longitude>
  </node>
  <region>1</region>
  <timeint>
    <startTime>665</startTime>
    <endTime>1008</endTime>
  </timeint>
  <capacity>2.0</capacity>
</objects.Task>
<objects.Task>
  <id>67</id>
  <Description>Task#67</Description>
  <type>T</type>
  <type__id>1</type__id>
  <priority>3</priority>
  <resId>0</resId>
  <serviceTime>37</serviceTime>
  <node>
    <id>67</id>
    <latitude>31.600056153485774</latitude>
    <longitude>21.91238047506672</longitude>
  </node>
  <region>1</region>
  <timeint>
    <startTime>542</startTime>
    <endTime>977</endTime>
  </timeint>
  <capacity>9.0</capacity>
</objects.Task>
<objects.Task>
  <id>68</id>
  <Description>Task#68</Description>
  <type>T</type>
  <type__id>1</type__id>
  <priority>2</priority>
  <resId>0</resId>
  <serviceTime>40</serviceTime>
  <node>
    <id>68</id>
    <latitude>32.0</latitude>
    <longitude>21.62897556532089</longitude>
  </node>
  <region>1</region>
  <timeint>
    <startTime>564</startTime>
    <endTime>1041</endTime>
  </timeint>
  <capacity>9.0</capacity>
</objects.Task>
<objects.Task>
  <id>69</id>
  <Description>Task#69</Description>
  <type>T</type>
  <type__id>1</type__id>
  <priority>4</priority>
  <resId>0</resId>
  <serviceTime>80</serviceTime>
  <node>
    <id>69</id>
    <latitude>31.739802531803026</latitude>
    <longitude>19.84632018242885</longitude>
  </node>
  <region>1</region>
  <timeint>
    <startTime>641</startTime>
    <endTime>926</endTime>
  </timeint>
  <capacity>1.0</capacity>
</objects.Task>
<objects.Task>
  <id>70</id>
  <Description>Task#70</Description>
  <type>T</type>
  <type__id>1</type__id>
  <priority>2</priority>
  <resId>0</resId>
  <serviceTime>68</serviceTime>
  <node>
    <id>70</id>
    <latitude>32.0</latitude>
    <longitude>19.21272177137004</longitude>
  </node>
  <region>1</region>
  <timeint>
    <startTime>650</startTime>
    <endTime>1042</endTime>
  </timeint>
  <capacity>8.0</capacity>
</objects.Task>
<objects.Task>
  <id>71</id>
  <Description>Task#71</Description>
  <type>T</type>
  <type__id>1</type__id>
  <priority>4</priority>
  <resId>0</resId>
  <serviceTime>50</serviceTime>
  <node>
    <id>71</id>
    <latitude>32.0</latitude>
    <longitude>21.466828465633558</longitude>
  </node>
  <region>1</region>
  <timeint>
    <startTime>528</startTime>
    <endTime>785</endTime>
  </timeint>
  <capacity>3.0</capacity>
</objects.Task>
<objects.Task>
  <id>72</id>
  <Description>Task#72</Description>
  <type>T</type>
  <type__id>1</type__id>
  <priority>3</priority>
  <resId>0</resId>
  <serviceTime>35</serviceTime>
  <node>
    <id>72</id>
    <latitude>32.0</latitude>
    <longitude>21.478371741831154</longitude>
  </node>
  <region>1</region>
  <timeint>
    <startTime>621</startTime>
    <endTime>993</endTime>
  </timeint>
  <capacity>8.0</capacity>
</objects.Task>
<objects.Task>
  <id>73</id>
  <Description>Task#73</Description>
  <type>T</type>
  <type__id>1</type__id>
  <priority>4</priority>
  <resId>0</resId>
  <serviceTime>50</serviceTime>
  <node>
    <id>73</id>
    <latitude>30.281551423536477</latitude>
    <longitude>16.644832894296123</longitude>
  </node>
  <region>1</region>
  <timeint>
    <startTime>611</startTime>
    <endTime>1124</endTime>
  </timeint>
  <capacity>8.0</capacity>
</objects.Task>
<objects.Task>
  <id>74</id>
  <Description>Task#74</Description>
  <type>T</type>
  <type__id>1</type__id>
  <priority>1</priority>
  <resId>0</resId>
  <serviceTime>51</serviceTime>
  <node>
    <id>74</id>
    <latitude>31.811087979300645</latitude>
    <longitude>19.764042733659092</longitude>
  </node>
  <region>1</region>
  <timeint>
    <startTime>573</startTime>
    <endTime>1016</endTime>
  </timeint>
  <capacity>5.0</capacity>
</objects.Task>
<objects.Task>
  <id>75</id>
  <Description>Task#75</Description>
  <type>T</type>
  <type__id>1</type__id>
  <priority>4</priority>
  <resId>0</resId>
  <serviceTime>87</serviceTime>
  <node>
    <id>75</id>
    <latitude>11.74072564113694</latitude>
    <longitude>19.660296187103132</longitude>
  </node>
  <region>1</region>
  <timeint>
    <startTime>522</startTime>
    <endTime>879</endTime>
  </timeint>
  <capacity>5.0</capacity>
</objects.Task>
<objects.Task>
  <id>76</id>
  <Description>Task#76</Description>
  <type>T</type>
  <type__id>1</type__id>
  <priority>1</priority>
  <resId>0</resId>
  <serviceTime>44</serviceTime>
  <node>
    <id>76</id>
    <latitude>8.823884264709628</latitude>
    <longitude>18.879783889081086</longitude>
  </node>
  <region>1</region>
  <timeint>
    <startTime>660</startTime>
    <endTime>1069</endTime>
  </timeint>
  <capacity>1.0</capacity>
</objects.Task>
<objects.Task>
  <id>77</id>
  <Description>Task#77</Description>
  <type>T</type>
  <type__id>1</type__id>
  <priority>3</priority>
  <resId>0</resId>
  <serviceTime>66</serviceTime>
  <node>
    <id>77</id>
    <latitude>11.225834788235668</latitude>
    <longitude>16.649267820232318</longitude>
  </node>
  <region>1</region>
  <timeint>
    <startTime>711</startTime>
    <endTime>1036</endTime>
  </timeint>
  <capacity>9.0</capacity>
</objects.Task>
<objects.Task>
  <id>78</id>
  <Description>Task#78</Description>
  <type>T</type>
  <type__id>1</type__id>
  <priority>4</priority>
  <resId>0</resId>
  <serviceTime>71</serviceTime>
  <node>
    <id>78</id>
    <latitude>11.978091834210625</latitude>
    <longitude>18.014710768546813</longitude>
  </node>
  <region>1</region>
  <timeint>
    <startTime>535</startTime>
    <endTime>1037</endTime>
  </timeint>
  <capacity>5.0</capacity>
</objects.Task>
<objects.Task>
  <id>79</id>
  <Description>Task#79</Description>
  <type>T</type>
  <type__id>1</type__id>
  <priority>3</priority>
  <resId>0</resId>
  <serviceTime>51</serviceTime>
  <node>
    <id>79</id>
    <latitude>10.417635416744426</latitude>
    <longitude>17.92972448134725</longitude>
  </node>
  <region>1</region>
  <timeint>
    <startTime>553</startTime>
    <endTime>807</endTime>
  </timeint>
  <capacity>6.0</capacity>
</objects.Task>
<objects.Task>
  <id>80</id>
  <Description>Task#80</Description>
  <type>T</type>
  <type__id>1</type__id>
  <priority>4</priority>
  <resId>0</resId>
  <serviceTime>43</serviceTime>
  <node>
    <id>80</id>
    <latitude>9.516977775109766</latitude>
    <longitude>16.99001551154446</longitude>
  </node>
  <region>1</region>
  <timeint>
    <startTime>679</startTime>
    <endTime>1253</endTime>
  </timeint>
  <capacity>1.0</capacity>
</objects.Task>
<objects.Task>
  <id>81</id>
  <Description>Task#81</Description>
  <type>T</type>
  <type__id>1</type__id>
  <priority>3</priority>
  <resId>0</resId>
  <serviceTime>32</serviceTime>
  <node>
    <id>81</id>
    <latitude>8.095428953930469</latitude>
    <longitude>14.897428245145935</longitude>
  </node>
  <region>1</region>
  <timeint>
    <startTime>561</startTime>
    <endTime>873</endTime>
  </timeint>
  <capacity>3.0</capacity>
</objects.Task>
<objects.Task>
  <id>82</id>
  <Description>Task#82</Description>
  <type>T</type>
  <type__id>1</type__id>
  <priority>1</priority>
  <resId>0</resId>
  <serviceTime>88</serviceTime>
  <node>
    <id>82</id>
    <latitude>10.294956774708298</latitude>
    <longitude>18.074806949121914</longitude>
  </node>
  <region>1</region>
  <timeint>
    <startTime>496</startTime>
    <endTime>872</endTime>
  </timeint>
  <capacity>0.0</capacity>
</objects.Task>
<objects.Task>
  <id>83</id>
  <Description>Task#83</Description>
  <type>T</type>
  <type__id>1</type__id>
  <priority>3</priority>
  <resId>0</resId>
  <serviceTime>40</serviceTime>
  <node>
    <id>83</id>
    <latitude>11.485407041546075</latitude>
    <longitude>14.935472239162712</longitude>
  </node>
  <region>1</region>
  <timeint>
    <startTime>669</startTime>
    <endTime>933</endTime>
  </timeint>
  <capacity>6.0</capacity>
</objects.Task>
<objects.Task>
  <id>84</id>
  <Description>Task#84</Description>
  <type>T</type>
  <type__id>1</type__id>
  <priority>2</priority>
  <resId>0</resId>
  <serviceTime>72</serviceTime>
  <node>
    <id>84</id>
    <latitude>11.668977571867178</latitude>
    <longitude>17.98087368985639</longitude>
  </node>
  <region>1</region>
  <timeint>
    <startTime>499</startTime>
    <endTime>826</endTime>
  </timeint>
  <capacity>8.0</capacity>
</objects.Task>
<objects.Task>
  <id>85</id>
  <Description>Task#85</Description>
  <type>T</type>
  <type__id>1</type__id>
  <priority>1</priority>
  <resId>0</resId>
  <serviceTime>72</serviceTime>
  <node>
    <id>85</id>
    <latitude>8.412207420562883</latitude>
    <longitude>16.490188683763748</longitude>
  </node>
  <region>1</region>
  <timeint>
    <startTime>617</startTime>
    <endTime>1105</endTime>
  </timeint>
  <capacity>8.0</capacity>
</objects.Task>
<objects.Task>
  <id>86</id>
  <Description>Task#86</Description>
  <type>T</type>
  <type__id>1</type__id>
  <priority>4</priority>
  <resId>0</resId>
  <serviceTime>38</serviceTime>
  <node>
    <id>86</id>
    <latitude>9.83871821258261</latitude>
    <longitude>18.265907405839094</longitude>
  </node>
  <region>1</region>
  <timeint>
    <startTime>626</startTime>
    <endTime>943</endTime>
  </timeint>
  <capacity>9.0</capacity>
</objects.Task>
<objects.Task>
  <id>87</id>
  <Description>Task#87</Description>
  <type>T</type>
  <type__id>1</type__id>
  <priority>4</priority>
  <resId>0</resId>
  <serviceTime>35</serviceTime>
  <node>
    <id>87</id>
    <latitude>9.20756874817903</latitude>
    <longitude>17.810795363704127</longitude>
  </node>
  <region>1</region>
  <timeint>
    <startTime>632</startTime>
    <endTime>910</endTime>
  </timeint>
  <capacity>4.0</capacity>
</objects.Task>
<objects.Task>
  <id>88</id>
  <Description>Task#88</Description>
  <type>T</type>
  <type__id>1</type__id>
  <priority>3</priority>
  <resId>0</resId>
  <serviceTime>56</serviceTime>
  <node>
    <id>88</id>
    <latitude>10.746972415616053</latitude>
    <longitude>19.763901864828398</longitude>
  </node>
  <region>1</region>
  <timeint>
    <startTime>582</startTime>
    <endTime>1081</endTime>
  </timeint>
  <capacity>1.0</capacity>
</objects.Task>
<objects.Task>
  <id>89</id>
  <Description>Task#89</Description>
  <type>T</type>
  <type__id>1</type__id>
  <priority>4</priority>
  <resId>0</resId>
  <serviceTime>75</serviceTime>
  <node>
    <id>89</id>
    <latitude>10.854173428770638</latitude>
    <longitude>20.798775676243622</longitude>
  </node>
  <region>1</region>
  <timeint>
    <startTime>645</startTime>
    <endTime>1230</endTime>
  </timeint>
  <capacity>3.0</capacity>
</objects.Task>
<objects.Task>
  <id>90</id>
  <Description>Task#90</Description>
  <type>T</type>
  <type__id>1</type__id>
  <priority>2</priority>
  <resId>0</resId>
  <serviceTime>72</serviceTime>
  <node>
    <id>90</id>
    <latitude>9.754288442818002</latitude>
    <longitude>15.79062475769692</longitude>
  </node>
  <region>1</region>
  <timeint>
    <startTime>535</startTime>
    <endTime>861</endTime>
  </timeint>
  <capacity>2.0</capacity>
</objects.Task>
<objects.Task>
  <id>91</id>
  <Description>Task#91</Description>
  <type>T</type>
  <type__id>1</type__id>
  <priority>2</priority>
  <resId>0</resId>
  <serviceTime>54</serviceTime>
  <node>
    <id>91</id>
    <latitude>11.03977803182932</latitude>
    <longitude>17.648031641387828</longitude>
  </node>
  <region>1</region>
  <timeint>
    <startTime>619</startTime>
    <endTime>860</endTime>
  </timeint>
  <capacity>0.0</capacity>
</objects.Task>
<objects.Task>
  <id>92</id>
  <Description>Task#92</Description>
  <type>T</type>
  <type__id>1</type__id>
  <priority>1</priority>
  <resId>0</resId>
  <serviceTime>35</serviceTime>
  <node>
    <id>92</id>
    <latitude>10.638375063148164</latitude>
    <longitude>18.806175860249514</longitude>
  </node>
  <region>1</region>
  <timeint>
    <startTime>517</startTime>
    <endTime>780</endTime>
  </timeint>
  <capacity>7.0</capacity>
</objects.Task>
<objects.Task>
  <id>93</id>
  <Description>Task#93</Description>
  <type>T</type>
  <type__id>1</type__id>
  <priority>3</priority>
  <resId>0</resId>
  <serviceTime>42</serviceTime>
  <node>
    <id>93</id>
    <latitude>10.917628435256573</latitude>
    <longitude>19.42625891500052</longitude>
  </node>
  <region>1</region>
  <timeint>
    <startTime>504</startTime>
    <endTime>984</endTime>
  </timeint>
  <capacity>3.0</capacity>
</objects.Task>
<objects.Task>
  <id>94</id>
  <Description>Task#94</Description>
  <type>T</type>
  <type__id>1</type__id>
  <priority>4</priority>
  <resId>0</resId>
  <serviceTime>83</serviceTime>
  <node>
    <id>94</id>
    <latitude>11.538973330573713</latitude>
    <longitude>19.787407562433298</longitude>
  </node>
  <region>1</region>
  <timeint>
    <startTime>661</startTime>
    <endTime>914</endTime>
  </timeint>
  <capacity>8.0</capacity>
</objects.Task>
<objects.Task>
  <id>95</id>
  <Description>Task#95</Description>
  <type>T</type>
  <type__id>1</type__id>
  <priority>2</priority>
  <resId>0</resId>
  <serviceTime>79</serviceTime>
  <node>
    <id>95</id>
    <latitude>10.74255557294714</latitude>
    <longitude>18.066927727023376</longitude>
  </node>
  <region>1</region>
  <timeint>
    <startTime>506</startTime>
    <endTime>759</endTime>
  </timeint>
  <capacity>8.0</capacity>
</objects.Task>
<objects.Task>
  <id>96</id>
  <Description>Task#96</Description>
  <type>T</type>
  <type__id>1</type__id>
  <priority>2</priority>
  <resId>0</resId>
  <serviceTime>50</serviceTime>
  <node>
    <id>96</id>
    <latitude>12.199111730340816</latitude>
    <longitude>17.236959132883825</longitude>
  </node>
  <region>1</region>
  <timeint>
    <startTime>635</startTime>
    <endTime>1163</endTime>
  </timeint>
  <capacity>7.0</capacity>
</objects.Task>
<objects.Task>
  <id>97</id>
  <Description>Task#97</Description>
  <type>T</type>
  <type__id>1</type__id>
  <priority>2</priority>
  <resId>0</resId>
  <serviceTime>61</serviceTime>
  <node>
    <id>97</id>
    <latitude>10.662736016326813</latitude>
    <longitude>17.191850179736704</longitude>
  </node>
  <region>1</region>
  <timeint>
    <startTime>543</startTime>
    <endTime>926</endTime>
  </timeint>
  <capacity>3.0</capacity>
</objects.Task>
<objects.Task>
  <id>98</id>
  <Description>Task#98</Description>
  <type>T</type>
  <type__id>1</type__id>
  <priority>3</priority>
  <resId>0</resId>
  <serviceTime>60</serviceTime>
  <node>
    <id>98</id>
    <latitude>13.033825863577569</latitude>
    <longitude>12.754813881411195</longitude>
  </node>
  <region>1</region>
  <timeint>
    <startTime>695</startTime>
    <endTime>1051</endTime>
  </timeint>
  <capacity>4.0</capacity>
</objects.Task>
<objects.Task>
  <id>99</id>
  <Description>Task#99</Description>
  <type>T</type>
  <type__id>1</type__id>
  <priority>1</priority>
  <resId>0</resId>
  <serviceTime>77</serviceTime>
  <node>
    <id>99</id>
    <latitude>10.180485482529294</latitude>
    <longitude>18.421598073801068</longitude>
  </node>
  <region>1</region>
  <timeint>
    <startTime>629</startTime>
    <endTime>1038</endTime>
  </timeint>
  <capacity>9.0</capacity>
</objects.Task>
<objects.Resource>
  <id>1</id>
  <description>Technician1</description>
  <region>1</region>
  <availability>
    <startTime>490</startTime>
    <endTime>1055</endTime>
  </availability>
  <breakTime>
    <startTime>942</startTime>
    <endTime>1154</endTime>
  </breakTime>
  <origin>
    <id>101</id>
    <latitude>16.061076477446914</latitude>
    <longitude>14.738773796363056</longitude>
  </origin>
  <destination>
    <id>101</id>
    <latitude>16.061076477446914</latitude>
    <longitude>14.738773796363056</longitude>
  </destination>
  <capacity>0.0</capacity>
  <skill>4</skill>
</objects.Resource>
<objects.Resource>
  <id>2</id>
  <description>Technician2</description>
  <region>1</region>
  <availability>
    <startTime>593</startTime>
    <endTime>1148</endTime>
  </availability>
  <breakTime>
    <startTime>945</startTime>
    <endTime>1456</endTime>
  </breakTime>
  <origin>
    <id>103</id>
    <latitude>16.524802379426745</latitude>
    <longitude>14.536802769617138</longitude>
  </origin>
  <destination>
    <id>103</id>
    <latitude>16.524802379426745</latitude>
    <longitude>14.536802769617138</longitude>
  </destination>
  <capacity>0.0</capacity>
  <skill>4</skill>
</objects.Resource>
<objects.Resource>
  <id>3</id>
  <description>Technician3</description>
  <region>1</region>
  <availability>
    <startTime>549</startTime>
    <endTime>1057</endTime>
  </availability>
  <breakTime>
    <startTime>961</startTime>
    <endTime>1279</endTime>
  </breakTime>
  <origin>
    <id>105</id>
    <latitude>17.778002222393198</latitude>
    <longitude>14.712402385391146</longitude>
  </origin>
  <destination>
    <id>105</id>
    <latitude>17.778002222393198</latitude>
    <longitude>14.712402385391146</longitude>
  </destination>
  <capacity>0.0</capacity>
  <skill>5</skill>
</objects.Resource>
<objects.Resource>
  <id>4</id>
  <description>Technician4</description>
  <region>1</region>
  <availability>
    <startTime>589</startTime>
    <endTime>1101</endTime>
  </availability>
  <breakTime>
    <startTime>835</startTime>
    <endTime>1225</endTime>
  </breakTime>
  <origin>
    <id>107</id>
    <latitude>17.555623959820196</latitude>
    <longitude>14.803601644118343</longitude>
  </origin>
  <destination>
    <id>107</id>
    <latitude>17.555623959820196</latitude>
    <longitude>14.803601644118343</longitude>
  </destination>
  <capacity>0.0</capacity>
  <skill>4</skill>
</objects.Resource>
<objects.Resource>
  <id>5</id>
  <description>Technician5</description>
  <region>1</region>
  <availability>
    <startTime>489</startTime>
    <endTime>1011</endTime>
  </availability>
  <breakTime>
    <startTime>842</startTime>
    <endTime>1148</endTime>
  </breakTime>
  <origin>
    <id>109</id>
    <latitude>15.068584997788685</latitude>
    <longitude>14.618896053860087</longitude>
  </origin>
  <destination>
    <id>109</id>
    <latitude>15.068584997788685</latitude>
    <longitude>14.618896053860087</longitude>
  </destination>
  <capacity>0.0</capacity>
  <skill>1</skill>
</objects.Resource>
<objects.Resource>
  <id>6</id>
  <description>Technician6</description>
  <region>1</region>
  <availability>
    <startTime>480</startTime>
    <endTime>992</endTime>
  </availability>
  <breakTime>
    <startTime>782</startTime>
    <endTime>932</endTime>
  </breakTime>
  <origin>
    <id>111</id>
    <latitude>16.332270921072336</latitude>
    <longitude>15.80421203870165</longitude>
  </origin>
  <destination>
    <id>111</id>
    <latitude>16.332270921072336</latitude>
    <longitude>15.80421203870165</longitude>
  </destination>
  <capacity>0.0</capacity>
  <skill>4</skill>
</objects.Resource>
<objects.Resource>
  <id>7</id>
  <description>Technician7</description>
  <region>1</region>
  <availability>
    <startTime>576</startTime>
    <endTime>1143</endTime>
  </availability>
  <breakTime>
    <startTime>893</startTime>
    <endTime>1102</endTime>
  </breakTime>
  <origin>
    <id>113</id>
    <latitude>15.431128512019216</latitude>
    <longitude>16.974390889412362</longitude>
  </origin>
  <destination>
    <id>113</id>
    <latitude>15.431128512019216</latitude>
    <longitude>16.974390889412362</longitude>
  </destination>
  <capacity>0.0</capacity>
  <skill>9</skill>
</objects.Resource>
<objects.Resource>
  <id>8</id>
  <description>Technician8</description>
  <region>1</region>
  <availability>
    <startTime>548</startTime>
    <endTime>1104</endTime>
  </availability>
  <breakTime>
    <startTime>899</startTime>
    <endTime>1069</endTime>
  </breakTime>
  <origin>
    <id>115</id>
    <latitude>16.103267541322637</latitude>
    <longitude>15.54506897122603</longitude>
  </origin>
  <destination>
    <id>115</id>
    <latitude>16.103267541322637</latitude>
    <longitude>15.54506897122603</longitude>
  </destination>
  <capacity>0.0</capacity>
  <skill>8</skill>
</objects.Resource>
<objects.Resource>
  <id>9</id>
  <description>Technician9</description>
  <region>1</region>
  <availability>
    <startTime>572</startTime>
    <endTime>1057</endTime>
  </availability>
  <breakTime>
    <startTime>986</startTime>
    <endTime>1572</endTime>
  </breakTime>
  <origin>
    <id>117</id>
    <latitude>14.756359631817391</latitude>
    <longitude>15.845121455622362</longitude>
  </origin>
  <destination>
    <id>117</id>
    <latitude>14.756359631817391</latitude>
    <longitude>15.845121455622362</longitude>
  </destination>
  <capacity>0.0</capacity>
  <skill>6</skill>
</objects.Resource>
<objects.Resource>
  <id>10</id>
  <description>Technician10</description>
  <region>1</region>
  <availability>
    <startTime>481</startTime>
    <endTime>1073</endTime>
  </availability>
  <breakTime>
    <startTime>775</startTime>
    <endTime>1191</endTime>
  </breakTime>
  <origin>
    <id>119</id>
    <latitude>16.059400441950896</latitude>
    <longitude>17.77948743596847</longitude>
  </origin>
  <destination>
    <id>119</id>
    <latitude>16.059400441950896</latitude>
    <longitude>17.77948743596847</longitude>
  </destination>
  <capacity>0.0</capacity>
  <skill>2</skill>
</objects.Resource>
