<objects.Task>
  <id>0</id>
  <Description>Task#0</Description>
  <type>T</type>
  <type__id>1</type__id>
  <priority>4</priority>
  <resId>0</resId>
  <serviceTime>40</serviceTime>
  <node>
    <id>0</id>
    <latitude>4.1757670825615705</latitude>
    <longitude>0.08107203411994823</longitude>
  </node>
  <region>1</region>
  <timeint>
    <startTime>516</startTime>
    <endTime>1021</endTime>
  </timeint>
  <capacity>4.0</capacity>
</objects.Task>
<objects.Task>
  <id>1</id>
  <Description>Task#1</Description>
  <type>T</type>
  <type__id>1</type__id>
  <priority>3</priority>
  <resId>0</resId>
  <serviceTime>38</serviceTime>
  <node>
    <id>1</id>
    <latitude>3.7217001249754422</latitude>
    <longitude>1.3496773134576392</longitude>
  </node>
  <region>1</region>
  <timeint>
    <startTime>665</startTime>
    <endTime>945</endTime>
  </timeint>
  <capacity>9.0</capacity>
</objects.Task>
<objects.Task>
  <id>2</id>
  <Description>Task#2</Description>
  <type>T</type>
  <type__id>1</type__id>
  <priority>1</priority>
  <resId>0</resId>
  <serviceTime>51</serviceTime>
  <node>
    <id>2</id>
    <latitude>3.519051871077809</latitude>
    <longitude>1.1458372333148739</longitude>
  </node>
  <region>1</region>
  <timeint>
    <startTime>636</startTime>
    <endTime>1128</endTime>
  </timeint>
  <capacity>9.0</capacity>
</objects.Task>
<objects.Task>
  <id>3</id>
  <Description>Task#3</Description>
  <type>T</type>
  <type__id>1</type__id>
  <priority>4</priority>
  <resId>0</resId>
  <serviceTime>36</serviceTime>
  <node>
    <id>3</id>
    <latitude>2.8527608168052696</latitude>
    <longitude>1.6090664697746515</longitude>
  </node>
  <region>1</region>
  <timeint>
    <startTime>608</startTime>
    <endTime>1023</endTime>
  </timeint>
  <capacity>0.0</capacity>
</objects.Task>
<objects.Task>
  <id>4</id>
  <Description>Task#4</Description>
  <type>T</type>
  <type__id>1</type__id>
  <priority>1</priority>
  <resId>0</resId>
  <serviceTime>78</serviceTime>
  <node>
    <id>4</id>
    <latitude>2.9063622725568576</latitude>
    <longitude>0.0</longitude>
  </node>
  <region>1</region>
  <timeint>
    <startTime>711</startTime>
    <endTime>975</endTime>
  </timeint>
  <capacity>8.0</capacity>
</objects.Task>
<objects.Task>
  <id>5</id>
  <Description>Task#5</Description>
  <type>T</type>
  <type__id>1</type__id>
  <priority>4</priority>
  <resId>0</resId>
  <serviceTime>61</serviceTime>
  <node>
    <id>5</id>
    <latitude>3.0702654679685253</latitude>
    <longitude>1.5130774124167818</longitude>
  </node>
  <region>1</region>
  <timeint>
    <startTime>541</startTime>
    <endTime>946</endTime>
  </timeint>
  <capacity>7.0</capacity>
</objects.Task>
<objects.Task>
  <id>6</id>
  <Description>Task#6</Description>
  <type>T</type>
  <type__id>1</type__id>
  <priority>4</priority>
  <resId>0</resId>
  <serviceTime>80</serviceTime>
  <node>
    <id>6</id>
    <latitude>0.0</latitude>
    <longitude>2.5387190690339603</longitude>
  </node>
  <region>1</region>
  <timeint>
    <startTime>491</startTime>
    <endTime>876</endTime>
  </timeint>
  <capacity>5.0</capacity>
</objects.Task>
<objects.Task>
  <id>7</id>
  <Description>Task#7</Description>
  <type>T</type>
  <type__id>1</type__id>
  <priority>4</priority>
  <resId>0</resId>
  <serviceTime>66</serviceTime>
  <node>
    <id>7</id>
    <latitude>2.4159167223270943</latitude>
    <longitude>2.1000694887671676</longitude>
  </node>
  <region>1</region>
  <timeint>
    <startTime>652</startTime>
    <endTime>1091</endTime>
  </timeint>
  <capacity>1.0</capacity>
</objects.Task>
<objects.Task>
  <id>8</id>
  <Description>Task#8</Description>
  <type>T</type>
  <type__id>1</type__id>
  <priority>4</priority>
  <resId>0</resId>
  <serviceTime>78</serviceTime>
  <node>
    <id>8</id>
    <latitude>3.146242360792721</latitude>
    <longitude>1.233419157565369</longitude>
  </node>
  <region>1</region>
  <timeint>
    <startTime>620</startTime>
    <endTime>1131</endTime>
  </timeint>
  <capacity>2.0</capacity>
</objects.Task>
<objects.Task>
  <id>9</id>
  <Description>Task#9</Description>
  <type>T</type>
  <type__id>1</type__id>
  <priority>1</priority>
  <resId>0</resId>
  <serviceTime>77</serviceTime>
  <node>
    <id>9</id>
    <latitude>3.1400468565066335</latitude>
    <longitude>1.4148399772277915</longitude>
  </node>
  <region>1</region>
  <timeint>
    <startTime>482</startTime>
    <endTime>820</endTime>
  </timeint>
  <capacity>4.0</capacity>
</objects.Task>
<objects.Task>
  <id>10</id>
  <Description>Task#10</Description>
  <type>T</type>
  <type__id>1</type__id>
  <priority>1</priority>
  <resId>0</resId>
  <serviceTime>35</serviceTime>
  <node>
    <id>10</id>
    <latitude>3.7075897328464538</latitude>
    <longitude>1.4617951073001787</longitude>
  </node>
  <region>1</region>
  <timeint>
    <startTime>563</startTime>
    <endTime>808</endTime>
  </timeint>
  <capacity>6.0</capacity>
</objects.Task>
<objects.Task>
  <id>11</id>
  <Description>Task#11</Description>
  <type>T</type>
  <type__id>1</type__id>
  <priority>4</priority>
  <resId>0</resId>
  <serviceTime>51</serviceTime>
  <node>
    <id>11</id>
    <latitude>1.8763525055683439</latitude>
    <longitude>1.9788768749274714</longitude>
  </node>
  <region>1</region>
  <timeint>
    <startTime>654</startTime>
    <endTime>1016</endTime>
  </timeint>
  <capacity>2.0</capacity>
</objects.Task>
<objects.Task>
  <id>12</id>
  <Description>Task#12</Description>
  <type>T</type>
  <type__id>1</type__id>
  <priority>4</priority>
  <resId>0</resId>
  <serviceTime>83</serviceTime>
  <node>
    <id>12</id>
    <latitude>4.184063828560093</latitude>
    <longitude>1.103105030072641</longitude>
  </node>
  <region>1</region>
  <timeint>
    <startTime>687</startTime>
    <endTime>1035</endTime>
  </timeint>
  <capacity>0.0</capacity>
</objects.Task>
<objects.Task>
  <id>13</id>
  <Description>Task#13</Description>
  <type>T</type>
  <type__id>1</type__id>
  <priority>3</priority>
  <resId>0</resId>
  <serviceTime>89</serviceTime>
  <node>
    <id>13</id>
    <latitude>3.079996265123973</latitude>
    <longitude>1.275067590646713</longitude>
  </node>
  <region>1</region>
  <timeint>
    <startTime>703</startTime>
    <endTime>1046</endTime>
  </timeint>
  <capacity>2.0</capacity>
</objects.Task>
<objects.Task>
  <id>14</id>
  <Description>Task#14</Description>
  <type>T</type>
  <type__id>1</type__id>
  <priority>3</priority>
  <resId>0</resId>
  <serviceTime>39</serviceTime>
  <node>
    <id>14</id>
    <latitude>3.1046283072883387</latitude>
    <longitude>1.2127318229506263</longitude>
  </node>
  <region>1</region>
  <timeint>
    <startTime>513</startTime>
    <endTime>946</endTime>
  </timeint>
  <capacity>0.0</capacity>
</objects.Task>
<objects.Task>
  <id>15</id>
  <Description>Task#15</Description>
  <type>T</type>
  <type__id>1</type__id>
  <priority>3</priority>
  <resId>0</resId>
  <serviceTime>79</serviceTime>
  <node>
    <id>15</id>
    <latitude>3.1935537009867847</latitude>
    <longitude>1.3756936858869133</longitude>
  </node>
  <region>1</region>
  <timeint>
    <startTime>607</startTime>
    <endTime>1034</endTime>
  </timeint>
  <capacity>0.0</capacity>
</objects.Task>
<objects.Task>
  <id>16</id>
  <Description>Task#16</Description>
  <type>T</type>
  <type__id>1</type__id>
  <priority>1</priority>
  <resId>0</resId>
  <serviceTime>57</serviceTime>
  <node>
    <id>16</id>
    <latitude>2.9033513360757675</latitude>
    <longitude>1.615329742408035</longitude>
  </node>
  <region>1</region>
  <timeint>
    <startTime>512</startTime>
    <endTime>1068</endTime>
  </timeint>
  <capacity>9.0</capacity>
</objects.Task>
<objects.Task>
  <id>17</id>
  <Description>Task#17</Description>
  <type>T</type>
  <type__id>1</type__id>
  <priority>3</priority>
  <resId>0</resId>
  <serviceTime>88</serviceTime>
  <node>
    <id>17</id>
    <latitude>2.4563314688174156</latitude>
    <longitude>1.6998479071833714</longitude>
  </node>
  <region>1</region>
  <timeint>
    <startTime>528</startTime>
    <endTime>937</endTime>
  </timeint>
  <capacity>9.0</capacity>
</objects.Task>
<objects.Task>
  <id>18</id>
  <Description>Task#18</Description>
  <type>T</type>
  <type__id>1</type__id>
  <priority>1</priority>
  <resId>0</resId>
  <serviceTime>51</serviceTime>
  <node>
    <id>18</id>
    <latitude>2.777502128309061</latitude>
    <longitude>1.3612697196737307</longitude>
  </node>
  <region>1</region>
  <timeint>
    <startTime>510</startTime>
    <endTime>972</endTime>
  </timeint>
  <capacity>4.0</capacity>
</objects.Task>
<objects.Task>
  <id>19</id>
  <Description>Task#19</Description>
  <type>T</type>
  <type__id>1</type__id>
  <priority>2</priority>
  <resId>0</resId>
  <serviceTime>58</serviceTime>
  <node>
    <id>19</id>
    <latitude>3.885836413599825</latitude>
    <longitude>1.957404583091349</longitude>
  </node>
  <region>1</region>
  <timeint>
    <startTime>542</startTime>
    <endTime>1022</endTime>
  </timeint>
  <capacity>4.0</capacity>
</objects.Task>
<objects.Task>
  <id>20</id>
  <Description>Task#20</Description>
  <type>T</type>
  <type__id>1</type__id>
  <priority>3</priority>
  <resId>0</resId>
  <serviceTime>71</serviceTime>
  <node>
    <id>20</id>
    <latitude>3.153643954569636</latitude>
    <longitude>1.3980258794363165</longitude>
  </node>
  <region>1</region>
  <timeint>
    <startTime>505</startTime>
    <endTime>915</endTime>
  </timeint>
  <capacity>8.0</capacity>
</objects.Task>
<objects.Task>
  <id>21</id>
  <Description>Task#21</Description>
  <type>T</type>
  <type__id>1</type__id>
  <priority>4</priority>
  <resId>0</resId>
  <serviceTime>69</serviceTime>
  <node>
    <id>21</id>
    <latitude>2.671927410080697</latitude>
    <longitude>2.074207008636021</longitude>
  </node>
  <region>1</region>
  <timeint>
    <startTime>566</startTime>
    <endTime>1032</endTime>
  </timeint>
  <capacity>2.0</capacity>
</objects.Task>
<objects.Task>
  <id>22</id>
  <Description>Task#22</Description>
  <type>T</type>
  <type__id>1</type__id>
  <priority>4</priority>
  <resId>0</resId>
  <serviceTime>34</serviceTime>
  <node>
    <id>22</id>
    <latitude>3.0251504308135417</latitude>
    <longitude>1.3949109746059618</longitude>
  </node>
  <region>1</region>
  <timeint>
    <startTime>595</startTime>
    <endTime>1058</endTime>
  </timeint>
  <capacity>2.0</capacity>
</objects.Task>
<objects.Task>
  <id>23</id>
  <Description>Task#23</Description>
  <type>T</type>
  <type__id>1</type__id>
  <priority>4</priority>
  <resId>0</resId>
  <serviceTime>36</serviceTime>
  <node>
    <id>23</id>
    <latitude>3.1756437960541475</latitude>
    <longitude>1.1128583389422673</longitude>
  </node>
  <region>1</region>
  <timeint>
    <startTime>649</startTime>
    <endTime>1055</endTime>
  </timeint>
  <capacity>8.0</capacity>
</objects.Task>
<objects.Task>
  <id>24</id>
  <Description>Task#24</Description>
  <type>T</type>
  <type__id>1</type__id>
  <priority>4</priority>
  <resId>0</resId>
  <serviceTime>68</serviceTime>
  <node>
    <id>24</id>
    <latitude>2.9376347075975495</latitude>
    <longitude>1.5773517019441206</longitude>
  </node>
  <region>1</region>
  <timeint>
    <startTime>678</startTime>
    <endTime>928</endTime>
  </timeint>
  <capacity>8.0</capacity>
</objects.Task>
<objects.Task>
  <id>25</id>
  <Description>Task#25</Description>
  <type>T</type>
  <type__id>1</type__id>
  <priority>4</priority>
  <resId>0</resId>
  <serviceTime>67</serviceTime>
  <node>
    <id>25</id>
    <latitude>25.98312435054028</latitude>
    <longitude>10.378302487844849</longitude>
  </node>
  <region>1</region>
  <timeint>
    <startTime>545</startTime>
    <endTime>839</endTime>
  </timeint>
  <capacity>9.0</capacity>
</objects.Task>
<objects.Task>
  <id>26</id>
  <Description>Task#26</Description>
  <type>T</type>
  <type__id>1</type__id>
  <priority>3</priority>
  <resId>0</resId>
  <serviceTime>71</serviceTime>
  <node>
    <id>26</id>
    <latitude>24.931019141769312</latitude>
    <longitude>9.975756145808644</longitude>
  </node>
  <region>1</region>
  <timeint>
    <startTime>684</startTime>
    <endTime>1262</endTime>
  </timeint>
  <capacity>8.0</capacity>
</objects.Task>
<objects.Task>
  <id>27</id>
  <Description>Task#27</Description>
  <type>T</type>
  <type__id>1</type__id>
  <priority>4</priority>
  <resId>0</resId>
  <serviceTime>32</serviceTime>
  <node>
    <id>27</id>
    <latitude>26.21516608135077</latitude>
    <longitude>9.05339537786083</longitude>
  </node>
  <region>1</region>
  <timeint>
    <startTime>672</startTime>
    <endTime>1087</endTime>
  </timeint>
  <capacity>2.0</capacity>
</objects.Task>
<objects.Task>
  <id>28</id>
  <Description>Task#28</Description>
  <type>T</type>
  <type__id>1</type__id>
  <priority>2</priority>
  <resId>0</resId>
  <serviceTime>66</serviceTime>
  <node>
    <id>28</id>
    <latitude>26.0788276887707</latitude>
    <longitude>8.984925192002294</longitude>
  </node>
  <region>1</region>
  <timeint>
    <startTime>690</startTime>
    <endTime>1244</endTime>
  </timeint>
  <capacity>2.0</capacity>
</objects.Task>
<objects.Task>
  <id>29</id>
  <Description>Task#29</Description>
  <type>T</type>
  <type__id>1</type__id>
  <priority>1</priority>
  <resId>0</resId>
  <serviceTime>46</serviceTime>
  <node>
    <id>29</id>
    <latitude>26.27293808212664</latitude>
    <longitude>8.874925239816971</longitude>
  </node>
  <region>1</region>
  <timeint>
    <startTime>718</startTime>
    <endTime>1205</endTime>
  </timeint>
  <capacity>7.0</capacity>
</objects.Task>
<objects.Task>
  <id>30</id>
  <Description>Task#30</Description>
  <type>T</type>
  <type__id>1</type__id>
  <priority>4</priority>
  <resId>0</resId>
  <serviceTime>62</serviceTime>
  <node>
    <id>30</id>
    <latitude>26.416957938307547</latitude>
    <longitude>8.789008178700984</longitude>
  </node>
  <region>1</region>
  <timeint>
    <startTime>715</startTime>
    <endTime>1230</endTime>
  </timeint>
  <capacity>4.0</capacity>
</objects.Task>
<objects.Task>
  <id>31</id>
  <Description>Task#31</Description>
  <type>T</type>
  <type__id>1</type__id>
  <priority>1</priority>
  <resId>0</resId>
  <serviceTime>67</serviceTime>
  <node>
    <id>31</id>
    <latitude>23.958061625068513</latitude>
    <longitude>8.684346152793278</longitude>
  </node>
  <region>1</region>
  <timeint>
    <startTime>624</startTime>
    <endTime>1040</endTime>
  </timeint>
  <capacity>0.0</capacity>
</objects.Task>
<objects.Task>
  <id>32</id>
  <Description>Task#32</Description>
  <type>T</type>
  <type__id>1</type__id>
  <priority>2</priority>
  <resId>0</resId>
  <serviceTime>46</serviceTime>
  <node>
    <id>32</id>
    <latitude>25.779022709214228</latitude>
    <longitude>9.152277639806176</longitude>
  </node>
  <region>1</region>
  <timeint>
    <startTime>679</startTime>
    <endTime>1153</endTime>
  </timeint>
  <capacity>9.0</capacity>
</objects.Task>
<objects.Task>
  <id>33</id>
  <Description>Task#33</Description>
  <type>T</type>
  <type__id>1</type__id>
  <priority>4</priority>
  <resId>0</resId>
  <serviceTime>84</serviceTime>
  <node>
    <id>33</id>
    <latitude>26.764182713603375</latitude>
    <longitude>9.232435872265365</longitude>
  </node>
  <region>1</region>
  <timeint>
    <startTime>617</startTime>
    <endTime>1119</endTime>
  </timeint>
  <capacity>5.0</capacity>
</objects.Task>
<objects.Task>
  <id>34</id>
  <Description>Task#34</Description>
  <type>T</type>
  <type__id>1</type__id>
  <priority>2</priority>
  <resId>0</resId>
  <serviceTime>44</serviceTime>
  <node>
    <id>34</id>
    <latitude>27.003899478291235</latitude>
    <longitude>8.315746181880003</longitude>
  </node>
  <region>1</region>
  <timeint>
    <startTime>666</startTime>
    <endTime>1103</endTime>
  </timeint>
  <capacity>6.0</capacity>
</objects.Task>
<objects.Task>
  <id>35</id>
  <Description>Task#35</Description>
  <type>T</type>
  <type__id>1</type__id>
  <priority>3</priority>
  <resId>0</resId>
  <serviceTime>40</serviceTime>
  <node>
    <id>35</id>
    <latitude>25.966184676153347</latitude>
    <longitude>12.674996511754186</longitude>
  </node>
  <region>1</region>
  <timeint>
    <startTime>575</startTime>
    <endTime>863</endTime>
  </timeint>
  <capacity>7.0</capacity>
</objects.Task>
<objects.Task>
  <id>36</id>
  <Description>Task#36</Description>
  <type>T</type>
  <type__id>1</type__id>
  <priority>2</priority>
  <resId>0</resId>
  <serviceTime>57</serviceTime>
  <node>
    <id>36</id>
    <latitude>25.735786114022456</latitude>
    <longitude>8.914640145691266</longitude>
  </node>
  <region>1</region>
  <timeint>
    <startTime>611</startTime>
    <endTime>1188</endTime>
  </timeint>
  <capacity>5.0</capacity>
</objects.Task>
<objects.Task>
  <id>37</id>
  <Description>Task#37</Description>
  <type>T</type>
  <type__id>1</type__id>
  <priority>4</priority>
  <resId>0</resId>
  <serviceTime>61</serviceTime>
  <node>
    <id>37</id>
    <latitude>25.36502611682418</latitude>
    <longitude>10.12434861367111</longitude>
  </node>
  <region>1</region>
  <timeint>
    <startTime>511</startTime>
    <endTime>987</endTime>
  </timeint>
  <capacity>3.0</capacity>
</objects.Task>
<objects.Task>
  <id>38</id>
  <Description>Task#38</Description>
  <type>T</type>
  <type__id>1</type__id>
  <priority>3</priority>
  <resId>0</resId>
  <serviceTime>53</serviceTime>
  <node>
    <id>38</id>
    <latitude>26.289732202876188</latitude>
    <longitude>9.061567254406722</longitude>
  </node>
  <region>1</region>
  <timeint>
    <startTime>706</startTime>
    <endTime>1008</endTime>
  </timeint>
  <capacity>9.0</capacity>
</objects.Task>
<objects.Task>
  <id>39</id>
  <Description>Task#39</Description>
  <type>T</type>
  <type__id>1</type__id>
  <priority>4</priority>
  <resId>0</resId>
  <serviceTime>61</serviceTime>
  <node>
    <id>39</id>
    <latitude>23.800049535161968</latitude>
    <longitude>9.050653212629046</longitude>
  </node>
  <region>1</region>
  <timeint>
    <startTime>682</startTime>
    <endTime>1026</endTime>
  </timeint>
  <capacity>2.0</capacity>
</objects.Task>
<objects.Task>
  <id>40</id>
  <Description>Task#40</Description>
  <type>T</type>
  <type__id>1</type__id>
  <priority>2</priority>
  <resId>0</resId>
  <serviceTime>61</serviceTime>
  <node>
    <id>40</id>
    <latitude>26.18419452671516</latitude>
    <longitude>9.202334087382123</longitude>
  </node>
  <region>1</region>
  <timeint>
    <startTime>669</startTime>
    <endTime>1045</endTime>
  </timeint>
  <capacity>5.0</capacity>
</objects.Task>
<objects.Task>
  <id>41</id>
  <Description>Task#41</Description>
  <type>T</type>
  <type__id>1</type__id>
  <priority>3</priority>
  <resId>0</resId>
  <serviceTime>68</serviceTime>
  <node>
    <id>41</id>
    <latitude>26.474139332573742</latitude>
    <longitude>9.10371103072659</longitude>
  </node>
  <region>1</region>
  <timeint>
    <startTime>525</startTime>
    <endTime>1102</endTime>
  </timeint>
  <capacity>7.0</capacity>
</objects.Task>
<objects.Task>
  <id>42</id>
  <Description>Task#42</Description>
  <type>T</type>
  <type__id>1</type__id>
  <priority>2</priority>
  <resId>0</resId>
  <serviceTime>38</serviceTime>
  <node>
    <id>42</id>
    <latitude>26.516813390102023</latitude>
    <longitude>8.68449266485166</longitude>
  </node>
  <region>1</region>
  <timeint>
    <startTime>671</startTime>
    <endTime>1186</endTime>
  </timeint>
  <capacity>1.0</capacity>
</objects.Task>
<objects.Task>
  <id>43</id>
  <Description>Task#43</Description>
  <type>T</type>
  <type__id>1</type__id>
  <priority>3</priority>
  <resId>0</resId>
  <serviceTime>31</serviceTime>
  <node>
    <id>43</id>
    <latitude>25.73230191448638</latitude>
    <longitude>9.027979417573505</longitude>
  </node>
  <region>1</region>
  <timeint>
    <startTime>661</startTime>
    <endTime>907</endTime>
  </timeint>
  <capacity>5.0</capacity>
</objects.Task>
<objects.Task>
  <id>44</id>
  <Description>Task#44</Description>
  <type>T</type>
  <type__id>1</type__id>
  <priority>2</priority>
  <resId>0</resId>
  <serviceTime>58</serviceTime>
  <node>
    <id>44</id>
    <latitude>25.898905233428675</latitude>
    <longitude>9.594291768279257</longitude>
  </node>
  <region>1</region>
  <timeint>
    <startTime>545</startTime>
    <endTime>931</endTime>
  </timeint>
  <capacity>8.0</capacity>
</objects.Task>
<objects.Task>
  <id>45</id>
  <Description>Task#45</Description>
  <type>T</type>
  <type__id>1</type__id>
  <priority>1</priority>
  <resId>0</resId>
  <serviceTime>78</serviceTime>
  <node>
    <id>45</id>
    <latitude>26.21205846815084</latitude>
    <longitude>9.151361201567363</longitude>
  </node>
  <region>1</region>
  <timeint>
    <startTime>684</startTime>
    <endTime>1052</endTime>
  </timeint>
  <capacity>6.0</capacity>
</objects.Task>
<objects.Task>
  <id>46</id>
  <Description>Task#46</Description>
  <type>T</type>
  <type__id>1</type__id>
  <priority>3</priority>
  <resId>0</resId>
  <serviceTime>60</serviceTime>
  <node>
    <id>46</id>
    <latitude>25.561921244867225</latitude>
    <longitude>8.157189108694038</longitude>
  </node>
  <region>1</region>
  <timeint>
    <startTime>521</startTime>
    <endTime>790</endTime>
  </timeint>
  <capacity>9.0</capacity>
</objects.Task>
<objects.Task>
  <id>47</id>
  <Description>Task#47</Description>
  <type>T</type>
  <type__id>1</type__id>
  <priority>2</priority>
  <resId>0</resId>
  <serviceTime>34</serviceTime>
  <node>
    <id>47</id>
    <latitude>26.28008424920964</latitude>
    <longitude>9.1707917265811</longitude>
  </node>
  <region>1</region>
  <timeint>
    <startTime>631</startTime>
    <endTime>926</endTime>
  </timeint>
  <capacity>8.0</capacity>
</objects.Task>
<objects.Task>
  <id>48</id>
  <Description>Task#48</Description>
  <type>T</type>
  <type__id>1</type__id>
  <priority>4</priority>
  <resId>0</resId>
  <serviceTime>38</serviceTime>
  <node>
    <id>48</id>
    <latitude>26.926341649448048</latitude>
    <longitude>11.895286250909763</longitude>
  </node>
  <region>1</region>
  <timeint>
    <startTime>569</startTime>
    <endTime>1126</endTime>
  </timeint>
  <capacity>6.0</capacity>
</objects.Task>
<objects.Task>
  <id>49</id>
  <Description>Task#49</Description>
  <type>T</type>
  <type__id>1</type__id>
  <priority>1</priority>
  <resId>0</resId>
  <serviceTime>47</serviceTime>
  <node>
    <id>49</id>
    <latitude>25.44046864949962</latitude>
    <longitude>8.238311269925036</longitude>
  </node>
  <region>1</region>
  <timeint>
    <startTime>688</startTime>
    <endTime>1145</endTime>
  </timeint>
  <capacity>7.0</capacity>
</objects.Task>
<objects.Task>
  <id>50</id>
  <Description>Task#50</Description>
  <type>T</type>
  <type__id>1</type__id>
  <priority>4</priority>
  <resId>0</resId>
  <serviceTime>59</serviceTime>
  <node>
    <id>50</id>
    <latitude>27.89380788325044</latitude>
    <longitude>27.093381634671886</longitude>
  </node>
  <region>1</region>
  <timeint>
    <startTime>540</startTime>
    <endTime>933</endTime>
  </timeint>
  <capacity>6.0</capacity>
</objects.Task>
<objects.Task>
  <id>51</id>
  <Description>Task#51</Description>
  <type>T</type>
  <type__id>1</type__id>
  <priority>3</priority>
  <resId>0</resId>
  <serviceTime>68</serviceTime>
  <node>
    <id>51</id>
    <latitude>26.35245080698669</latitude>
    <longitude>25.889575761070162</longitude>
  </node>
  <region>1</region>
  <timeint>
    <startTime>716</startTime>
    <endTime>957</endTime>
  </timeint>
  <capacity>3.0</capacity>
</objects.Task>
<objects.Task>
  <id>52</id>
  <Description>Task#52</Description>
  <type>T</type>
  <type__id>1</type__id>
  <priority>1</priority>
  <resId>0</resId>
  <serviceTime>45</serviceTime>
  <node>
    <id>52</id>
    <latitude>24.76670301653681</latitude>
    <longitude>26.94097032445138</longitude>
  </node>
  <region>1</region>
  <timeint>
    <startTime>490</startTime>
    <endTime>902</endTime>
  </timeint>
  <capacity>5.0</capacity>
</objects.Task>
<objects.Task>
  <id>53</id>
  <Description>Task#53</Description>
  <type>T</type>
  <type__id>1</type__id>
  <priority>1</priority>
  <resId>0</resId>
  <serviceTime>64</serviceTime>
  <node>
    <id>53</id>
    <latitude>27.030510244121846</latitude>
    <longitude>26.60883539627584</longitude>
  </node>
  <region>1</region>
  <timeint>
    <startTime>652</startTime>
    <endTime>1151</endTime>
  </timeint>
  <capacity>9.0</capacity>
</objects.Task>
<objects.Task>
  <id>54</id>
  <Description>Task#54</Description>
  <type>T</type>
  <type__id>1</type__id>
  <priority>3</priority>
  <resId>0</resId>
  <serviceTime>43</serviceTime>
  <node>
    <id>54</id>
    <latitude>25.360828387776163</latitude>
    <longitude>23.74170252020706</longitude>
  </node>
  <region>1</region>
  <timeint>
    <startTime>602</startTime>
    <endTime>938</endTime>
  </timeint>
  <capacity>4.0</capacity>
</objects.Task>
<objects.Task>
  <id>55</id>
  <Description>Task#55</Description>
  <type>T</type>
  <type__id>1</type__id>
  <priority>1</priority>
  <resId>0</resId>
  <serviceTime>51</serviceTime>
  <node>
    <id>55</id>
    <latitude>26.4737509062953</latitude>
    <longitude>26.587455913669054</longitude>
  </node>
  <region>1</region>
  <timeint>
    <startTime>695</startTime>
    <endTime>1033</endTime>
  </timeint>
  <capacity>4.0</capacity>
</objects.Task>
<objects.Task>
  <id>56</id>
  <Description>Task#56</Description>
  <type>T</type>
  <type__id>1</type__id>
  <priority>2</priority>
  <resId>0</resId>
  <serviceTime>55</serviceTime>
  <node>
    <id>56</id>
    <latitude>26.775333682332633</latitude>
    <longitude>26.06404048289214</longitude>
  </node>
  <region>1</region>
  <timeint>
    <startTime>613</startTime>
    <endTime>1008</endTime>
  </timeint>
  <capacity>4.0</capacity>
</objects.Task>
<objects.Task>
  <id>57</id>
  <Description>Task#57</Description>
  <type>T</type>
  <type__id>1</type__id>
  <priority>4</priority>
  <resId>0</resId>
  <serviceTime>78</serviceTime>
  <node>
    <id>57</id>
    <latitude>25.99638964107052</latitude>
    <longitude>25.77292892716917</longitude>
  </node>
  <region>1</region>
  <timeint>
    <startTime>601</startTime>
    <endTime>978</endTime>
  </timeint>
  <capacity>5.0</capacity>
</objects.Task>
<objects.Task>
  <id>58</id>
  <Description>Task#58</Description>
  <type>T</type>
  <type__id>1</type__id>
  <priority>3</priority>
  <resId>0</resId>
  <serviceTime>70</serviceTime>
  <node>
    <id>58</id>
    <latitude>25.563571774253983</latitude>
    <longitude>26.50862516073363</longitude>
  </node>
  <region>1</region>
  <timeint>
    <startTime>678</startTime>
    <endTime>1097</endTime>
  </timeint>
  <capacity>3.0</capacity>
</objects.Task>
<objects.Task>
  <id>59</id>
  <Description>Task#59</Description>
  <type>T</type>
  <type__id>1</type__id>
  <priority>2</priority>
  <resId>0</resId>
  <serviceTime>89</serviceTime>
  <node>
    <id>59</id>
    <latitude>27.168912047857013</latitude>
    <longitude>26.963923053176718</longitude>
  </node>
  <region>1</region>
  <timeint>
    <startTime>495</startTime>
    <endTime>922</endTime>
  </timeint>
  <capacity>6.0</capacity>
</objects.Task>
<objects.Task>
  <id>60</id>
  <Description>Task#60</Description>
  <type>T</type>
  <type__id>1</type__id>
  <priority>3</priority>
  <resId>0</resId>
  <serviceTime>68</serviceTime>
  <node>
    <id>60</id>
    <latitude>27.169365166139766</latitude>
    <longitude>25.351989519950184</longitude>
  </node>
  <region>1</region>
  <timeint>
    <startTime>517</startTime>
    <endTime>1098</endTime>
  </timeint>
  <capacity>8.0</capacity>
</objects.Task>
<objects.Task>
  <id>61</id>
  <Description>Task#61</Description>
  <type>T</type>
  <type__id>1</type__id>
  <priority>2</priority>
  <resId>0</resId>
  <serviceTime>45</serviceTime>
  <node>
    <id>61</id>
    <latitude>26.757926521011093</latitude>
    <longitude>25.661718289643012</longitude>
  </node>
  <region>1</region>
  <timeint>
    <startTime>554</startTime>
    <endTime>825</endTime>
  </timeint>
  <capacity>5.0</capacity>
</objects.Task>
<objects.Task>
  <id>62</id>
  <Description>Task#62</Description>
  <type>T</type>
  <type__id>1</type__id>
  <priority>3</priority>
  <resId>0</resId>
  <serviceTime>88</serviceTime>
  <node>
    <id>62</id>
    <latitude>26.312014420862226</latitude>
    <longitude>26.381202619784236</longitude>
  </node>
  <region>1</region>
  <timeint>
    <startTime>502</startTime>
    <endTime>1083</endTime>
  </timeint>
  <capacity>2.0</capacity>
</objects.Task>
<objects.Task>
  <id>63</id>
  <Description>Task#63</Description>
  <type>T</type>
  <type__id>1</type__id>
  <priority>2</priority>
  <resId>0</resId>
  <serviceTime>30</serviceTime>
  <node>
    <id>63</id>
    <latitude>26.206574192784394</latitude>
    <longitude>25.91829782300552</longitude>
  </node>
  <region>1</region>
  <timeint>
    <startTime>485</startTime>
    <endTime>789</endTime>
  </timeint>
  <capacity>0.0</capacity>
</objects.Task>
<objects.Task>
  <id>64</id>
  <Description>Task#64</Description>
  <type>T</type>
  <type__id>1</type__id>
  <priority>3</priority>
  <resId>0</resId>
  <serviceTime>61</serviceTime>
  <node>
    <id>64</id>
    <latitude>26.098032940012956</latitude>
    <longitude>25.638026214379195</longitude>
  </node>
  <region>1</region>
  <timeint>
    <startTime>551</startTime>
    <endTime>1143</endTime>
  </timeint>
  <capacity>2.0</capacity>
</objects.Task>
<objects.Task>
  <id>65</id>
  <Description>Task#65</Description>
  <type>T</type>
  <type__id>1</type__id>
  <priority>3</priority>
  <resId>0</resId>
  <serviceTime>64</serviceTime>
  <node>
    <id>65</id>
    <latitude>26.2604885474478</latitude>
    <longitude>25.928888162870358</longitude>
  </node>
  <region>1</region>
  <timeint>
    <startTime>619</startTime>
    <endTime>1084</endTime>
  </timeint>
  <capacity>4.0</capacity>
</objects.Task>
<objects.Task>
  <id>66</id>
  <Description>Task#66</Description>
  <type>T</type>
  <type__id>1</type__id>
  <priority>2</priority>
  <resId>0</resId>
  <serviceTime>40</serviceTime>
  <node>
    <id>66</id>
    <latitude>26.44598742908596</latitude>
    <longitude>27.016221787576384</longitude>
  </node>
  <region>1</region>
  <timeint>
    <startTime>576</startTime>
    <endTime>975</endTime>
  </timeint>
  <capacity>5.0</capacity>
</objects.Task>
<objects.Task>
  <id>67</id>
  <Description>Task#67</Description>
  <type>T</type>
  <type__id>1</type__id>
  <priority>4</priority>
  <resId>0</resId>
  <serviceTime>74</serviceTime>
  <node>
    <id>67</id>
    <latitude>25.856925362668925</latitude>
    <longitude>25.818621250973482</longitude>
  </node>
  <region>1</region>
  <timeint>
    <startTime>561</startTime>
    <endTime>1106</endTime>
  </timeint>
  <capacity>8.0</capacity>
</objects.Task>
<objects.Task>
  <id>68</id>
  <Description>Task#68</Description>
  <type>T</type>
  <type__id>1</type__id>
  <priority>1</priority>
  <resId>0</resId>
  <serviceTime>52</serviceTime>
  <node>
    <id>68</id>
    <latitude>24.183521961572783</latitude>
    <longitude>22.968202979545378</longitude>
  </node>
  <region>1</region>
  <timeint>
    <startTime>517</startTime>
    <endTime>1009</endTime>
  </timeint>
  <capacity>9.0</capacity>
</objects.Task>
<objects.Task>
  <id>69</id>
  <Description>Task#69</Description>
  <type>T</type>
  <type__id>1</type__id>
  <priority>1</priority>
  <resId>0</resId>
  <serviceTime>54</serviceTime>
  <node>
    <id>69</id>
    <latitude>26.56116288508829</latitude>
    <longitude>26.286380475358065</longitude>
  </node>
  <region>1</region>
  <timeint>
    <startTime>685</startTime>
    <endTime>1173</endTime>
  </timeint>
  <capacity>3.0</capacity>
</objects.Task>
<objects.Task>
  <id>70</id>
  <Description>Task#70</Description>
  <type>T</type>
  <type__id>1</type__id>
  <priority>4</priority>
  <resId>0</resId>
  <serviceTime>54</serviceTime>
  <node>
    <id>70</id>
    <latitude>25.807908692092447</latitude>
    <longitude>27.052341755961084</longitude>
  </node>
  <region>1</region>
  <timeint>
    <startTime>501</startTime>
    <endTime>935</endTime>
  </timeint>
  <capacity>9.0</capacity>
</objects.Task>
<objects.Task>
  <id>71</id>
  <Description>Task#71</Description>
  <type>T</type>
  <type__id>1</type__id>
  <priority>1</priority>
  <resId>0</resId>
  <serviceTime>84</serviceTime>
  <node>
    <id>71</id>
    <latitude>24.564880955259397</latitude>
    <longitude>26.87179639734381</longitude>
  </node>
  <region>1</region>
  <timeint>
    <startTime>686</startTime>
    <endTime>1055</endTime>
  </timeint>
  <capacity>7.0</capacity>
</objects.Task>
<objects.Task>
  <id>72</id>
  <Description>Task#72</Description>
  <type>T</type>
  <type__id>1</type__id>
  <priority>1</priority>
  <resId>0</resId>
  <serviceTime>65</serviceTime>
  <node>
    <id>72</id>
    <latitude>27.165400241908177</latitude>
    <longitude>27.108599731507372</longitude>
  </node>
  <region>1</region>
  <timeint>
    <startTime>495</startTime>
    <endTime>762</endTime>
  </timeint>
  <capacity>0.0</capacity>
</objects.Task>
<objects.Task>
  <id>73</id>
  <Description>Task#73</Description>
  <type>T</type>
  <type__id>1</type__id>
  <priority>1</priority>
  <resId>0</resId>
  <serviceTime>89</serviceTime>
  <node>
    <id>73</id>
    <latitude>26.293874541909084</latitude>
    <longitude>26.13190118799071</longitude>
  </node>
  <region>1</region>
  <timeint>
    <startTime>507</startTime>
    <endTime>983</endTime>
  </timeint>
  <capacity>8.0</capacity>
</objects.Task>
<objects.Task>
  <id>74</id>
  <Description>Task#74</Description>
  <type>T</type>
  <type__id>1</type__id>
  <priority>2</priority>
  <resId>0</resId>
  <serviceTime>72</serviceTime>
  <node>
    <id>74</id>
    <latitude>26.443534225346667</latitude>
    <longitude>26.115543417642378</longitude>
  </node>
  <region>1</region>
  <timeint>
    <startTime>584</startTime>
    <endTime>861</endTime>
  </timeint>
  <capacity>3.0</capacity>
</objects.Task>
<objects.Task>
  <id>75</id>
  <Description>Task#75</Description>
  <type>T</type>
  <type__id>1</type__id>
  <priority>2</priority>
  <resId>0</resId>
  <serviceTime>50</serviceTime>
  <node>
    <id>75</id>
    <latitude>26.600644622898717</latitude>
    <longitude>5.045744755036184</longitude>
  </node>
  <region>1</region>
  <timeint>
    <startTime>662</startTime>
    <endTime>1177</endTime>
  </timeint>
  <capacity>7.0</capacity>
</objects.Task>
<objects.Task>
  <id>76</id>
  <Description>Task#76</Description>
  <type>T</type>
  <type__id>1</type__id>
  <priority>2</priority>
  <resId>0</resId>
  <serviceTime>54</serviceTime>
  <node>
    <id>76</id>
    <latitude>26.410391477324996</latitude>
    <longitude>5.959163516973428</longitude>
  </node>
  <region>1</region>
  <timeint>
    <startTime>591</startTime>
    <endTime>1140</endTime>
  </timeint>
  <capacity>6.0</capacity>
</objects.Task>
<objects.Task>
  <id>77</id>
  <Description>Task#77</Description>
  <type>T</type>
  <type__id>1</type__id>
  <priority>1</priority>
  <resId>0</resId>
  <serviceTime>32</serviceTime>
  <node>
    <id>77</id>
    <latitude>26.65951313746516</latitude>
    <longitude>3.305630313568742</longitude>
  </node>
  <region>1</region>
  <timeint>
    <startTime>665</startTime>
    <endTime>1090</endTime>
  </timeint>
  <capacity>9.0</capacity>
</objects.Task>
<objects.Task>
  <id>78</id>
  <Description>Task#78</Description>
  <type>T</type>
  <type__id>1</type__id>
  <priority>4</priority>
  <resId>0</resId>
  <serviceTime>50</serviceTime>
  <node>
    <id>78</id>
    <latitude>27.329734035543158</latitude>
    <longitude>6.0894346968161</longitude>
  </node>
  <region>1</region>
  <timeint>
    <startTime>646</startTime>
    <endTime>907</endTime>
  </timeint>
  <capacity>1.0</capacity>
</objects.Task>
<objects.Task>
  <id>79</id>
  <Description>Task#79</Description>
  <type>T</type>
  <type__id>1</type__id>
  <priority>3</priority>
  <resId>0</resId>
  <serviceTime>41</serviceTime>
  <node>
    <id>79</id>
    <latitude>26.18759004147703</latitude>
    <longitude>3.9881602566732877</longitude>
  </node>
  <region>1</region>
  <timeint>
    <startTime>542</startTime>
    <endTime>991</endTime>
  </timeint>
  <capacity>9.0</capacity>
</objects.Task>
<objects.Task>
  <id>80</id>
  <Description>Task#80</Description>
  <type>T</type>
  <type__id>1</type__id>
  <priority>3</priority>
  <resId>0</resId>
  <serviceTime>35</serviceTime>
  <node>
    <id>80</id>
    <latitude>26.612514923275445</latitude>
    <longitude>6.384038104454665</longitude>
  </node>
  <region>1</region>
  <timeint>
    <startTime>680</startTime>
    <endTime>1191</endTime>
  </timeint>
  <capacity>2.0</capacity>
</objects.Task>
<objects.Task>
  <id>81</id>
  <Description>Task#81</Description>
  <type>T</type>
  <type__id>1</type__id>
  <priority>1</priority>
  <resId>0</resId>
  <serviceTime>31</serviceTime>
  <node>
    <id>81</id>
    <latitude>25.89928812581822</latitude>
    <longitude>6.359855589648919</longitude>
  </node>
  <region>1</region>
  <timeint>
    <startTime>611</startTime>
    <endTime>1158</endTime>
  </timeint>
  <capacity>9.0</capacity>
</objects.Task>
<objects.Task>
  <id>82</id>
  <Description>Task#82</Description>
  <type>T</type>
  <type__id>1</type__id>
  <priority>1</priority>
  <resId>0</resId>
  <serviceTime>78</serviceTime>
  <node>
    <id>82</id>
    <latitude>26.808822279252297</latitude>
    <longitude>6.05572615460673</longitude>
  </node>
  <region>1</region>
  <timeint>
    <startTime>515</startTime>
    <endTime>1109</endTime>
  </timeint>
  <capacity>5.0</capacity>
</objects.Task>
<objects.Task>
  <id>83</id>
  <Description>Task#83</Description>
  <type>T</type>
  <type__id>1</type__id>
  <priority>4</priority>
  <resId>0</resId>
  <serviceTime>31</serviceTime>
  <node>
    <id>83</id>
    <latitude>25.111038525423837</latitude>
    <longitude>6.466507392466996</longitude>
  </node>
  <region>1</region>
  <timeint>
    <startTime>550</startTime>
    <endTime>870</endTime>
  </timeint>
  <capacity>1.0</capacity>
</objects.Task>
<objects.Task>
  <id>84</id>
  <Description>Task#84</Description>
  <type>T</type>
  <type__id>1</type__id>
  <priority>1</priority>
  <resId>0</resId>
  <serviceTime>53</serviceTime>
  <node>
    <id>84</id>
    <latitude>27.321633476817077</latitude>
    <longitude>8.444692461048716</longitude>
  </node>
  <region>1</region>
  <timeint>
    <startTime>716</startTime>
    <endTime>1271</endTime>
  </timeint>
  <capacity>4.0</capacity>
</objects.Task>
<objects.Task>
  <id>85</id>
  <Description>Task#85</Description>
  <type>T</type>
  <type__id>1</type__id>
  <priority>1</priority>
  <resId>0</resId>
  <serviceTime>53</serviceTime>
  <node>
    <id>85</id>
    <latitude>26.68914748288132</latitude>
    <longitude>5.823149021534681</longitude>
  </node>
  <region>1</region>
  <timeint>
    <startTime>699</startTime>
    <endTime>968</endTime>
  </timeint>
  <capacity>1.0</capacity>
</objects.Task>
<objects.Task>
  <id>86</id>
  <Description>Task#86</Description>
  <type>T</type>
  <type__id>1</type__id>
  <priority>3</priority>
  <resId>0</resId>
  <serviceTime>37</serviceTime>
  <node>
    <id>86</id>
    <latitude>26.787182905068754</latitude>
    <longitude>6.474633564694887</longitude>
  </node>
  <region>1</region>
  <timeint>
    <startTime>484</startTime>
    <endTime>781</endTime>
  </timeint>
  <capacity>4.0</capacity>
</objects.Task>
<objects.Task>
  <id>87</id>
  <Description>Task#87</Description>
  <type>T</type>
  <type__id>1</type__id>
  <priority>4</priority>
  <resId>0</resId>
  <serviceTime>49</serviceTime>
  <node>
    <id>87</id>
    <latitude>25.795972824611116</latitude>
    <longitude>8.362775430767673</longitude>
  </node>
  <region>1</region>
  <timeint>
    <startTime>663</startTime>
    <endTime>1030</endTime>
  </timeint>
  <capacity>3.0</capacity>
</objects.Task>
<objects.Task>
  <id>88</id>
  <Description>Task#88</Description>
  <type>T</type>
  <type__id>1</type__id>
  <priority>2</priority>
  <resId>0</resId>
  <serviceTime>33</serviceTime>
  <node>
    <id>88</id>
    <latitude>26.69544611791168</latitude>
    <longitude>5.739189512237087</longitude>
  </node>
  <region>1</region>
  <timeint>
    <startTime>603</startTime>
    <endTime>1004</endTime>
  </timeint>
  <capacity>0.0</capacity>
</objects.Task>
<objects.Task>
  <id>89</id>
  <Description>Task#89</Description>
  <type>T</type>
  <type__id>1</type__id>
  <priority>4</priority>
  <resId>0</resId>
  <serviceTime>33</serviceTime>
  <node>
    <id>89</id>
    <latitude>26.5458448616964</latitude>
    <longitude>5.915116138094553</longitude>
  </node>
  <region>1</region>
  <timeint>
    <startTime>638</startTime>
    <endTime>951</endTime>
  </timeint>
  <capacity>5.0</capacity>
</objects.Task>
<objects.Task>
  <id>90</id>
  <Description>Task#90</Description>
  <type>T</type>
  <type__id>1</type__id>
  <priority>3</priority>
  <resId>0</resId>
  <serviceTime>89</serviceTime>
  <node>
    <id>90</id>
    <latitude>23.95841751091159</latitude>
    <longitude>6.338324351216683</longitude>
  </node>
  <region>1</region>
  <timeint>
    <startTime>689</startTime>
    <endTime>1032</endTime>
  </timeint>
  <capacity>9.0</capacity>
</objects.Task>
<objects.Task>
  <id>91</id>
  <Description>Task#91</Description>
  <type>T</type>
  <type__id>1</type__id>
  <priority>2</priority>
  <resId>0</resId>
  <serviceTime>43</serviceTime>
  <node>
    <id>91</id>
    <latitude>27.132322808174248</latitude>
    <longitude>5.616343332567201</longitude>
  </node>
  <region>1</region>
  <timeint>
    <startTime>583</startTime>
    <endTime>939</endTime>
  </timeint>
  <capacity>4.0</capacity>
</objects.Task>
<objects.Task>
  <id>92</id>
  <Description>Task#92</Description>
  <type>T</type>
  <type__id>1</type__id>
  <priority>2</priority>
  <resId>0</resId>
  <serviceTime>77</serviceTime>
  <node>
    <id>92</id>
    <latitude>27.003041175489184</latitude>
    <longitude>5.770434168193862</longitude>
  </node>
  <region>1</region>
  <timeint>
    <startTime>592</startTime>
    <endTime>941</endTime>
  </timeint>
  <capacity>3.0</capacity>
</objects.Task>
<objects.Task>
  <id>93</id>
  <Description>Task#93</Description>
  <type>T</type>
  <type__id>1</type__id>
  <priority>3</priority>
  <resId>0</resId>
  <serviceTime>78</serviceTime>
  <node>
    <id>93</id>
    <latitude>26.940194658462207</latitude>
    <longitude>6.001244744030731</longitude>
  </node>
  <region>1</region>
  <timeint>
    <startTime>601</startTime>
    <endTime>1063</endTime>
  </timeint>
  <capacity>1.0</capacity>
</objects.Task>
<objects.Task>
  <id>94</id>
  <Description>Task#94</Description>
  <type>T</type>
  <type__id>1</type__id>
  <priority>1</priority>
  <resId>0</resId>
  <serviceTime>30</serviceTime>
  <node>
    <id>94</id>
    <latitude>25.59818134360157</latitude>
    <longitude>6.924424038105689</longitude>
  </node>
  <region>1</region>
  <timeint>
    <startTime>633</startTime>
    <endTime>1017</endTime>
  </timeint>
  <capacity>9.0</capacity>
</objects.Task>
<objects.Task>
  <id>95</id>
  <Description>Task#95</Description>
  <type>T</type>
  <type__id>1</type__id>
  <priority>3</priority>
  <resId>0</resId>
  <serviceTime>36</serviceTime>
  <node>
    <id>95</id>
    <latitude>25.526394109339748</latitude>
    <longitude>4.827865263375496</longitude>
  </node>
  <region>1</region>
  <timeint>
    <startTime>573</startTime>
    <endTime>834</endTime>
  </timeint>
  <capacity>1.0</capacity>
</objects.Task>
<objects.Task>
  <id>96</id>
  <Description>Task#96</Description>
  <type>T</type>
  <type__id>1</type__id>
  <priority>1</priority>
  <resId>0</resId>
  <serviceTime>51</serviceTime>
  <node>
    <id>96</id>
    <latitude>26.858336943798854</latitude>
    <longitude>5.6477254108983415</longitude>
  </node>
  <region>1</region>
  <timeint>
    <startTime>643</startTime>
    <endTime>1206</endTime>
  </timeint>
  <capacity>0.0</capacity>
</objects.Task>
<objects.Task>
  <id>97</id>
  <Description>Task#97</Description>
  <type>T</type>
  <type__id>1</type__id>
  <priority>2</priority>
  <resId>0</resId>
  <serviceTime>80</serviceTime>
  <node>
    <id>97</id>
    <latitude>25.50006693801751</latitude>
    <longitude>4.192494729964005</longitude>
  </node>
  <region>1</region>
  <timeint>
    <startTime>631</startTime>
    <endTime>1062</endTime>
  </timeint>
  <capacity>4.0</capacity>
</objects.Task>
<objects.Task>
  <id>98</id>
  <Description>Task#98</Description>
  <type>T</type>
  <type__id>1</type__id>
  <priority>2</priority>
  <resId>0</resId>
  <serviceTime>55</serviceTime>
  <node>
    <id>98</id>
    <latitude>26.47733290355215</latitude>
    <longitude>5.750233238956975</longitude>
  </node>
  <region>1</region>
  <timeint>
    <startTime>684</startTime>
    <endTime>1163</endTime>
  </timeint>
  <capacity>7.0</capacity>
</objects.Task>
<objects.Task>
  <id>99</id>
  <Description>Task#99</Description>
  <type>T</type>
  <type__id>1</type__id>
  <priority>3</priority>
  <resId>0</resId>
  <serviceTime>87</serviceTime>
  <node>
    <id>99</id>
    <latitude>26.516655262669097</latitude>
    <longitude>6.207558264556011</longitude>
  </node>
  <region>1</region>
  <timeint>
    <startTime>563</startTime>
    <endTime>1123</endTime>
  </timeint>
  <capacity>4.0</capacity>
</objects.Task>
<objects.Resource>
  <id>1</id>
  <description>Technician1</description>
  <region>1</region>
  <availability>
    <startTime>560</startTime>
    <endTime>1120</endTime>
  </availability>
  <breakTime>
    <startTime>975</startTime>
    <endTime>1252</endTime>
  </breakTime>
  <origin>
    <id>101</id>
    <latitude>14.171755350298234</latitude>
    <longitude>15.33358499475511</longitude>
  </origin>
  <destination>
    <id>101</id>
    <latitude>14.171755350298234</latitude>
    <longitude>15.33358499475511</longitude>
  </destination>
  <capacity>0.0</capacity>
  <skill>1</skill>
</objects.Resource>
<objects.Resource>
  <id>2</id>
  <description>Technician2</description>
  <region>1</region>
  <availability>
    <startTime>681</startTime>
    <endTime>1243</endTime>
  </availability>
  <breakTime>
    <startTime>1038</startTime>
    <endTime>1507</endTime>
  </breakTime>
  <origin>
    <id>103</id>
    <latitude>15.729484508331467</latitude>
    <longitude>14.435950811081536</longitude>
  </origin>
  <destination>
    <id>103</id>
    <latitude>15.729484508331467</latitude>
    <longitude>14.435950811081536</longitude>
  </destination>
  <capacity>0.0</capacity>
  <skill>9</skill>
</objects.Resource>
<objects.Resource>
  <id>3</id>
  <description>Technician3</description>
  <region>1</region>
  <availability>
    <startTime>617</startTime>
    <endTime>1163</endTime>
  </availability>
  <breakTime>
    <startTime>1022</startTime>
    <endTime>1104</endTime>
  </breakTime>
  <origin>
    <id>105</id>
    <latitude>17.343131103388203</latitude>
    <longitude>14.667682094247409</longitude>
  </origin>
  <destination>
    <id>105</id>
    <latitude>17.343131103388203</latitude>
    <longitude>14.667682094247409</longitude>
  </destination>
  <capacity>0.0</capacity>
  <skill>4</skill>
</objects.Resource>
<objects.Resource>
  <id>4</id>
  <description>Technician4</description>
  <region>1</region>
  <availability>
    <startTime>531</startTime>
    <endTime>1011</endTime>
  </availability>
  <breakTime>
    <startTime>811</startTime>
    <endTime>1261</endTime>
  </breakTime>
  <origin>
    <id>107</id>
    <latitude>16.805169826034902</latitude>
    <longitude>14.747901044906758</longitude>
  </origin>
  <destination>
    <id>107</id>
    <latitude>16.805169826034902</latitude>
    <longitude>14.747901044906758</longitude>
  </destination>
  <capacity>0.0</capacity>
  <skill>7</skill>
</objects.Resource>
<objects.Resource>
  <id>5</id>
  <description>Technician5</description>
  <region>1</region>
  <availability>
    <startTime>605</startTime>
    <endTime>1117</endTime>
  </availability>
  <breakTime>
    <startTime>1043</startTime>
    <endTime>1571</endTime>
  </breakTime>
  <origin>
    <id>109</id>
    <latitude>15.356317183358643</latitude>
    <longitude>14.53306133355884</longitude>
  </origin>
  <destination>
    <id>109</id>
    <latitude>15.356317183358643</latitude>
    <longitude>14.53306133355884</longitude>
  </destination>
  <capacity>0.0</capacity>
  <skill>7</skill>
</objects.Resource>
<objects.Resource>
  <id>6</id>
  <description>Technician6</description>
  <region>1</region>
  <availability>
    <startTime>551</startTime>
    <endTime>1123</endTime>
  </availability>
  <breakTime>
    <startTime>982</startTime>
    <endTime>1342</endTime>
  </breakTime>
  <origin>
    <id>111</id>
    <latitude>17.2175998566574</latitude>
    <longitude>14.285246318624228</longitude>
  </origin>
  <destination>
    <id>111</id>
    <latitude>17.2175998566574</latitude>
    <longitude>14.285246318624228</longitude>
  </destination>
  <capacity>0.0</capacity>
  <skill>4</skill>
</objects.Resource>
<objects.Resource>
  <id>7</id>
  <description>Technician7</description>
  <region>1</region>
  <availability>
    <startTime>574</startTime>
    <endTime>1059</endTime>
  </availability>
  <breakTime>
    <startTime>940</startTime>
    <endTime>1349</endTime>
  </breakTime>
  <origin>
    <id>113</id>
    <latitude>17.597000553744685</latitude>
    <longitude>17.56256263921365</longitude>
  </origin>
  <destination>
    <id>113</id>
    <latitude>17.597000553744685</latitude>
    <longitude>17.56256263921365</longitude>
  </destination>
  <capacity>0.0</capacity>
  <skill>8</skill>
</objects.Resource>
<objects.Resource>
  <id>8</id>
  <description>Technician8</description>
  <region>1</region>
  <availability>
    <startTime>500</startTime>
    <endTime>1014</endTime>
  </availability>
  <breakTime>
    <startTime>861</startTime>
    <endTime>1395</endTime>
  </breakTime>
  <origin>
    <id>115</id>
    <latitude>17.45536116746748</latitude>
    <longitude>16.404805497632136</longitude>
  </origin>
  <destination>
    <id>115</id>
    <latitude>17.45536116746748</latitude>
    <longitude>16.404805497632136</longitude>
  </destination>
  <capacity>0.0</capacity>
  <skill>1</skill>
</objects.Resource>
<objects.Resource>
  <id>9</id>
  <description>Technician9</description>
  <region>1</region>
  <availability>
    <startTime>604</startTime>
    <endTime>1163</endTime>
  </availability>
  <breakTime>
    <startTime>892</startTime>
    <endTime>1272</endTime>
  </breakTime>
  <origin>
    <id>117</id>
    <latitude>15.047621865868813</latitude>
    <longitude>17.66733782805713</longitude>
  </origin>
  <destination>
    <id>117</id>
    <latitude>15.047621865868813</latitude>
    <longitude>17.66733782805713</longitude>
  </destination>
  <capacity>0.0</capacity>
  <skill>0</skill>
</objects.Resource>
<objects.Resource>
  <id>10</id>
  <description>Technician10</description>
  <region>1</region>
  <availability>
    <startTime>537</startTime>
    <endTime>1046</endTime>
  </availability>
  <breakTime>
    <startTime>924</startTime>
    <endTime>1139</endTime>
  </breakTime>
  <origin>
    <id>119</id>
    <latitude>15.3259896920467</latitude>
    <longitude>16.267574379917633</longitude>
  </origin>
  <destination>
    <id>119</id>
    <latitude>15.3259896920467</latitude>
    <longitude>16.267574379917633</longitude>
  </destination>
  <capacity>0.0</capacity>
  <skill>7</skill>
</objects.Resource>
