<objects.Task>
  <id>0</id>
  <Description>Task#0</Description>
  <type>T</type>
  <type__id>1</type__id>
  <priority>2</priority>
  <resId>0</resId>
  <serviceTime>35</serviceTime>
  <node>
    <id>0</id>
    <latitude>38.1772766084929</latitude>
    <longitude>3.443132137480537</longitude>
  </node>
  <region>1</region>
  <timeint>
    <startTime>623</startTime>
    <endTime>1033</endTime>
  </timeint>
  <capacity>8.0</capacity>
</objects.Task>
<objects.Task>
  <id>1</id>
  <Description>Task#1</Description>
  <type>T</type>
  <type__id>1</type__id>
  <priority>2</priority>
  <resId>0</resId>
  <serviceTime>66</serviceTime>
  <node>
    <id>1</id>
    <latitude>37.37682361222201</latitude>
    <longitude>2.6469782361144962</longitude>
  </node>
  <region>1</region>
  <timeint>
    <startTime>635</startTime>
    <endTime>1116</endTime>
  </timeint>
  <capacity>4.0</capacity>
</objects.Task>
<objects.Task>
  <id>2</id>
  <Description>Task#2</Description>
  <type>T</type>
  <type__id>1</type__id>
  <priority>2</priority>
  <resId>0</resId>
  <serviceTime>89</serviceTime>
  <node>
    <id>2</id>
    <latitude>39.00790227845534</latitude>
    <longitude>2.07511196931505</longitude>
  </node>
  <region>1</region>
  <timeint>
    <startTime>707</startTime>
    <endTime>992</endTime>
  </timeint>
  <capacity>2.0</capacity>
</objects.Task>
<objects.Task>
  <id>3</id>
  <Description>Task#3</Description>
  <type>T</type>
  <type__id>1</type__id>
  <priority>2</priority>
  <resId>0</resId>
  <serviceTime>37</serviceTime>
  <node>
    <id>3</id>
    <latitude>38.11752645383396</latitude>
    <longitude>3.194173611279754</longitude>
  </node>
  <region>1</region>
  <timeint>
    <startTime>523</startTime>
    <endTime>943</endTime>
  </timeint>
  <capacity>8.0</capacity>
</objects.Task>
<objects.Task>
  <id>4</id>
  <Description>Task#4</Description>
  <type>T</type>
  <type__id>1</type__id>
  <priority>4</priority>
  <resId>0</resId>
  <serviceTime>61</serviceTime>
  <node>
    <id>4</id>
    <latitude>38.89563581009413</latitude>
    <longitude>3.0446681956379966</longitude>
  </node>
  <region>1</region>
  <timeint>
    <startTime>700</startTime>
    <endTime>1139</endTime>
  </timeint>
  <capacity>2.0</capacity>
</objects.Task>
<objects.Task>
  <id>5</id>
  <Description>Task#5</Description>
  <type>T</type>
  <type__id>1</type__id>
  <priority>4</priority>
  <resId>0</resId>
  <serviceTime>33</serviceTime>
  <node>
    <id>5</id>
    <latitude>38.189630947153354</latitude>
    <longitude>3.5708246478300905</longitude>
  </node>
  <region>1</region>
  <timeint>
    <startTime>533</startTime>
    <endTime>803</endTime>
  </timeint>
  <capacity>8.0</capacity>
</objects.Task>
<objects.Task>
  <id>6</id>
  <Description>Task#6</Description>
  <type>T</type>
  <type__id>1</type__id>
  <priority>3</priority>
  <resId>0</resId>
  <serviceTime>39</serviceTime>
  <node>
    <id>6</id>
    <latitude>38.251245382699224</latitude>
    <longitude>3.198972878482609</longitude>
  </node>
  <region>1</region>
  <timeint>
    <startTime>644</startTime>
    <endTime>1099</endTime>
  </timeint>
  <capacity>8.0</capacity>
</objects.Task>
<objects.Task>
  <id>7</id>
  <Description>Task#7</Description>
  <type>T</type>
  <type__id>1</type__id>
  <priority>1</priority>
  <resId>0</resId>
  <serviceTime>65</serviceTime>
  <node>
    <id>7</id>
    <latitude>38.532782559692315</latitude>
    <longitude>3.420570648184083</longitude>
  </node>
  <region>1</region>
  <timeint>
    <startTime>551</startTime>
    <endTime>1024</endTime>
  </timeint>
  <capacity>2.0</capacity>
</objects.Task>
<objects.Task>
  <id>8</id>
  <Description>Task#8</Description>
  <type>T</type>
  <type__id>1</type__id>
  <priority>4</priority>
  <resId>0</resId>
  <serviceTime>80</serviceTime>
  <node>
    <id>8</id>
    <latitude>37.755407557265194</latitude>
    <longitude>3.0197161039124434</longitude>
  </node>
  <region>1</region>
  <timeint>
    <startTime>655</startTime>
    <endTime>1094</endTime>
  </timeint>
  <capacity>3.0</capacity>
</objects.Task>
<objects.Task>
  <id>9</id>
  <Description>Task#9</Description>
  <type>T</type>
  <type__id>1</type__id>
  <priority>2</priority>
  <resId>0</resId>
  <serviceTime>64</serviceTime>
  <node>
    <id>9</id>
    <latitude>37.97924989743255</latitude>
    <longitude>2.838810286489976</longitude>
  </node>
  <region>1</region>
  <timeint>
    <startTime>508</startTime>
    <endTime>854</endTime>
  </timeint>
  <capacity>2.0</capacity>
</objects.Task>
<objects.Task>
  <id>10</id>
  <Description>Task#10</Description>
  <type>T</type>
  <type__id>1</type__id>
  <priority>4</priority>
  <resId>0</resId>
  <serviceTime>70</serviceTime>
  <node>
    <id>10</id>
    <latitude>38.11786700084409</latitude>
    <longitude>3.204983243897811</longitude>
  </node>
  <region>1</region>
  <timeint>
    <startTime>708</startTime>
    <endTime>964</endTime>
  </timeint>
  <capacity>7.0</capacity>
</objects.Task>
<objects.Task>
  <id>11</id>
  <Description>Task#11</Description>
  <type>T</type>
  <type__id>1</type__id>
  <priority>4</priority>
  <resId>0</resId>
  <serviceTime>83</serviceTime>
  <node>
    <id>11</id>
    <latitude>38.51563536583785</latitude>
    <longitude>4.661961767901518</longitude>
  </node>
  <region>1</region>
  <timeint>
    <startTime>524</startTime>
    <endTime>1031</endTime>
  </timeint>
  <capacity>0.0</capacity>
</objects.Task>
<objects.Task>
  <id>12</id>
  <Description>Task#12</Description>
  <type>T</type>
  <type__id>1</type__id>
  <priority>4</priority>
  <resId>0</resId>
  <serviceTime>89</serviceTime>
  <node>
    <id>12</id>
    <latitude>38.311659598333875</latitude>
    <longitude>3.155800423051066</longitude>
  </node>
  <region>1</region>
  <timeint>
    <startTime>636</startTime>
    <endTime>1040</endTime>
  </timeint>
  <capacity>5.0</capacity>
</objects.Task>
<objects.Task>
  <id>13</id>
  <Description>Task#13</Description>
  <type>T</type>
  <type__id>1</type__id>
  <priority>3</priority>
  <resId>0</resId>
  <serviceTime>67</serviceTime>
  <node>
    <id>13</id>
    <latitude>38.19341181023925</latitude>
    <longitude>3.2458648282608555</longitude>
  </node>
  <region>1</region>
  <timeint>
    <startTime>490</startTime>
    <endTime>1083</endTime>
  </timeint>
  <capacity>7.0</capacity>
</objects.Task>
<objects.Task>
  <id>14</id>
  <Description>Task#14</Description>
  <type>T</type>
  <type__id>1</type__id>
  <priority>2</priority>
  <resId>0</resId>
  <serviceTime>49</serviceTime>
  <node>
    <id>14</id>
    <latitude>38.51936703152433</latitude>
    <longitude>3.4958178656709045</longitude>
  </node>
  <region>1</region>
  <timeint>
    <startTime>575</startTime>
    <endTime>1103</endTime>
  </timeint>
  <capacity>3.0</capacity>
</objects.Task>
<objects.Task>
  <id>15</id>
  <Description>Task#15</Description>
  <type>T</type>
  <type__id>1</type__id>
  <priority>2</priority>
  <resId>0</resId>
  <serviceTime>81</serviceTime>
  <node>
    <id>15</id>
    <latitude>38.24485166729833</latitude>
    <longitude>3.1908518356818956</longitude>
  </node>
  <region>1</region>
  <timeint>
    <startTime>654</startTime>
    <endTime>919</endTime>
  </timeint>
  <capacity>6.0</capacity>
</objects.Task>
<objects.Task>
  <id>16</id>
  <Description>Task#16</Description>
  <type>T</type>
  <type__id>1</type__id>
  <priority>2</priority>
  <resId>0</resId>
  <serviceTime>33</serviceTime>
  <node>
    <id>16</id>
    <latitude>38.26063537048373</latitude>
    <longitude>3.1781222035894783</longitude>
  </node>
  <region>1</region>
  <timeint>
    <startTime>538</startTime>
    <endTime>971</endTime>
  </timeint>
  <capacity>6.0</capacity>
</objects.Task>
<objects.Task>
  <id>17</id>
  <Description>Task#17</Description>
  <type>T</type>
  <type__id>1</type__id>
  <priority>3</priority>
  <resId>0</resId>
  <serviceTime>76</serviceTime>
  <node>
    <id>17</id>
    <latitude>37.426384367042075</latitude>
    <longitude>3.163455625316872</longitude>
  </node>
  <region>1</region>
  <timeint>
    <startTime>487</startTime>
    <endTime>951</endTime>
  </timeint>
  <capacity>0.0</capacity>
</objects.Task>
<objects.Task>
  <id>18</id>
  <Description>Task#18</Description>
  <type>T</type>
  <type__id>1</type__id>
  <priority>3</priority>
  <resId>0</resId>
  <serviceTime>51</serviceTime>
  <node>
    <id>18</id>
    <latitude>38.29376074040039</latitude>
    <longitude>3.1103277628846415</longitude>
  </node>
  <region>1</region>
  <timeint>
    <startTime>506</startTime>
    <endTime>1104</endTime>
  </timeint>
  <capacity>7.0</capacity>
</objects.Task>
<objects.Task>
  <id>19</id>
  <Description>Task#19</Description>
  <type>T</type>
  <type__id>1</type__id>
  <priority>2</priority>
  <resId>0</resId>
  <serviceTime>47</serviceTime>
  <node>
    <id>19</id>
    <latitude>38.09171082053557</latitude>
    <longitude>2.7963153865011496</longitude>
  </node>
  <region>1</region>
  <timeint>
    <startTime>715</startTime>
    <endTime>1219</endTime>
  </timeint>
  <capacity>0.0</capacity>
</objects.Task>
<objects.Task>
  <id>20</id>
  <Description>Task#20</Description>
  <type>T</type>
  <type__id>1</type__id>
  <priority>3</priority>
  <resId>0</resId>
  <serviceTime>70</serviceTime>
  <node>
    <id>20</id>
    <latitude>36.75060131835341</latitude>
    <longitude>4.2145701664628445</longitude>
  </node>
  <region>1</region>
  <timeint>
    <startTime>518</startTime>
    <endTime>896</endTime>
  </timeint>
  <capacity>5.0</capacity>
</objects.Task>
<objects.Task>
  <id>21</id>
  <Description>Task#21</Description>
  <type>T</type>
  <type__id>1</type__id>
  <priority>1</priority>
  <resId>0</resId>
  <serviceTime>50</serviceTime>
  <node>
    <id>21</id>
    <latitude>36.91154684203828</latitude>
    <longitude>2.1629281471101143</longitude>
  </node>
  <region>1</region>
  <timeint>
    <startTime>529</startTime>
    <endTime>875</endTime>
  </timeint>
  <capacity>8.0</capacity>
</objects.Task>
<objects.Task>
  <id>22</id>
  <Description>Task#22</Description>
  <type>T</type>
  <type__id>1</type__id>
  <priority>2</priority>
  <resId>0</resId>
  <serviceTime>50</serviceTime>
  <node>
    <id>22</id>
    <latitude>37.39002576695761</latitude>
    <longitude>3.0635677320698327</longitude>
  </node>
  <region>1</region>
  <timeint>
    <startTime>672</startTime>
    <endTime>1254</endTime>
  </timeint>
  <capacity>7.0</capacity>
</objects.Task>
<objects.Task>
  <id>23</id>
  <Description>Task#23</Description>
  <type>T</type>
  <type__id>1</type__id>
  <priority>4</priority>
  <resId>0</resId>
  <serviceTime>37</serviceTime>
  <node>
    <id>23</id>
    <latitude>38.23810094353275</latitude>
    <longitude>3.016978212433325</longitude>
  </node>
  <region>1</region>
  <timeint>
    <startTime>594</startTime>
    <endTime>1089</endTime>
  </timeint>
  <capacity>9.0</capacity>
</objects.Task>
<objects.Task>
  <id>24</id>
  <Description>Task#24</Description>
  <type>T</type>
  <type__id>1</type__id>
  <priority>2</priority>
  <resId>0</resId>
  <serviceTime>75</serviceTime>
  <node>
    <id>24</id>
    <latitude>38.1721924386085</latitude>
    <longitude>3.219065209847925</longitude>
  </node>
  <region>1</region>
  <timeint>
    <startTime>627</startTime>
    <endTime>1179</endTime>
  </timeint>
  <capacity>4.0</capacity>
</objects.Task>
<objects.Task>
  <id>25</id>
  <Description>Task#25</Description>
  <type>T</type>
  <type__id>1</type__id>
  <priority>1</priority>
  <resId>0</resId>
  <serviceTime>77</serviceTime>
  <node>
    <id>25</id>
    <latitude>32.152114175234885</latitude>
    <longitude>13.20402420731232</longitude>
  </node>
  <region>1</region>
  <timeint>
    <startTime>499</startTime>
    <endTime>848</endTime>
  </timeint>
  <capacity>6.0</capacity>
</objects.Task>
<objects.Task>
  <id>26</id>
  <Description>Task#26</Description>
  <type>T</type>
  <type__id>1</type__id>
  <priority>3</priority>
  <resId>0</resId>
  <serviceTime>58</serviceTime>
  <node>
    <id>26</id>
    <latitude>31.810402110180053</latitude>
    <longitude>12.667292930457304</longitude>
  </node>
  <region>1</region>
  <timeint>
    <startTime>663</startTime>
    <endTime>1258</endTime>
  </timeint>
  <capacity>6.0</capacity>
</objects.Task>
<objects.Task>
  <id>27</id>
  <Description>Task#27</Description>
  <type>T</type>
  <type__id>1</type__id>
  <priority>2</priority>
  <resId>0</resId>
  <serviceTime>52</serviceTime>
  <node>
    <id>27</id>
    <latitude>31.496476108993154</latitude>
    <longitude>13.648032714126446</longitude>
  </node>
  <region>1</region>
  <timeint>
    <startTime>695</startTime>
    <endTime>1202</endTime>
  </timeint>
  <capacity>2.0</capacity>
</objects.Task>
<objects.Task>
  <id>28</id>
  <Description>Task#28</Description>
  <type>T</type>
  <type__id>1</type__id>
  <priority>2</priority>
  <resId>0</resId>
  <serviceTime>77</serviceTime>
  <node>
    <id>28</id>
    <latitude>31.189040576002224</latitude>
    <longitude>13.296679006104128</longitude>
  </node>
  <region>1</region>
  <timeint>
    <startTime>714</startTime>
    <endTime>1157</endTime>
  </timeint>
  <capacity>0.0</capacity>
</objects.Task>
<objects.Task>
  <id>29</id>
  <Description>Task#29</Description>
  <type>T</type>
  <type__id>1</type__id>
  <priority>3</priority>
  <resId>0</resId>
  <serviceTime>88</serviceTime>
  <node>
    <id>29</id>
    <latitude>31.68633448584533</latitude>
    <longitude>12.719893640948394</longitude>
  </node>
  <region>1</region>
  <timeint>
    <startTime>498</startTime>
    <endTime>928</endTime>
  </timeint>
  <capacity>0.0</capacity>
</objects.Task>
<objects.Task>
  <id>30</id>
  <Description>Task#30</Description>
  <type>T</type>
  <type__id>1</type__id>
  <priority>3</priority>
  <resId>0</resId>
  <serviceTime>34</serviceTime>
  <node>
    <id>30</id>
    <latitude>32.218933387690726</latitude>
    <longitude>13.183436890245854</longitude>
  </node>
  <region>1</region>
  <timeint>
    <startTime>501</startTime>
    <endTime>833</endTime>
  </timeint>
  <capacity>2.0</capacity>
</objects.Task>
<objects.Task>
  <id>31</id>
  <Description>Task#31</Description>
  <type>T</type>
  <type__id>1</type__id>
  <priority>1</priority>
  <resId>0</resId>
  <serviceTime>42</serviceTime>
  <node>
    <id>31</id>
    <latitude>31.989742440295576</latitude>
    <longitude>13.340389073405069</longitude>
  </node>
  <region>1</region>
  <timeint>
    <startTime>641</startTime>
    <endTime>1120</endTime>
  </timeint>
  <capacity>0.0</capacity>
</objects.Task>
<objects.Task>
  <id>32</id>
  <Description>Task#32</Description>
  <type>T</type>
  <type__id>1</type__id>
  <priority>4</priority>
  <resId>0</resId>
  <serviceTime>40</serviceTime>
  <node>
    <id>32</id>
    <latitude>32.33367199305463</latitude>
    <longitude>13.990565851984131</longitude>
  </node>
  <region>1</region>
  <timeint>
    <startTime>658</startTime>
    <endTime>1228</endTime>
  </timeint>
  <capacity>6.0</capacity>
</objects.Task>
<objects.Task>
  <id>33</id>
  <Description>Task#33</Description>
  <type>T</type>
  <type__id>1</type__id>
  <priority>4</priority>
  <resId>0</resId>
  <serviceTime>63</serviceTime>
  <node>
    <id>33</id>
    <latitude>32.127797822329065</latitude>
    <longitude>13.20409369827503</longitude>
  </node>
  <region>1</region>
  <timeint>
    <startTime>638</startTime>
    <endTime>1154</endTime>
  </timeint>
  <capacity>8.0</capacity>
</objects.Task>
<objects.Task>
  <id>34</id>
  <Description>Task#34</Description>
  <type>T</type>
  <type__id>1</type__id>
  <priority>4</priority>
  <resId>0</resId>
  <serviceTime>49</serviceTime>
  <node>
    <id>34</id>
    <latitude>31.86250776329666</latitude>
    <longitude>13.278746321611948</longitude>
  </node>
  <region>1</region>
  <timeint>
    <startTime>664</startTime>
    <endTime>1095</endTime>
  </timeint>
  <capacity>1.0</capacity>
</objects.Task>
<objects.Task>
  <id>35</id>
  <Description>Task#35</Description>
  <type>T</type>
  <type__id>1</type__id>
  <priority>1</priority>
  <resId>0</resId>
  <serviceTime>57</serviceTime>
  <node>
    <id>35</id>
    <latitude>31.92706049463039</latitude>
    <longitude>13.229959696613324</longitude>
  </node>
  <region>1</region>
  <timeint>
    <startTime>682</startTime>
    <endTime>1151</endTime>
  </timeint>
  <capacity>4.0</capacity>
</objects.Task>
<objects.Task>
  <id>36</id>
  <Description>Task#36</Description>
  <type>T</type>
  <type__id>1</type__id>
  <priority>2</priority>
  <resId>0</resId>
  <serviceTime>37</serviceTime>
  <node>
    <id>36</id>
    <latitude>31.97361275561691</latitude>
    <longitude>12.878259553508947</longitude>
  </node>
  <region>1</region>
  <timeint>
    <startTime>554</startTime>
    <endTime>909</endTime>
  </timeint>
  <capacity>4.0</capacity>
</objects.Task>
<objects.Task>
  <id>37</id>
  <Description>Task#37</Description>
  <type>T</type>
  <type__id>1</type__id>
  <priority>2</priority>
  <resId>0</resId>
  <serviceTime>53</serviceTime>
  <node>
    <id>37</id>
    <latitude>31.950265139983856</latitude>
    <longitude>13.21085586619671</longitude>
  </node>
  <region>1</region>
  <timeint>
    <startTime>503</startTime>
    <endTime>822</endTime>
  </timeint>
  <capacity>5.0</capacity>
</objects.Task>
<objects.Task>
  <id>38</id>
  <Description>Task#38</Description>
  <type>T</type>
  <type__id>1</type__id>
  <priority>3</priority>
  <resId>0</resId>
  <serviceTime>82</serviceTime>
  <node>
    <id>38</id>
    <latitude>32.35365934792438</latitude>
    <longitude>12.932883351078095</longitude>
  </node>
  <region>1</region>
  <timeint>
    <startTime>481</startTime>
    <endTime>765</endTime>
  </timeint>
  <capacity>6.0</capacity>
</objects.Task>
<objects.Task>
  <id>39</id>
  <Description>Task#39</Description>
  <type>T</type>
  <type__id>1</type__id>
  <priority>2</priority>
  <resId>0</resId>
  <serviceTime>35</serviceTime>
  <node>
    <id>39</id>
    <latitude>31.184094342500483</latitude>
    <longitude>12.698317900420031</longitude>
  </node>
  <region>1</region>
  <timeint>
    <startTime>689</startTime>
    <endTime>1004</endTime>
  </timeint>
  <capacity>1.0</capacity>
</objects.Task>
<objects.Task>
  <id>40</id>
  <Description>Task#40</Description>
  <type>T</type>
  <type__id>1</type__id>
  <priority>3</priority>
  <resId>0</resId>
  <serviceTime>46</serviceTime>
  <node>
    <id>40</id>
    <latitude>32.07964840905056</latitude>
    <longitude>12.994552986799015</longitude>
  </node>
  <region>1</region>
  <timeint>
    <startTime>664</startTime>
    <endTime>990</endTime>
  </timeint>
  <capacity>3.0</capacity>
</objects.Task>
<objects.Task>
  <id>41</id>
  <Description>Task#41</Description>
  <type>T</type>
  <type__id>1</type__id>
  <priority>1</priority>
  <resId>0</resId>
  <serviceTime>63</serviceTime>
  <node>
    <id>41</id>
    <latitude>31.966389384665924</latitude>
    <longitude>13.18605384600618</longitude>
  </node>
  <region>1</region>
  <timeint>
    <startTime>566</startTime>
    <endTime>1158</endTime>
  </timeint>
  <capacity>8.0</capacity>
</objects.Task>
<objects.Task>
  <id>42</id>
  <Description>Task#42</Description>
  <type>T</type>
  <type__id>1</type__id>
  <priority>4</priority>
  <resId>0</resId>
  <serviceTime>72</serviceTime>
  <node>
    <id>42</id>
    <latitude>32.67909192795647</latitude>
    <longitude>14.073937153359942</longitude>
  </node>
  <region>1</region>
  <timeint>
    <startTime>569</startTime>
    <endTime>1081</endTime>
  </timeint>
  <capacity>2.0</capacity>
</objects.Task>
<objects.Task>
  <id>43</id>
  <Description>Task#43</Description>
  <type>T</type>
  <type__id>1</type__id>
  <priority>3</priority>
  <resId>0</resId>
  <serviceTime>34</serviceTime>
  <node>
    <id>43</id>
    <latitude>31.85566368858768</latitude>
    <longitude>12.975734345251439</longitude>
  </node>
  <region>1</region>
  <timeint>
    <startTime>690</startTime>
    <endTime>1203</endTime>
  </timeint>
  <capacity>4.0</capacity>
</objects.Task>
<objects.Task>
  <id>44</id>
  <Description>Task#44</Description>
  <type>T</type>
  <type__id>1</type__id>
  <priority>1</priority>
  <resId>0</resId>
  <serviceTime>62</serviceTime>
  <node>
    <id>44</id>
    <latitude>31.893772905671867</latitude>
    <longitude>13.245455251945451</longitude>
  </node>
  <region>1</region>
  <timeint>
    <startTime>489</startTime>
    <endTime>819</endTime>
  </timeint>
  <capacity>6.0</capacity>
</objects.Task>
<objects.Task>
  <id>45</id>
  <Description>Task#45</Description>
  <type>T</type>
  <type__id>1</type__id>
  <priority>1</priority>
  <resId>0</resId>
  <serviceTime>65</serviceTime>
  <node>
    <id>45</id>
    <latitude>31.973921087366012</latitude>
    <longitude>13.267445273894777</longitude>
  </node>
  <region>1</region>
  <timeint>
    <startTime>595</startTime>
    <endTime>849</endTime>
  </timeint>
  <capacity>9.0</capacity>
</objects.Task>
<objects.Task>
  <id>46</id>
  <Description>Task#46</Description>
  <type>T</type>
  <type__id>1</type__id>
  <priority>2</priority>
  <resId>0</resId>
  <serviceTime>89</serviceTime>
  <node>
    <id>46</id>
    <latitude>31.790759772682602</latitude>
    <longitude>14.089666531066024</longitude>
  </node>
  <region>1</region>
  <timeint>
    <startTime>691</startTime>
    <endTime>1118</endTime>
  </timeint>
  <capacity>3.0</capacity>
</objects.Task>
<objects.Task>
  <id>47</id>
  <Description>Task#47</Description>
  <type>T</type>
  <type__id>1</type__id>
  <priority>2</priority>
  <resId>0</resId>
  <serviceTime>51</serviceTime>
  <node>
    <id>47</id>
    <latitude>31.79394463541476</latitude>
    <longitude>12.831958165098397</longitude>
  </node>
  <region>1</region>
  <timeint>
    <startTime>577</startTime>
    <endTime>1128</endTime>
  </timeint>
  <capacity>3.0</capacity>
</objects.Task>
<objects.Task>
  <id>48</id>
  <Description>Task#48</Description>
  <type>T</type>
  <type__id>1</type__id>
  <priority>1</priority>
  <resId>0</resId>
  <serviceTime>46</serviceTime>
  <node>
    <id>48</id>
    <latitude>31.767268231483058</latitude>
    <longitude>13.37778627870018</longitude>
  </node>
  <region>1</region>
  <timeint>
    <startTime>525</startTime>
    <endTime>1088</endTime>
  </timeint>
  <capacity>6.0</capacity>
</objects.Task>
<objects.Task>
  <id>49</id>
  <Description>Task#49</Description>
  <type>T</type>
  <type__id>1</type__id>
  <priority>3</priority>
  <resId>0</resId>
  <serviceTime>61</serviceTime>
  <node>
    <id>49</id>
    <latitude>31.532622292581383</latitude>
    <longitude>13.304725246990762</longitude>
  </node>
  <region>1</region>
  <timeint>
    <startTime>712</startTime>
    <endTime>1172</endTime>
  </timeint>
  <capacity>5.0</capacity>
</objects.Task>
<objects.Task>
  <id>50</id>
  <Description>Task#50</Description>
  <type>T</type>
  <type__id>1</type__id>
  <priority>4</priority>
  <resId>0</resId>
  <serviceTime>70</serviceTime>
  <node>
    <id>50</id>
    <latitude>36.4358736179582</latitude>
    <longitude>31.33897125569877</longitude>
  </node>
  <region>1</region>
  <timeint>
    <startTime>584</startTime>
    <endTime>827</endTime>
  </timeint>
  <capacity>0.0</capacity>
</objects.Task>
<objects.Task>
  <id>51</id>
  <Description>Task#51</Description>
  <type>T</type>
  <type__id>1</type__id>
  <priority>1</priority>
  <resId>0</resId>
  <serviceTime>44</serviceTime>
  <node>
    <id>51</id>
    <latitude>33.451893150421185</latitude>
    <longitude>31.60619206898278</longitude>
  </node>
  <region>1</region>
  <timeint>
    <startTime>712</startTime>
    <endTime>1125</endTime>
  </timeint>
  <capacity>8.0</capacity>
</objects.Task>
<objects.Task>
  <id>52</id>
  <Description>Task#52</Description>
  <type>T</type>
  <type__id>1</type__id>
  <priority>3</priority>
  <resId>0</resId>
  <serviceTime>33</serviceTime>
  <node>
    <id>52</id>
    <latitude>36.504148150231224</latitude>
    <longitude>31.304616062560207</longitude>
  </node>
  <region>1</region>
  <timeint>
    <startTime>490</startTime>
    <endTime>982</endTime>
  </timeint>
  <capacity>6.0</capacity>
</objects.Task>
<objects.Task>
  <id>53</id>
  <Description>Task#53</Description>
  <type>T</type>
  <type__id>1</type__id>
  <priority>3</priority>
  <resId>0</resId>
  <serviceTime>61</serviceTime>
  <node>
    <id>53</id>
    <latitude>34.59063693421407</latitude>
    <longitude>31.675201468313535</longitude>
  </node>
  <region>1</region>
  <timeint>
    <startTime>508</startTime>
    <endTime>1088</endTime>
  </timeint>
  <capacity>2.0</capacity>
</objects.Task>
<objects.Task>
  <id>54</id>
  <Description>Task#54</Description>
  <type>T</type>
  <type__id>1</type__id>
  <priority>2</priority>
  <resId>0</resId>
  <serviceTime>45</serviceTime>
  <node>
    <id>54</id>
    <latitude>36.069186435677004</latitude>
    <longitude>31.385572468948954</longitude>
  </node>
  <region>1</region>
  <timeint>
    <startTime>626</startTime>
    <endTime>878</endTime>
  </timeint>
  <capacity>3.0</capacity>
</objects.Task>
<objects.Task>
  <id>55</id>
  <Description>Task#55</Description>
  <type>T</type>
  <type__id>1</type__id>
  <priority>1</priority>
  <resId>0</resId>
  <serviceTime>39</serviceTime>
  <node>
    <id>55</id>
    <latitude>36.49981000534545</latitude>
    <longitude>31.340074827674496</longitude>
  </node>
  <region>1</region>
  <timeint>
    <startTime>539</startTime>
    <endTime>1018</endTime>
  </timeint>
  <capacity>3.0</capacity>
</objects.Task>
<objects.Task>
  <id>56</id>
  <Description>Task#56</Description>
  <type>T</type>
  <type__id>1</type__id>
  <priority>1</priority>
  <resId>0</resId>
  <serviceTime>81</serviceTime>
  <node>
    <id>56</id>
    <latitude>36.529425846942374</latitude>
    <longitude>31.23773794159257</longitude>
  </node>
  <region>1</region>
  <timeint>
    <startTime>608</startTime>
    <endTime>912</endTime>
  </timeint>
  <capacity>9.0</capacity>
</objects.Task>
<objects.Task>
  <id>57</id>
  <Description>Task#57</Description>
  <type>T</type>
  <type__id>1</type__id>
  <priority>4</priority>
  <resId>0</resId>
  <serviceTime>67</serviceTime>
  <node>
    <id>57</id>
    <latitude>36.49048574362396</latitude>
    <longitude>31.506903652299727</longitude>
  </node>
  <region>1</region>
  <timeint>
    <startTime>557</startTime>
    <endTime>919</endTime>
  </timeint>
  <capacity>8.0</capacity>
</objects.Task>
<objects.Task>
  <id>58</id>
  <Description>Task#58</Description>
  <type>T</type>
  <type__id>1</type__id>
  <priority>1</priority>
  <resId>0</resId>
  <serviceTime>67</serviceTime>
  <node>
    <id>58</id>
    <latitude>36.804458132783246</latitude>
    <longitude>30.67943528844484</longitude>
  </node>
  <region>1</region>
  <timeint>
    <startTime>525</startTime>
    <endTime>829</endTime>
  </timeint>
  <capacity>7.0</capacity>
</objects.Task>
<objects.Task>
  <id>59</id>
  <Description>Task#59</Description>
  <type>T</type>
  <type__id>1</type__id>
  <priority>1</priority>
  <resId>0</resId>
  <serviceTime>76</serviceTime>
  <node>
    <id>59</id>
    <latitude>35.64057051263383</latitude>
    <longitude>31.103556804288413</longitude>
  </node>
  <region>1</region>
  <timeint>
    <startTime>615</startTime>
    <endTime>965</endTime>
  </timeint>
  <capacity>0.0</capacity>
</objects.Task>
<objects.Task>
  <id>60</id>
  <Description>Task#60</Description>
  <type>T</type>
  <type__id>1</type__id>
  <priority>1</priority>
  <resId>0</resId>
  <serviceTime>68</serviceTime>
  <node>
    <id>60</id>
    <latitude>35.98226984422545</latitude>
    <longitude>30.983861247587157</longitude>
  </node>
  <region>1</region>
  <timeint>
    <startTime>573</startTime>
    <endTime>909</endTime>
  </timeint>
  <capacity>8.0</capacity>
</objects.Task>
<objects.Task>
  <id>61</id>
  <Description>Task#61</Description>
  <type>T</type>
  <type__id>1</type__id>
  <priority>2</priority>
  <resId>0</resId>
  <serviceTime>63</serviceTime>
  <node>
    <id>61</id>
    <latitude>36.444391203802915</latitude>
    <longitude>31.351672719955808</longitude>
  </node>
  <region>1</region>
  <timeint>
    <startTime>527</startTime>
    <endTime>963</endTime>
  </timeint>
  <capacity>7.0</capacity>
</objects.Task>
<objects.Task>
  <id>62</id>
  <Description>Task#62</Description>
  <type>T</type>
  <type__id>1</type__id>
  <priority>1</priority>
  <resId>0</resId>
  <serviceTime>60</serviceTime>
  <node>
    <id>62</id>
    <latitude>37.329275093184435</latitude>
    <longitude>31.41704900916815</longitude>
  </node>
  <region>1</region>
  <timeint>
    <startTime>624</startTime>
    <endTime>1029</endTime>
  </timeint>
  <capacity>7.0</capacity>
</objects.Task>
<objects.Task>
  <id>63</id>
  <Description>Task#63</Description>
  <type>T</type>
  <type__id>1</type__id>
  <priority>3</priority>
  <resId>0</resId>
  <serviceTime>85</serviceTime>
  <node>
    <id>63</id>
    <latitude>35.96840758073653</latitude>
    <longitude>31.29337921577549</longitude>
  </node>
  <region>1</region>
  <timeint>
    <startTime>490</startTime>
    <endTime>1038</endTime>
  </timeint>
  <capacity>3.0</capacity>
</objects.Task>
<objects.Task>
  <id>64</id>
  <Description>Task#64</Description>
  <type>T</type>
  <type__id>1</type__id>
  <priority>1</priority>
  <resId>0</resId>
  <serviceTime>58</serviceTime>
  <node>
    <id>64</id>
    <latitude>36.89938555337108</latitude>
    <longitude>32.03883964932723</longitude>
  </node>
  <region>1</region>
  <timeint>
    <startTime>511</startTime>
    <endTime>1019</endTime>
  </timeint>
  <capacity>0.0</capacity>
</objects.Task>
<objects.Task>
  <id>65</id>
  <Description>Task#65</Description>
  <type>T</type>
  <type__id>1</type__id>
  <priority>3</priority>
  <resId>0</resId>
  <serviceTime>62</serviceTime>
  <node>
    <id>65</id>
    <latitude>35.91247701990892</latitude>
    <longitude>31.18765260603285</longitude>
  </node>
  <region>1</region>
  <timeint>
    <startTime>570</startTime>
    <endTime>878</endTime>
  </timeint>
  <capacity>9.0</capacity>
</objects.Task>
<objects.Task>
  <id>66</id>
  <Description>Task#66</Description>
  <type>T</type>
  <type__id>1</type__id>
  <priority>3</priority>
  <resId>0</resId>
  <serviceTime>81</serviceTime>
  <node>
    <id>66</id>
    <latitude>36.3964372534645</latitude>
    <longitude>31.358755558396854</longitude>
  </node>
  <region>1</region>
  <timeint>
    <startTime>701</startTime>
    <endTime>1197</endTime>
  </timeint>
  <capacity>1.0</capacity>
</objects.Task>
<objects.Task>
  <id>67</id>
  <Description>Task#67</Description>
  <type>T</type>
  <type__id>1</type__id>
  <priority>2</priority>
  <resId>0</resId>
  <serviceTime>43</serviceTime>
  <node>
    <id>67</id>
    <latitude>36.1451842005817</latitude>
    <longitude>31.423181122440333</longitude>
  </node>
  <region>1</region>
  <timeint>
    <startTime>590</startTime>
    <endTime>1147</endTime>
  </timeint>
  <capacity>1.0</capacity>
</objects.Task>
<objects.Task>
  <id>68</id>
  <Description>Task#68</Description>
  <type>T</type>
  <type__id>1</type__id>
  <priority>3</priority>
  <resId>0</resId>
  <serviceTime>63</serviceTime>
  <node>
    <id>68</id>
    <latitude>36.613530158738236</latitude>
    <longitude>32.1958517522276</longitude>
  </node>
  <region>1</region>
  <timeint>
    <startTime>547</startTime>
    <endTime>1069</endTime>
  </timeint>
  <capacity>2.0</capacity>
</objects.Task>
<objects.Task>
  <id>69</id>
  <Description>Task#69</Description>
  <type>T</type>
  <type__id>1</type__id>
  <priority>2</priority>
  <resId>0</resId>
  <serviceTime>31</serviceTime>
  <node>
    <id>69</id>
    <latitude>36.46024443992182</latitude>
    <longitude>31.050285909149977</longitude>
  </node>
  <region>1</region>
  <timeint>
    <startTime>670</startTime>
    <endTime>1094</endTime>
  </timeint>
  <capacity>0.0</capacity>
</objects.Task>
<objects.Task>
  <id>70</id>
  <Description>Task#70</Description>
  <type>T</type>
  <type__id>1</type__id>
  <priority>4</priority>
  <resId>0</resId>
  <serviceTime>44</serviceTime>
  <node>
    <id>70</id>
    <latitude>36.2342155608565</latitude>
    <longitude>30.050974008676516</longitude>
  </node>
  <region>1</region>
  <timeint>
    <startTime>492</startTime>
    <endTime>908</endTime>
  </timeint>
  <capacity>3.0</capacity>
</objects.Task>
<objects.Task>
  <id>71</id>
  <Description>Task#71</Description>
  <type>T</type>
  <type__id>1</type__id>
  <priority>3</priority>
  <resId>0</resId>
  <serviceTime>47</serviceTime>
  <node>
    <id>71</id>
    <latitude>36.4593645488016</latitude>
    <longitude>31.320201590761457</longitude>
  </node>
  <region>1</region>
  <timeint>
    <startTime>624</startTime>
    <endTime>1075</endTime>
  </timeint>
  <capacity>2.0</capacity>
</objects.Task>
<objects.Task>
  <id>72</id>
  <Description>Task#72</Description>
  <type>T</type>
  <type__id>1</type__id>
  <priority>1</priority>
  <resId>0</resId>
  <serviceTime>53</serviceTime>
  <node>
    <id>72</id>
    <latitude>36.61681166180303</latitude>
    <longitude>31.446381421803384</longitude>
  </node>
  <region>1</region>
  <timeint>
    <startTime>593</startTime>
    <endTime>1021</endTime>
  </timeint>
  <capacity>2.0</capacity>
</objects.Task>
<objects.Task>
  <id>73</id>
  <Description>Task#73</Description>
  <type>T</type>
  <type__id>1</type__id>
  <priority>4</priority>
  <resId>0</resId>
  <serviceTime>68</serviceTime>
  <node>
    <id>73</id>
    <latitude>36.48782284980453</latitude>
    <longitude>31.41530183656798</longitude>
  </node>
  <region>1</region>
  <timeint>
    <startTime>701</startTime>
    <endTime>1036</endTime>
  </timeint>
  <capacity>3.0</capacity>
</objects.Task>
<objects.Task>
  <id>74</id>
  <Description>Task#74</Description>
  <type>T</type>
  <type__id>1</type__id>
  <priority>4</priority>
  <resId>0</resId>
  <serviceTime>84</serviceTime>
  <node>
    <id>74</id>
    <latitude>37.02913278867736</latitude>
    <longitude>32.19287224800766</longitude>
  </node>
  <region>1</region>
  <timeint>
    <startTime>609</startTime>
    <endTime>1040</endTime>
  </timeint>
  <capacity>8.0</capacity>
</objects.Task>
<objects.Task>
  <id>75</id>
  <Description>Task#75</Description>
  <type>T</type>
  <type__id>1</type__id>
  <priority>4</priority>
  <resId>0</resId>
  <serviceTime>37</serviceTime>
  <node>
    <id>75</id>
    <latitude>16.623507266393165</latitude>
    <longitude>31.282734933718295</longitude>
  </node>
  <region>1</region>
  <timeint>
    <startTime>487</startTime>
    <endTime>855</endTime>
  </timeint>
  <capacity>2.0</capacity>
</objects.Task>
<objects.Task>
  <id>76</id>
  <Description>Task#76</Description>
  <type>T</type>
  <type__id>1</type__id>
  <priority>4</priority>
  <resId>0</resId>
  <serviceTime>75</serviceTime>
  <node>
    <id>76</id>
    <latitude>16.751890554634457</latitude>
    <longitude>32.64759057216263</longitude>
  </node>
  <region>1</region>
  <timeint>
    <startTime>593</startTime>
    <endTime>845</endTime>
  </timeint>
  <capacity>5.0</capacity>
</objects.Task>
<objects.Task>
  <id>77</id>
  <Description>Task#77</Description>
  <type>T</type>
  <type__id>1</type__id>
  <priority>4</priority>
  <resId>0</resId>
  <serviceTime>77</serviceTime>
  <node>
    <id>77</id>
    <latitude>17.163276637523005</latitude>
    <longitude>30.907903190084465</longitude>
  </node>
  <region>1</region>
  <timeint>
    <startTime>712</startTime>
    <endTime>1219</endTime>
  </timeint>
  <capacity>4.0</capacity>
</objects.Task>
<objects.Task>
  <id>78</id>
  <Description>Task#78</Description>
  <type>T</type>
  <type__id>1</type__id>
  <priority>1</priority>
  <resId>0</resId>
  <serviceTime>38</serviceTime>
  <node>
    <id>78</id>
    <latitude>17.406894242090615</latitude>
    <longitude>30.91315268578162</longitude>
  </node>
  <region>1</region>
  <timeint>
    <startTime>614</startTime>
    <endTime>1043</endTime>
  </timeint>
  <capacity>4.0</capacity>
</objects.Task>
<objects.Task>
  <id>79</id>
  <Description>Task#79</Description>
  <type>T</type>
  <type__id>1</type__id>
  <priority>3</priority>
  <resId>0</resId>
  <serviceTime>73</serviceTime>
  <node>
    <id>79</id>
    <latitude>17.331843790451472</latitude>
    <longitude>30.549843578503925</longitude>
  </node>
  <region>1</region>
  <timeint>
    <startTime>648</startTime>
    <endTime>1223</endTime>
  </timeint>
  <capacity>0.0</capacity>
</objects.Task>
<objects.Task>
  <id>80</id>
  <Description>Task#80</Description>
  <type>T</type>
  <type__id>1</type__id>
  <priority>3</priority>
  <resId>0</resId>
  <serviceTime>49</serviceTime>
  <node>
    <id>80</id>
    <latitude>17.738505162715672</latitude>
    <longitude>31.156947231054975</longitude>
  </node>
  <region>1</region>
  <timeint>
    <startTime>570</startTime>
    <endTime>979</endTime>
  </timeint>
  <capacity>5.0</capacity>
</objects.Task>
<objects.Task>
  <id>81</id>
  <Description>Task#81</Description>
  <type>T</type>
  <type__id>1</type__id>
  <priority>3</priority>
  <resId>0</resId>
  <serviceTime>66</serviceTime>
  <node>
    <id>81</id>
    <latitude>17.203155004721165</latitude>
    <longitude>31.16247354287397</longitude>
  </node>
  <region>1</region>
  <timeint>
    <startTime>507</startTime>
    <endTime>934</endTime>
  </timeint>
  <capacity>7.0</capacity>
</objects.Task>
<objects.Task>
  <id>82</id>
  <Description>Task#82</Description>
  <type>T</type>
  <type__id>1</type__id>
  <priority>1</priority>
  <resId>0</resId>
  <serviceTime>85</serviceTime>
  <node>
    <id>82</id>
    <latitude>17.245726038422426</latitude>
    <longitude>30.777641794842243</longitude>
  </node>
  <region>1</region>
  <timeint>
    <startTime>558</startTime>
    <endTime>1113</endTime>
  </timeint>
  <capacity>7.0</capacity>
</objects.Task>
<objects.Task>
  <id>83</id>
  <Description>Task#83</Description>
  <type>T</type>
  <type__id>1</type__id>
  <priority>3</priority>
  <resId>0</resId>
  <serviceTime>76</serviceTime>
  <node>
    <id>83</id>
    <latitude>17.37290696197045</latitude>
    <longitude>30.892597784494566</longitude>
  </node>
  <region>1</region>
  <timeint>
    <startTime>538</startTime>
    <endTime>962</endTime>
  </timeint>
  <capacity>7.0</capacity>
</objects.Task>
<objects.Task>
  <id>84</id>
  <Description>Task#84</Description>
  <type>T</type>
  <type__id>1</type__id>
  <priority>3</priority>
  <resId>0</resId>
  <serviceTime>36</serviceTime>
  <node>
    <id>84</id>
    <latitude>17.654978936170686</latitude>
    <longitude>30.728510422507597</longitude>
  </node>
  <region>1</region>
  <timeint>
    <startTime>710</startTime>
    <endTime>991</endTime>
  </timeint>
  <capacity>8.0</capacity>
</objects.Task>
<objects.Task>
  <id>85</id>
  <Description>Task#85</Description>
  <type>T</type>
  <type__id>1</type__id>
  <priority>1</priority>
  <resId>0</resId>
  <serviceTime>41</serviceTime>
  <node>
    <id>85</id>
    <latitude>17.04090796107154</latitude>
    <longitude>30.934847721973245</longitude>
  </node>
  <region>1</region>
  <timeint>
    <startTime>646</startTime>
    <endTime>958</endTime>
  </timeint>
  <capacity>6.0</capacity>
</objects.Task>
<objects.Task>
  <id>86</id>
  <Description>Task#86</Description>
  <type>T</type>
  <type__id>1</type__id>
  <priority>2</priority>
  <resId>0</resId>
  <serviceTime>86</serviceTime>
  <node>
    <id>86</id>
    <latitude>17.529084024933116</latitude>
    <longitude>30.810999138703288</longitude>
  </node>
  <region>1</region>
  <timeint>
    <startTime>538</startTime>
    <endTime>1104</endTime>
  </timeint>
  <capacity>1.0</capacity>
</objects.Task>
<objects.Task>
  <id>87</id>
  <Description>Task#87</Description>
  <type>T</type>
  <type__id>1</type__id>
  <priority>3</priority>
  <resId>0</resId>
  <serviceTime>76</serviceTime>
  <node>
    <id>87</id>
    <latitude>17.299510514669024</latitude>
    <longitude>30.938465015490078</longitude>
  </node>
  <region>1</region>
  <timeint>
    <startTime>517</startTime>
    <endTime>1079</endTime>
  </timeint>
  <capacity>3.0</capacity>
</objects.Task>
<objects.Task>
  <id>88</id>
  <Description>Task#88</Description>
  <type>T</type>
  <type__id>1</type__id>
  <priority>1</priority>
  <resId>0</resId>
  <serviceTime>77</serviceTime>
  <node>
    <id>88</id>
    <latitude>17.321791396869198</latitude>
    <longitude>30.833917539013513</longitude>
  </node>
  <region>1</region>
  <timeint>
    <startTime>711</startTime>
    <endTime>1265</endTime>
  </timeint>
  <capacity>4.0</capacity>
</objects.Task>
<objects.Task>
  <id>89</id>
  <Description>Task#89</Description>
  <type>T</type>
  <type__id>1</type__id>
  <priority>4</priority>
  <resId>0</resId>
  <serviceTime>32</serviceTime>
  <node>
    <id>89</id>
    <latitude>17.350355906306824</latitude>
    <longitude>31.058814861430122</longitude>
  </node>
  <region>1</region>
  <timeint>
    <startTime>549</startTime>
    <endTime>942</endTime>
  </timeint>
  <capacity>8.0</capacity>
</objects.Task>
<objects.Task>
  <id>90</id>
  <Description>Task#90</Description>
  <type>T</type>
  <type__id>1</type__id>
  <priority>1</priority>
  <resId>0</resId>
  <serviceTime>47</serviceTime>
  <node>
    <id>90</id>
    <latitude>16.966415464144777</latitude>
    <longitude>31.3855751287742</longitude>
  </node>
  <region>1</region>
  <timeint>
    <startTime>690</startTime>
    <endTime>1053</endTime>
  </timeint>
  <capacity>1.0</capacity>
</objects.Task>
<objects.Task>
  <id>91</id>
  <Description>Task#91</Description>
  <type>T</type>
  <type__id>1</type__id>
  <priority>4</priority>
  <resId>0</resId>
  <serviceTime>81</serviceTime>
  <node>
    <id>91</id>
    <latitude>16.580032081968174</latitude>
    <longitude>30.881787261987405</longitude>
  </node>
  <region>1</region>
  <timeint>
    <startTime>603</startTime>
    <endTime>1135</endTime>
  </timeint>
  <capacity>8.0</capacity>
</objects.Task>
<objects.Task>
  <id>92</id>
  <Description>Task#92</Description>
  <type>T</type>
  <type__id>1</type__id>
  <priority>1</priority>
  <resId>0</resId>
  <serviceTime>63</serviceTime>
  <node>
    <id>92</id>
    <latitude>17.324631163230492</latitude>
    <longitude>30.95326704322807</longitude>
  </node>
  <region>1</region>
  <timeint>
    <startTime>580</startTime>
    <endTime>1094</endTime>
  </timeint>
  <capacity>0.0</capacity>
</objects.Task>
<objects.Task>
  <id>93</id>
  <Description>Task#93</Description>
  <type>T</type>
  <type__id>1</type__id>
  <priority>1</priority>
  <resId>0</resId>
  <serviceTime>40</serviceTime>
  <node>
    <id>93</id>
    <latitude>17.18602486593388</latitude>
    <longitude>31.27459851750877</longitude>
  </node>
  <region>1</region>
  <timeint>
    <startTime>530</startTime>
    <endTime>859</endTime>
  </timeint>
  <capacity>9.0</capacity>
</objects.Task>
<objects.Task>
  <id>94</id>
  <Description>Task#94</Description>
  <type>T</type>
  <type__id>1</type__id>
  <priority>2</priority>
  <resId>0</resId>
  <serviceTime>73</serviceTime>
  <node>
    <id>94</id>
    <latitude>17.216425858724044</latitude>
    <longitude>30.867914790159833</longitude>
  </node>
  <region>1</region>
  <timeint>
    <startTime>511</startTime>
    <endTime>808</endTime>
  </timeint>
  <capacity>1.0</capacity>
</objects.Task>
<objects.Task>
  <id>95</id>
  <Description>Task#95</Description>
  <type>T</type>
  <type__id>1</type__id>
  <priority>2</priority>
  <resId>0</resId>
  <serviceTime>42</serviceTime>
  <node>
    <id>95</id>
    <latitude>16.53319949721894</latitude>
    <longitude>30.49705272742986</longitude>
  </node>
  <region>1</region>
  <timeint>
    <startTime>642</startTime>
    <endTime>959</endTime>
  </timeint>
  <capacity>9.0</capacity>
</objects.Task>
<objects.Task>
  <id>96</id>
  <Description>Task#96</Description>
  <type>T</type>
  <type__id>1</type__id>
  <priority>1</priority>
  <resId>0</resId>
  <serviceTime>61</serviceTime>
  <node>
    <id>96</id>
    <latitude>17.37297901284985</latitude>
    <longitude>31.13136558493995</longitude>
  </node>
  <region>1</region>
  <timeint>
    <startTime>659</startTime>
    <endTime>987</endTime>
  </timeint>
  <capacity>3.0</capacity>
</objects.Task>
<objects.Task>
  <id>97</id>
  <Description>Task#97</Description>
  <type>T</type>
  <type__id>1</type__id>
  <priority>2</priority>
  <resId>0</resId>
  <serviceTime>39</serviceTime>
  <node>
    <id>97</id>
    <latitude>17.280161287871458</latitude>
    <longitude>30.992051152179894</longitude>
  </node>
  <region>1</region>
  <timeint>
    <startTime>585</startTime>
    <endTime>940</endTime>
  </timeint>
  <capacity>4.0</capacity>
</objects.Task>
<objects.Task>
  <id>98</id>
  <Description>Task#98</Description>
  <type>T</type>
  <type__id>1</type__id>
  <priority>1</priority>
  <resId>0</resId>
  <serviceTime>39</serviceTime>
  <node>
    <id>98</id>
    <latitude>17.52187159539097</latitude>
    <longitude>30.957627080079952</longitude>
  </node>
  <region>1</region>
  <timeint>
    <startTime>680</startTime>
    <endTime>930</endTime>
  </timeint>
  <capacity>5.0</capacity>
</objects.Task>
<objects.Task>
  <id>99</id>
  <Description>Task#99</Description>
  <type>T</type>
  <type__id>1</type__id>
  <priority>2</priority>
  <resId>0</resId>
  <serviceTime>62</serviceTime>
  <node>
    <id>99</id>
    <latitude>17.321622032741974</latitude>
    <longitude>30.973700794440607</longitude>
  </node>
  <region>1</region>
  <timeint>
    <startTime>647</startTime>
    <endTime>1231</endTime>
  </timeint>
  <capacity>9.0</capacity>
</objects.Task>
<objects.Resource>
  <id>1</id>
  <description>Technician1</description>
  <region>1</region>
  <availability>
    <startTime>636</startTime>
    <endTime>1229</endTime>
  </availability>
  <breakTime>
    <startTime>1017</startTime>
    <endTime>1107</endTime>
  </breakTime>
  <origin>
    <id>101</id>
    <latitude>23.47456254924821</latitude>
    <longitude>23.28087374662424</longitude>
  </origin>
  <destination>
    <id>101</id>
    <latitude>23.47456254924821</latitude>
    <longitude>23.28087374662424</longitude>
  </destination>
  <capacity>0.0</capacity>
  <skill>8</skill>
</objects.Resource>
<objects.Resource>
  <id>2</id>
  <description>Technician2</description>
  <region>1</region>
  <availability>
    <startTime>499</startTime>
    <endTime>1070</endTime>
  </availability>
  <breakTime>
    <startTime>865</startTime>
    <endTime>1144</endTime>
  </breakTime>
  <origin>
    <id>103</id>
    <latitude>24.593467429863846</latitude>
    <longitude>26.034096153935174</longitude>
  </origin>
  <destination>
    <id>103</id>
    <latitude>24.593467429863846</latitude>
    <longitude>26.034096153935174</longitude>
  </destination>
  <capacity>0.0</capacity>
  <skill>4</skill>
</objects.Resource>
<objects.Resource>
  <id>3</id>
  <description>Technician3</description>
  <region>1</region>
  <availability>
    <startTime>608</startTime>
    <endTime>1205</endTime>
  </availability>
  <breakTime>
    <startTime>1077</startTime>
    <endTime>1561</endTime>
  </breakTime>
  <origin>
    <id>105</id>
    <latitude>26.07152522581176</latitude>
    <longitude>26.290633757457023</longitude>
  </origin>
  <destination>
    <id>105</id>
    <latitude>26.07152522581176</latitude>
    <longitude>26.290633757457023</longitude>
  </destination>
  <capacity>0.0</capacity>
  <skill>7</skill>
</objects.Resource>
<objects.Resource>
  <id>4</id>
  <description>Technician4</description>
  <region>1</region>
  <availability>
    <startTime>480</startTime>
    <endTime>1014</endTime>
  </availability>
  <breakTime>
    <startTime>828</startTime>
    <endTime>1346</endTime>
  </breakTime>
  <origin>
    <id>107</id>
    <latitude>23.639671425327432</latitude>
    <longitude>23.95960744924093</longitude>
  </origin>
  <destination>
    <id>107</id>
    <latitude>23.639671425327432</latitude>
    <longitude>23.95960744924093</longitude>
  </destination>
  <capacity>0.0</capacity>
  <skill>1</skill>
</objects.Resource>
<objects.Resource>
  <id>5</id>
  <description>Technician5</description>
  <region>1</region>
  <availability>
    <startTime>614</startTime>
    <endTime>1146</endTime>
  </availability>
  <breakTime>
    <startTime>969</startTime>
    <endTime>1087</endTime>
  </breakTime>
  <origin>
    <id>109</id>
    <latitude>25.58541468470357</latitude>
    <longitude>23.61966155199832</longitude>
  </origin>
  <destination>
    <id>109</id>
    <latitude>25.58541468470357</latitude>
    <longitude>23.61966155199832</longitude>
  </destination>
  <capacity>0.0</capacity>
  <skill>9</skill>
</objects.Resource>
<objects.Resource>
  <id>6</id>
  <description>Technician6</description>
  <region>1</region>
  <availability>
    <startTime>606</startTime>
    <endTime>1172</endTime>
  </availability>
  <breakTime>
    <startTime>1079</startTime>
    <endTime>1292</endTime>
  </breakTime>
  <origin>
    <id>111</id>
    <latitude>24.421337451745103</latitude>
    <longitude>26.6274089972222</longitude>
  </origin>
  <destination>
    <id>111</id>
    <latitude>24.421337451745103</latitude>
    <longitude>26.6274089972222</longitude>
  </destination>
  <capacity>0.0</capacity>
  <skill>5</skill>
</objects.Resource>
<objects.Resource>
  <id>7</id>
  <description>Technician7</description>
  <region>1</region>
  <availability>
    <startTime>687</startTime>
    <endTime>1272</endTime>
  </availability>
  <breakTime>
    <startTime>1120</startTime>
    <endTime>1417</endTime>
  </breakTime>
  <origin>
    <id>113</id>
    <latitude>23.133228009067615</latitude>
    <longitude>24.81916133215965</longitude>
  </origin>
  <destination>
    <id>113</id>
    <latitude>23.133228009067615</latitude>
    <longitude>24.81916133215965</longitude>
  </destination>
  <capacity>0.0</capacity>
  <skill>4</skill>
</objects.Resource>
<objects.Resource>
  <id>8</id>
  <description>Technician8</description>
  <region>1</region>
  <availability>
    <startTime>500</startTime>
    <endTime>1095</endTime>
  </availability>
  <breakTime>
    <startTime>922</startTime>
    <endTime>1163</endTime>
  </breakTime>
  <origin>
    <id>115</id>
    <latitude>25.4074842458409</latitude>
    <longitude>23.846765194348773</longitude>
  </origin>
  <destination>
    <id>115</id>
    <latitude>25.4074842458409</latitude>
    <longitude>23.846765194348773</longitude>
  </destination>
  <capacity>0.0</capacity>
  <skill>8</skill>
</objects.Resource>
<objects.Resource>
  <id>9</id>
  <description>Technician9</description>
  <region>1</region>
  <availability>
    <startTime>504</startTime>
    <endTime>1081</endTime>
  </availability>
  <breakTime>
    <startTime>930</startTime>
    <endTime>1386</endTime>
  </breakTime>
  <origin>
    <id>117</id>
    <latitude>24.628496638883952</latitude>
    <longitude>23.383268895041585</longitude>
  </origin>
  <destination>
    <id>117</id>
    <latitude>24.628496638883952</latitude>
    <longitude>23.383268895041585</longitude>
  </destination>
  <capacity>0.0</capacity>
  <skill>3</skill>
</objects.Resource>
<objects.Resource>
  <id>10</id>
  <description>Technician10</description>
  <region>1</region>
  <availability>
    <startTime>712</startTime>
    <endTime>1210</endTime>
  </availability>
  <breakTime>
    <startTime>1007</startTime>
    <endTime>1489</endTime>
  </breakTime>
  <origin>
    <id>119</id>
    <latitude>24.846584787583005</latitude>
    <longitude>23.72791836553007</longitude>
  </origin>
  <destination>
    <id>119</id>
    <latitude>24.846584787583005</latitude>
    <longitude>23.72791836553007</longitude>
  </destination>
  <capacity>0.0</capacity>
  <skill>2</skill>
</objects.Resource>
