<objects.Task>
  <id>0</id>
  <Description>Task#0</Description>
  <type>T</type>
  <type__id>1</type__id>
  <priority>1</priority>
  <resId>0</resId>
  <serviceTime>31</serviceTime>
  <node>
    <id>0</id>
    <latitude>7.3862586088540185</latitude>
    <longitude>38.992233603638915</longitude>
  </node>
  <region>1</region>
  <timeint>
    <startTime>606</startTime>
    <endTime>1065</endTime>
  </timeint>
  <capacity>1.0</capacity>
</objects.Task>
<objects.Task>
  <id>1</id>
  <Description>Task#1</Description>
  <type>T</type>
  <type__id>1</type__id>
  <priority>1</priority>
  <resId>0</resId>
  <serviceTime>33</serviceTime>
  <node>
    <id>1</id>
    <latitude>7.0045972246577355</latitude>
    <longitude>38.73955306903291</longitude>
  </node>
  <region>1</region>
  <timeint>
    <startTime>639</startTime>
    <endTime>1172</endTime>
  </timeint>
  <capacity>9.0</capacity>
</objects.Task>
<objects.Task>
  <id>2</id>
  <Description>Task#2</Description>
  <type>T</type>
  <type__id>1</type__id>
  <priority>1</priority>
  <resId>0</resId>
  <serviceTime>67</serviceTime>
  <node>
    <id>2</id>
    <latitude>6.9807443400208715</latitude>
    <longitude>39.46047805703425</longitude>
  </node>
  <region>1</region>
  <timeint>
    <startTime>684</startTime>
    <endTime>934</endTime>
  </timeint>
  <capacity>9.0</capacity>
</objects.Task>
<objects.Task>
  <id>3</id>
  <Description>Task#3</Description>
  <type>T</type>
  <type__id>1</type__id>
  <priority>1</priority>
  <resId>0</resId>
  <serviceTime>40</serviceTime>
  <node>
    <id>3</id>
    <latitude>6.912059579154599</latitude>
    <longitude>38.73939855821022</longitude>
  </node>
  <region>1</region>
  <timeint>
    <startTime>487</startTime>
    <endTime>1080</endTime>
  </timeint>
  <capacity>7.0</capacity>
</objects.Task>
<objects.Task>
  <id>4</id>
  <Description>Task#4</Description>
  <type>T</type>
  <type__id>1</type__id>
  <priority>3</priority>
  <resId>0</resId>
  <serviceTime>51</serviceTime>
  <node>
    <id>4</id>
    <latitude>6.303695231611492</latitude>
    <longitude>38.274825906013504</longitude>
  </node>
  <region>1</region>
  <timeint>
    <startTime>560</startTime>
    <endTime>1003</endTime>
  </timeint>
  <capacity>0.0</capacity>
</objects.Task>
<objects.Task>
  <id>5</id>
  <Description>Task#5</Description>
  <type>T</type>
  <type__id>1</type__id>
  <priority>4</priority>
  <resId>0</resId>
  <serviceTime>39</serviceTime>
  <node>
    <id>5</id>
    <latitude>7.258040597505424</latitude>
    <longitude>37.73315078594401</longitude>
  </node>
  <region>1</region>
  <timeint>
    <startTime>689</startTime>
    <endTime>989</endTime>
  </timeint>
  <capacity>8.0</capacity>
</objects.Task>
<objects.Task>
  <id>6</id>
  <Description>Task#6</Description>
  <type>T</type>
  <type__id>1</type__id>
  <priority>3</priority>
  <resId>0</resId>
  <serviceTime>47</serviceTime>
  <node>
    <id>6</id>
    <latitude>6.437908245780343</latitude>
    <longitude>38.926171845544765</longitude>
  </node>
  <region>1</region>
  <timeint>
    <startTime>662</startTime>
    <endTime>1001</endTime>
  </timeint>
  <capacity>2.0</capacity>
</objects.Task>
<objects.Task>
  <id>7</id>
  <Description>Task#7</Description>
  <type>T</type>
  <type__id>1</type__id>
  <priority>2</priority>
  <resId>0</resId>
  <serviceTime>68</serviceTime>
  <node>
    <id>7</id>
    <latitude>6.851468333512021</latitude>
    <longitude>40.25534865926079</longitude>
  </node>
  <region>1</region>
  <timeint>
    <startTime>550</startTime>
    <endTime>1008</endTime>
  </timeint>
  <capacity>3.0</capacity>
</objects.Task>
<objects.Task>
  <id>8</id>
  <Description>Task#8</Description>
  <type>T</type>
  <type__id>1</type__id>
  <priority>3</priority>
  <resId>0</resId>
  <serviceTime>41</serviceTime>
  <node>
    <id>8</id>
    <latitude>6.897784281970565</latitude>
    <longitude>38.80390640791314</longitude>
  </node>
  <region>1</region>
  <timeint>
    <startTime>523</startTime>
    <endTime>942</endTime>
  </timeint>
  <capacity>5.0</capacity>
</objects.Task>
<objects.Task>
  <id>9</id>
  <Description>Task#9</Description>
  <type>T</type>
  <type__id>1</type__id>
  <priority>3</priority>
  <resId>0</resId>
  <serviceTime>43</serviceTime>
  <node>
    <id>9</id>
    <latitude>6.94617580592542</latitude>
    <longitude>38.75365942811935</longitude>
  </node>
  <region>1</region>
  <timeint>
    <startTime>693</startTime>
    <endTime>1027</endTime>
  </timeint>
  <capacity>7.0</capacity>
</objects.Task>
<objects.Task>
  <id>10</id>
  <Description>Task#10</Description>
  <type>T</type>
  <type__id>1</type__id>
  <priority>1</priority>
  <resId>0</resId>
  <serviceTime>56</serviceTime>
  <node>
    <id>10</id>
    <latitude>6.895420378037481</latitude>
    <longitude>39.00600969759284</longitude>
  </node>
  <region>1</region>
  <timeint>
    <startTime>640</startTime>
    <endTime>990</endTime>
  </timeint>
  <capacity>5.0</capacity>
</objects.Task>
<objects.Task>
  <id>11</id>
  <Description>Task#11</Description>
  <type>T</type>
  <type__id>1</type__id>
  <priority>1</priority>
  <resId>0</resId>
  <serviceTime>35</serviceTime>
  <node>
    <id>11</id>
    <latitude>7.054438998982514</latitude>
    <longitude>38.9484487898742</longitude>
  </node>
  <region>1</region>
  <timeint>
    <startTime>622</startTime>
    <endTime>1025</endTime>
  </timeint>
  <capacity>6.0</capacity>
</objects.Task>
<objects.Task>
  <id>12</id>
  <Description>Task#12</Description>
  <type>T</type>
  <type__id>1</type__id>
  <priority>4</priority>
  <resId>0</resId>
  <serviceTime>46</serviceTime>
  <node>
    <id>12</id>
    <latitude>6.423161647611316</latitude>
    <longitude>38.042554816922085</longitude>
  </node>
  <region>1</region>
  <timeint>
    <startTime>493</startTime>
    <endTime>852</endTime>
  </timeint>
  <capacity>7.0</capacity>
</objects.Task>
<objects.Task>
  <id>13</id>
  <Description>Task#13</Description>
  <type>T</type>
  <type__id>1</type__id>
  <priority>1</priority>
  <resId>0</resId>
  <serviceTime>89</serviceTime>
  <node>
    <id>13</id>
    <latitude>7.743865327540274</latitude>
    <longitude>35.48584091403851</longitude>
  </node>
  <region>1</region>
  <timeint>
    <startTime>560</startTime>
    <endTime>806</endTime>
  </timeint>
  <capacity>5.0</capacity>
</objects.Task>
<objects.Task>
  <id>14</id>
  <Description>Task#14</Description>
  <type>T</type>
  <type__id>1</type__id>
  <priority>2</priority>
  <resId>0</resId>
  <serviceTime>79</serviceTime>
  <node>
    <id>14</id>
    <latitude>7.328578995339963</latitude>
    <longitude>39.15191602214531</longitude>
  </node>
  <region>1</region>
  <timeint>
    <startTime>512</startTime>
    <endTime>870</endTime>
  </timeint>
  <capacity>5.0</capacity>
</objects.Task>
<objects.Task>
  <id>15</id>
  <Description>Task#15</Description>
  <type>T</type>
  <type__id>1</type__id>
  <priority>2</priority>
  <resId>0</resId>
  <serviceTime>43</serviceTime>
  <node>
    <id>15</id>
    <latitude>8.348529394126606</latitude>
    <longitude>36.9725150371837</longitude>
  </node>
  <region>1</region>
  <timeint>
    <startTime>553</startTime>
    <endTime>1055</endTime>
  </timeint>
  <capacity>3.0</capacity>
</objects.Task>
<objects.Task>
  <id>16</id>
  <Description>Task#16</Description>
  <type>T</type>
  <type__id>1</type__id>
  <priority>2</priority>
  <resId>0</resId>
  <serviceTime>86</serviceTime>
  <node>
    <id>16</id>
    <latitude>7.253093403585942</latitude>
    <longitude>37.98899814497661</longitude>
  </node>
  <region>1</region>
  <timeint>
    <startTime>532</startTime>
    <endTime>1029</endTime>
  </timeint>
  <capacity>2.0</capacity>
</objects.Task>
<objects.Task>
  <id>17</id>
  <Description>Task#17</Description>
  <type>T</type>
  <type__id>1</type__id>
  <priority>3</priority>
  <resId>0</resId>
  <serviceTime>40</serviceTime>
  <node>
    <id>17</id>
    <latitude>6.6643236494662546</latitude>
    <longitude>38.327103650687945</longitude>
  </node>
  <region>1</region>
  <timeint>
    <startTime>641</startTime>
    <endTime>966</endTime>
  </timeint>
  <capacity>2.0</capacity>
</objects.Task>
<objects.Task>
  <id>18</id>
  <Description>Task#18</Description>
  <type>T</type>
  <type__id>1</type__id>
  <priority>3</priority>
  <resId>0</resId>
  <serviceTime>80</serviceTime>
  <node>
    <id>18</id>
    <latitude>6.080408475668805</latitude>
    <longitude>38.065212326362335</longitude>
  </node>
  <region>1</region>
  <timeint>
    <startTime>559</startTime>
    <endTime>1071</endTime>
  </timeint>
  <capacity>0.0</capacity>
</objects.Task>
<objects.Task>
  <id>19</id>
  <Description>Task#19</Description>
  <type>T</type>
  <type__id>1</type__id>
  <priority>1</priority>
  <resId>0</resId>
  <serviceTime>88</serviceTime>
  <node>
    <id>19</id>
    <latitude>6.401350706300266</latitude>
    <longitude>39.004518654916374</longitude>
  </node>
  <region>1</region>
  <timeint>
    <startTime>654</startTime>
    <endTime>957</endTime>
  </timeint>
  <capacity>5.0</capacity>
</objects.Task>
<objects.Task>
  <id>20</id>
  <Description>Task#20</Description>
  <type>T</type>
  <type__id>1</type__id>
  <priority>3</priority>
  <resId>0</resId>
  <serviceTime>56</serviceTime>
  <node>
    <id>20</id>
    <latitude>8.437798201402497</latitude>
    <longitude>40.90695571222339</longitude>
  </node>
  <region>1</region>
  <timeint>
    <startTime>718</startTime>
    <endTime>1172</endTime>
  </timeint>
  <capacity>5.0</capacity>
</objects.Task>
<objects.Task>
  <id>21</id>
  <Description>Task#21</Description>
  <type>T</type>
  <type__id>1</type__id>
  <priority>2</priority>
  <resId>0</resId>
  <serviceTime>69</serviceTime>
  <node>
    <id>21</id>
    <latitude>7.255778476494156</latitude>
    <longitude>38.6281963032163</longitude>
  </node>
  <region>1</region>
  <timeint>
    <startTime>711</startTime>
    <endTime>1109</endTime>
  </timeint>
  <capacity>1.0</capacity>
</objects.Task>
<objects.Task>
  <id>22</id>
  <Description>Task#22</Description>
  <type>T</type>
  <type__id>1</type__id>
  <priority>1</priority>
  <resId>0</resId>
  <serviceTime>64</serviceTime>
  <node>
    <id>22</id>
    <latitude>7.228430975527102</latitude>
    <longitude>38.79105390335046</longitude>
  </node>
  <region>1</region>
  <timeint>
    <startTime>508</startTime>
    <endTime>948</endTime>
  </timeint>
  <capacity>5.0</capacity>
</objects.Task>
<objects.Task>
  <id>23</id>
  <Description>Task#23</Description>
  <type>T</type>
  <type__id>1</type__id>
  <priority>3</priority>
  <resId>0</resId>
  <serviceTime>49</serviceTime>
  <node>
    <id>23</id>
    <latitude>6.75744779250387</latitude>
    <longitude>39.97338084495498</longitude>
  </node>
  <region>1</region>
  <timeint>
    <startTime>564</startTime>
    <endTime>1020</endTime>
  </timeint>
  <capacity>6.0</capacity>
</objects.Task>
<objects.Task>
  <id>24</id>
  <Description>Task#24</Description>
  <type>T</type>
  <type__id>1</type__id>
  <priority>2</priority>
  <resId>0</resId>
  <serviceTime>71</serviceTime>
  <node>
    <id>24</id>
    <latitude>6.879771313186715</latitude>
    <longitude>39.08920731029243</longitude>
  </node>
  <region>1</region>
  <timeint>
    <startTime>519</startTime>
    <endTime>834</endTime>
  </timeint>
  <capacity>6.0</capacity>
</objects.Task>
<objects.Task>
  <id>25</id>
  <Description>Task#25</Description>
  <type>T</type>
  <type__id>1</type__id>
  <priority>2</priority>
  <resId>0</resId>
  <serviceTime>85</serviceTime>
  <node>
    <id>25</id>
    <latitude>1.6056680401172725</latitude>
    <longitude>15.146415269420826</longitude>
  </node>
  <region>1</region>
  <timeint>
    <startTime>492</startTime>
    <endTime>928</endTime>
  </timeint>
  <capacity>5.0</capacity>
</objects.Task>
<objects.Task>
  <id>26</id>
  <Description>Task#26</Description>
  <type>T</type>
  <type__id>1</type__id>
  <priority>1</priority>
  <resId>0</resId>
  <serviceTime>30</serviceTime>
  <node>
    <id>26</id>
    <latitude>1.492786226312287</latitude>
    <longitude>14.517896743157229</longitude>
  </node>
  <region>1</region>
  <timeint>
    <startTime>677</startTime>
    <endTime>1216</endTime>
  </timeint>
  <capacity>1.0</capacity>
</objects.Task>
<objects.Task>
  <id>27</id>
  <Description>Task#27</Description>
  <type>T</type>
  <type__id>1</type__id>
  <priority>1</priority>
  <resId>0</resId>
  <serviceTime>79</serviceTime>
  <node>
    <id>27</id>
    <latitude>1.3044087246958527</latitude>
    <longitude>15.281656067427964</longitude>
  </node>
  <region>1</region>
  <timeint>
    <startTime>670</startTime>
    <endTime>949</endTime>
  </timeint>
  <capacity>6.0</capacity>
</objects.Task>
<objects.Task>
  <id>28</id>
  <Description>Task#28</Description>
  <type>T</type>
  <type__id>1</type__id>
  <priority>3</priority>
  <resId>0</resId>
  <serviceTime>70</serviceTime>
  <node>
    <id>28</id>
    <latitude>0.5970141166965722</latitude>
    <longitude>12.446323663170318</longitude>
  </node>
  <region>1</region>
  <timeint>
    <startTime>660</startTime>
    <endTime>1240</endTime>
  </timeint>
  <capacity>4.0</capacity>
</objects.Task>
<objects.Task>
  <id>29</id>
  <Description>Task#29</Description>
  <type>T</type>
  <type__id>1</type__id>
  <priority>4</priority>
  <resId>0</resId>
  <serviceTime>53</serviceTime>
  <node>
    <id>29</id>
    <latitude>1.6045555776153555</latitude>
    <longitude>13.87911436265904</longitude>
  </node>
  <region>1</region>
  <timeint>
    <startTime>688</startTime>
    <endTime>931</endTime>
  </timeint>
  <capacity>8.0</capacity>
</objects.Task>
<objects.Task>
  <id>30</id>
  <Description>Task#30</Description>
  <type>T</type>
  <type__id>1</type__id>
  <priority>3</priority>
  <resId>0</resId>
  <serviceTime>46</serviceTime>
  <node>
    <id>30</id>
    <latitude>1.547913927276437</latitude>
    <longitude>13.803799083316001</longitude>
  </node>
  <region>1</region>
  <timeint>
    <startTime>567</startTime>
    <endTime>987</endTime>
  </timeint>
  <capacity>3.0</capacity>
</objects.Task>
<objects.Task>
  <id>31</id>
  <Description>Task#31</Description>
  <type>T</type>
  <type__id>1</type__id>
  <priority>3</priority>
  <resId>0</resId>
  <serviceTime>81</serviceTime>
  <node>
    <id>31</id>
    <latitude>1.1005001980155347</latitude>
    <longitude>14.112324324497322</longitude>
  </node>
  <region>1</region>
  <timeint>
    <startTime>524</startTime>
    <endTime>863</endTime>
  </timeint>
  <capacity>5.0</capacity>
</objects.Task>
<objects.Task>
  <id>32</id>
  <Description>Task#32</Description>
  <type>T</type>
  <type__id>1</type__id>
  <priority>3</priority>
  <resId>0</resId>
  <serviceTime>71</serviceTime>
  <node>
    <id>32</id>
    <latitude>0.7945110422946058</latitude>
    <longitude>14.026486575782382</longitude>
  </node>
  <region>1</region>
  <timeint>
    <startTime>588</startTime>
    <endTime>1155</endTime>
  </timeint>
  <capacity>7.0</capacity>
</objects.Task>
<objects.Task>
  <id>33</id>
  <Description>Task#33</Description>
  <type>T</type>
  <type__id>1</type__id>
  <priority>4</priority>
  <resId>0</resId>
  <serviceTime>69</serviceTime>
  <node>
    <id>33</id>
    <latitude>1.6335802750883932</latitude>
    <longitude>14.31026385907903</longitude>
  </node>
  <region>1</region>
  <timeint>
    <startTime>492</startTime>
    <endTime>1090</endTime>
  </timeint>
  <capacity>4.0</capacity>
</objects.Task>
<objects.Task>
  <id>34</id>
  <Description>Task#34</Description>
  <type>T</type>
  <type__id>1</type__id>
  <priority>4</priority>
  <resId>0</resId>
  <serviceTime>89</serviceTime>
  <node>
    <id>34</id>
    <latitude>1.211676432499078</latitude>
    <longitude>12.17691129962098</longitude>
  </node>
  <region>1</region>
  <timeint>
    <startTime>585</startTime>
    <endTime>1141</endTime>
  </timeint>
  <capacity>2.0</capacity>
</objects.Task>
<objects.Task>
  <id>35</id>
  <Description>Task#35</Description>
  <type>T</type>
  <type__id>1</type__id>
  <priority>4</priority>
  <resId>0</resId>
  <serviceTime>43</serviceTime>
  <node>
    <id>35</id>
    <latitude>0.8919986118229098</latitude>
    <longitude>15.375378718896311</longitude>
  </node>
  <region>1</region>
  <timeint>
    <startTime>694</startTime>
    <endTime>959</endTime>
  </timeint>
  <capacity>5.0</capacity>
</objects.Task>
<objects.Task>
  <id>36</id>
  <Description>Task#36</Description>
  <type>T</type>
  <type__id>1</type__id>
  <priority>4</priority>
  <resId>0</resId>
  <serviceTime>63</serviceTime>
  <node>
    <id>36</id>
    <latitude>1.304226221026243</latitude>
    <longitude>13.537727515534328</longitude>
  </node>
  <region>1</region>
  <timeint>
    <startTime>570</startTime>
    <endTime>914</endTime>
  </timeint>
  <capacity>9.0</capacity>
</objects.Task>
<objects.Task>
  <id>37</id>
  <Description>Task#37</Description>
  <type>T</type>
  <type__id>1</type__id>
  <priority>1</priority>
  <resId>0</resId>
  <serviceTime>88</serviceTime>
  <node>
    <id>37</id>
    <latitude>0.0</latitude>
    <longitude>13.482043761456488</longitude>
  </node>
  <region>1</region>
  <timeint>
    <startTime>595</startTime>
    <endTime>1120</endTime>
  </timeint>
  <capacity>9.0</capacity>
</objects.Task>
<objects.Task>
  <id>38</id>
  <Description>Task#38</Description>
  <type>T</type>
  <type__id>1</type__id>
  <priority>4</priority>
  <resId>0</resId>
  <serviceTime>82</serviceTime>
  <node>
    <id>38</id>
    <latitude>1.9138847352057813</latitude>
    <longitude>14.02893188744366</longitude>
  </node>
  <region>1</region>
  <timeint>
    <startTime>482</startTime>
    <endTime>895</endTime>
  </timeint>
  <capacity>9.0</capacity>
</objects.Task>
<objects.Task>
  <id>39</id>
  <Description>Task#39</Description>
  <type>T</type>
  <type__id>1</type__id>
  <priority>3</priority>
  <resId>0</resId>
  <serviceTime>84</serviceTime>
  <node>
    <id>39</id>
    <latitude>2.8665552861063404</latitude>
    <longitude>14.09280199982732</longitude>
  </node>
  <region>1</region>
  <timeint>
    <startTime>632</startTime>
    <endTime>1185</endTime>
  </timeint>
  <capacity>4.0</capacity>
</objects.Task>
<objects.Task>
  <id>40</id>
  <Description>Task#40</Description>
  <type>T</type>
  <type__id>1</type__id>
  <priority>4</priority>
  <resId>0</resId>
  <serviceTime>48</serviceTime>
  <node>
    <id>40</id>
    <latitude>2.4616615647110653</latitude>
    <longitude>14.036780180173801</longitude>
  </node>
  <region>1</region>
  <timeint>
    <startTime>694</startTime>
    <endTime>952</endTime>
  </timeint>
  <capacity>0.0</capacity>
</objects.Task>
<objects.Task>
  <id>41</id>
  <Description>Task#41</Description>
  <type>T</type>
  <type__id>1</type__id>
  <priority>2</priority>
  <resId>0</resId>
  <serviceTime>62</serviceTime>
  <node>
    <id>41</id>
    <latitude>1.4206463096669575</latitude>
    <longitude>15.950601547692079</longitude>
  </node>
  <region>1</region>
  <timeint>
    <startTime>693</startTime>
    <endTime>1096</endTime>
  </timeint>
  <capacity>9.0</capacity>
</objects.Task>
<objects.Task>
  <id>42</id>
  <Description>Task#42</Description>
  <type>T</type>
  <type__id>1</type__id>
  <priority>4</priority>
  <resId>0</resId>
  <serviceTime>86</serviceTime>
  <node>
    <id>42</id>
    <latitude>2.9799864363994137</latitude>
    <longitude>15.208420010562639</longitude>
  </node>
  <region>1</region>
  <timeint>
    <startTime>623</startTime>
    <endTime>1194</endTime>
  </timeint>
  <capacity>9.0</capacity>
</objects.Task>
<objects.Task>
  <id>43</id>
  <Description>Task#43</Description>
  <type>T</type>
  <type__id>1</type__id>
  <priority>4</priority>
  <resId>0</resId>
  <serviceTime>32</serviceTime>
  <node>
    <id>43</id>
    <latitude>1.6332110313242485</latitude>
    <longitude>14.771297432400097</longitude>
  </node>
  <region>1</region>
  <timeint>
    <startTime>660</startTime>
    <endTime>1110</endTime>
  </timeint>
  <capacity>0.0</capacity>
</objects.Task>
<objects.Task>
  <id>44</id>
  <Description>Task#44</Description>
  <type>T</type>
  <type__id>1</type__id>
  <priority>1</priority>
  <resId>0</resId>
  <serviceTime>65</serviceTime>
  <node>
    <id>44</id>
    <latitude>1.7141598962845475</latitude>
    <longitude>14.203009404756665</longitude>
  </node>
  <region>1</region>
  <timeint>
    <startTime>526</startTime>
    <endTime>827</endTime>
  </timeint>
  <capacity>6.0</capacity>
</objects.Task>
<objects.Task>
  <id>45</id>
  <Description>Task#45</Description>
  <type>T</type>
  <type__id>1</type__id>
  <priority>2</priority>
  <resId>0</resId>
  <serviceTime>88</serviceTime>
  <node>
    <id>45</id>
    <latitude>0.0</latitude>
    <longitude>14.626305194874755</longitude>
  </node>
  <region>1</region>
  <timeint>
    <startTime>500</startTime>
    <endTime>809</endTime>
  </timeint>
  <capacity>9.0</capacity>
</objects.Task>
<objects.Task>
  <id>46</id>
  <Description>Task#46</Description>
  <type>T</type>
  <type__id>1</type__id>
  <priority>4</priority>
  <resId>0</resId>
  <serviceTime>85</serviceTime>
  <node>
    <id>46</id>
    <latitude>1.307722488484011</latitude>
    <longitude>13.358538610191134</longitude>
  </node>
  <region>1</region>
  <timeint>
    <startTime>614</startTime>
    <endTime>984</endTime>
  </timeint>
  <capacity>7.0</capacity>
</objects.Task>
<objects.Task>
  <id>47</id>
  <Description>Task#47</Description>
  <type>T</type>
  <type__id>1</type__id>
  <priority>4</priority>
  <resId>0</resId>
  <serviceTime>31</serviceTime>
  <node>
    <id>47</id>
    <latitude>1.2796794849069448</latitude>
    <longitude>14.79462908181956</longitude>
  </node>
  <region>1</region>
  <timeint>
    <startTime>506</startTime>
    <endTime>761</endTime>
  </timeint>
  <capacity>5.0</capacity>
</objects.Task>
<objects.Task>
  <id>48</id>
  <Description>Task#48</Description>
  <type>T</type>
  <type__id>1</type__id>
  <priority>4</priority>
  <resId>0</resId>
  <serviceTime>70</serviceTime>
  <node>
    <id>48</id>
    <latitude>0.8570661376268043</latitude>
    <longitude>13.710618487873603</longitude>
  </node>
  <region>1</region>
  <timeint>
    <startTime>590</startTime>
    <endTime>1007</endTime>
  </timeint>
  <capacity>2.0</capacity>
</objects.Task>
<objects.Task>
  <id>49</id>
  <Description>Task#49</Description>
  <type>T</type>
  <type__id>1</type__id>
  <priority>4</priority>
  <resId>0</resId>
  <serviceTime>67</serviceTime>
  <node>
    <id>49</id>
    <latitude>1.1922096881243625</latitude>
    <longitude>14.190127065379965</longitude>
  </node>
  <region>1</region>
  <timeint>
    <startTime>675</startTime>
    <endTime>978</endTime>
  </timeint>
  <capacity>4.0</capacity>
</objects.Task>
<objects.Task>
  <id>50</id>
  <Description>Task#50</Description>
  <type>T</type>
  <type__id>1</type__id>
  <priority>2</priority>
  <resId>0</resId>
  <serviceTime>36</serviceTime>
  <node>
    <id>50</id>
    <latitude>2.0061878580528854</latitude>
    <longitude>37.83996336025915</longitude>
  </node>
  <region>1</region>
  <timeint>
    <startTime>595</startTime>
    <endTime>1015</endTime>
  </timeint>
  <capacity>2.0</capacity>
</objects.Task>
<objects.Task>
  <id>51</id>
  <Description>Task#51</Description>
  <type>T</type>
  <type__id>1</type__id>
  <priority>3</priority>
  <resId>0</resId>
  <serviceTime>41</serviceTime>
  <node>
    <id>51</id>
    <latitude>2.4920241137900807</latitude>
    <longitude>36.33595907982553</longitude>
  </node>
  <region>1</region>
  <timeint>
    <startTime>567</startTime>
    <endTime>874</endTime>
  </timeint>
  <capacity>8.0</capacity>
</objects.Task>
<objects.Task>
  <id>52</id>
  <Description>Task#52</Description>
  <type>T</type>
  <type__id>1</type__id>
  <priority>2</priority>
  <resId>0</resId>
  <serviceTime>50</serviceTime>
  <node>
    <id>52</id>
    <latitude>1.4215068843005831</latitude>
    <longitude>37.37999073487337</longitude>
  </node>
  <region>1</region>
  <timeint>
    <startTime>589</startTime>
    <endTime>890</endTime>
  </timeint>
  <capacity>7.0</capacity>
</objects.Task>
<objects.Task>
  <id>53</id>
  <Description>Task#53</Description>
  <type>T</type>
  <type__id>1</type__id>
  <priority>1</priority>
  <resId>0</resId>
  <serviceTime>66</serviceTime>
  <node>
    <id>53</id>
    <latitude>1.27793817053551</latitude>
    <longitude>37.10927434178654</longitude>
  </node>
  <region>1</region>
  <timeint>
    <startTime>621</startTime>
    <endTime>875</endTime>
  </timeint>
  <capacity>1.0</capacity>
</objects.Task>
<objects.Task>
  <id>54</id>
  <Description>Task#54</Description>
  <type>T</type>
  <type__id>1</type__id>
  <priority>3</priority>
  <resId>0</resId>
  <serviceTime>85</serviceTime>
  <node>
    <id>54</id>
    <latitude>1.2499322776937638</latitude>
    <longitude>37.38629690919008</longitude>
  </node>
  <region>1</region>
  <timeint>
    <startTime>603</startTime>
    <endTime>1150</endTime>
  </timeint>
  <capacity>2.0</capacity>
</objects.Task>
<objects.Task>
  <id>55</id>
  <Description>Task#55</Description>
  <type>T</type>
  <type__id>1</type__id>
  <priority>3</priority>
  <resId>0</resId>
  <serviceTime>39</serviceTime>
  <node>
    <id>55</id>
    <latitude>1.6055584652354948</latitude>
    <longitude>37.32185762563281</longitude>
  </node>
  <region>1</region>
  <timeint>
    <startTime>497</startTime>
    <endTime>875</endTime>
  </timeint>
  <capacity>6.0</capacity>
</objects.Task>
<objects.Task>
  <id>56</id>
  <Description>Task#56</Description>
  <type>T</type>
  <type__id>1</type__id>
  <priority>4</priority>
  <resId>0</resId>
  <serviceTime>82</serviceTime>
  <node>
    <id>56</id>
    <latitude>0.9644872799853705</latitude>
    <longitude>36.982843087967204</longitude>
  </node>
  <region>1</region>
  <timeint>
    <startTime>533</startTime>
    <endTime>1083</endTime>
  </timeint>
  <capacity>3.0</capacity>
</objects.Task>
<objects.Task>
  <id>57</id>
  <Description>Task#57</Description>
  <type>T</type>
  <type__id>1</type__id>
  <priority>3</priority>
  <resId>0</resId>
  <serviceTime>81</serviceTime>
  <node>
    <id>57</id>
    <latitude>2.156361863735029</latitude>
    <longitude>38.43161126106389</longitude>
  </node>
  <region>1</region>
  <timeint>
    <startTime>636</startTime>
    <endTime>941</endTime>
  </timeint>
  <capacity>5.0</capacity>
</objects.Task>
<objects.Task>
  <id>58</id>
  <Description>Task#58</Description>
  <type>T</type>
  <type__id>1</type__id>
  <priority>3</priority>
  <resId>0</resId>
  <serviceTime>36</serviceTime>
  <node>
    <id>58</id>
    <latitude>2.929022759575161</latitude>
    <longitude>37.679572171283446</longitude>
  </node>
  <region>1</region>
  <timeint>
    <startTime>693</startTime>
    <endTime>942</endTime>
  </timeint>
  <capacity>6.0</capacity>
</objects.Task>
<objects.Task>
  <id>59</id>
  <Description>Task#59</Description>
  <type>T</type>
  <type__id>1</type__id>
  <priority>3</priority>
  <resId>0</resId>
  <serviceTime>67</serviceTime>
  <node>
    <id>59</id>
    <latitude>1.0285465797417523</latitude>
    <longitude>37.37292058010338</longitude>
  </node>
  <region>1</region>
  <timeint>
    <startTime>549</startTime>
    <endTime>1042</endTime>
  </timeint>
  <capacity>4.0</capacity>
</objects.Task>
<objects.Task>
  <id>60</id>
  <Description>Task#60</Description>
  <type>T</type>
  <type__id>1</type__id>
  <priority>4</priority>
  <resId>0</resId>
  <serviceTime>48</serviceTime>
  <node>
    <id>60</id>
    <latitude>0.6260229412051377</latitude>
    <longitude>38.0290098562125</longitude>
  </node>
  <region>1</region>
  <timeint>
    <startTime>506</startTime>
    <endTime>926</endTime>
  </timeint>
  <capacity>1.0</capacity>
</objects.Task>
<objects.Task>
  <id>61</id>
  <Description>Task#61</Description>
  <type>T</type>
  <type__id>1</type__id>
  <priority>4</priority>
  <resId>0</resId>
  <serviceTime>63</serviceTime>
  <node>
    <id>61</id>
    <latitude>1.114341201990131</latitude>
    <longitude>35.929694160192085</longitude>
  </node>
  <region>1</region>
  <timeint>
    <startTime>670</startTime>
    <endTime>1109</endTime>
  </timeint>
  <capacity>0.0</capacity>
</objects.Task>
<objects.Task>
  <id>62</id>
  <Description>Task#62</Description>
  <type>T</type>
  <type__id>1</type__id>
  <priority>4</priority>
  <resId>0</resId>
  <serviceTime>82</serviceTime>
  <node>
    <id>62</id>
    <latitude>1.2063031371720054</latitude>
    <longitude>37.426641686472756</longitude>
  </node>
  <region>1</region>
  <timeint>
    <startTime>703</startTime>
    <endTime>1253</endTime>
  </timeint>
  <capacity>1.0</capacity>
</objects.Task>
<objects.Task>
  <id>63</id>
  <Description>Task#63</Description>
  <type>T</type>
  <type__id>1</type__id>
  <priority>3</priority>
  <resId>0</resId>
  <serviceTime>88</serviceTime>
  <node>
    <id>63</id>
    <latitude>1.2909737454947858</latitude>
    <longitude>36.44317291382746</longitude>
  </node>
  <region>1</region>
  <timeint>
    <startTime>626</startTime>
    <endTime>905</endTime>
  </timeint>
  <capacity>9.0</capacity>
</objects.Task>
<objects.Task>
  <id>64</id>
  <Description>Task#64</Description>
  <type>T</type>
  <type__id>1</type__id>
  <priority>4</priority>
  <resId>0</resId>
  <serviceTime>70</serviceTime>
  <node>
    <id>64</id>
    <latitude>1.3191720949973127</latitude>
    <longitude>35.49996858171176</longitude>
  </node>
  <region>1</region>
  <timeint>
    <startTime>650</startTime>
    <endTime>973</endTime>
  </timeint>
  <capacity>4.0</capacity>
</objects.Task>
<objects.Task>
  <id>65</id>
  <Description>Task#65</Description>
  <type>T</type>
  <type__id>1</type__id>
  <priority>4</priority>
  <resId>0</resId>
  <serviceTime>82</serviceTime>
  <node>
    <id>65</id>
    <latitude>2.504524109660239</latitude>
    <longitude>37.536879931416955</longitude>
  </node>
  <region>1</region>
  <timeint>
    <startTime>610</startTime>
    <endTime>1145</endTime>
  </timeint>
  <capacity>6.0</capacity>
</objects.Task>
<objects.Task>
  <id>66</id>
  <Description>Task#66</Description>
  <type>T</type>
  <type__id>1</type__id>
  <priority>3</priority>
  <resId>0</resId>
  <serviceTime>86</serviceTime>
  <node>
    <id>66</id>
    <latitude>0.030118012776555236</latitude>
    <longitude>36.77968933901338</longitude>
  </node>
  <region>1</region>
  <timeint>
    <startTime>490</startTime>
    <endTime>834</endTime>
  </timeint>
  <capacity>4.0</capacity>
</objects.Task>
<objects.Task>
  <id>67</id>
  <Description>Task#67</Description>
  <type>T</type>
  <type__id>1</type__id>
  <priority>3</priority>
  <resId>0</resId>
  <serviceTime>85</serviceTime>
  <node>
    <id>67</id>
    <latitude>0.9321523087499733</latitude>
    <longitude>36.71362271790845</longitude>
  </node>
  <region>1</region>
  <timeint>
    <startTime>510</startTime>
    <endTime>993</endTime>
  </timeint>
  <capacity>0.0</capacity>
</objects.Task>
<objects.Task>
  <id>68</id>
  <Description>Task#68</Description>
  <type>T</type>
  <type__id>1</type__id>
  <priority>1</priority>
  <resId>0</resId>
  <serviceTime>43</serviceTime>
  <node>
    <id>68</id>
    <latitude>0.7776213739438813</latitude>
    <longitude>37.01734311586824</longitude>
  </node>
  <region>1</region>
  <timeint>
    <startTime>573</startTime>
    <endTime>979</endTime>
  </timeint>
  <capacity>1.0</capacity>
</objects.Task>
<objects.Task>
  <id>69</id>
  <Description>Task#69</Description>
  <type>T</type>
  <type__id>1</type__id>
  <priority>1</priority>
  <resId>0</resId>
  <serviceTime>47</serviceTime>
  <node>
    <id>69</id>
    <latitude>0.3873324478587197</latitude>
    <longitude>36.51780178356622</longitude>
  </node>
  <region>1</region>
  <timeint>
    <startTime>593</startTime>
    <endTime>913</endTime>
  </timeint>
  <capacity>0.0</capacity>
</objects.Task>
<objects.Task>
  <id>70</id>
  <Description>Task#70</Description>
  <type>T</type>
  <type__id>1</type__id>
  <priority>1</priority>
  <resId>0</resId>
  <serviceTime>83</serviceTime>
  <node>
    <id>70</id>
    <latitude>1.6186289294885596</latitude>
    <longitude>36.587525306478334</longitude>
  </node>
  <region>1</region>
  <timeint>
    <startTime>570</startTime>
    <endTime>913</endTime>
  </timeint>
  <capacity>6.0</capacity>
</objects.Task>
<objects.Task>
  <id>71</id>
  <Description>Task#71</Description>
  <type>T</type>
  <type__id>1</type__id>
  <priority>4</priority>
  <resId>0</resId>
  <serviceTime>36</serviceTime>
  <node>
    <id>71</id>
    <latitude>0.3446160877173675</latitude>
    <longitude>37.01588101070346</longitude>
  </node>
  <region>1</region>
  <timeint>
    <startTime>507</startTime>
    <endTime>950</endTime>
  </timeint>
  <capacity>6.0</capacity>
</objects.Task>
<objects.Task>
  <id>72</id>
  <Description>Task#72</Description>
  <type>T</type>
  <type__id>1</type__id>
  <priority>2</priority>
  <resId>0</resId>
  <serviceTime>52</serviceTime>
  <node>
    <id>72</id>
    <latitude>0.3975320294014989</latitude>
    <longitude>36.57371618428932</longitude>
  </node>
  <region>1</region>
  <timeint>
    <startTime>582</startTime>
    <endTime>1065</endTime>
  </timeint>
  <capacity>2.0</capacity>
</objects.Task>
<objects.Task>
  <id>73</id>
  <Description>Task#73</Description>
  <type>T</type>
  <type__id>1</type__id>
  <priority>4</priority>
  <resId>0</resId>
  <serviceTime>34</serviceTime>
  <node>
    <id>73</id>
    <latitude>1.2349385406187503</latitude>
    <longitude>37.40474389373482</longitude>
  </node>
  <region>1</region>
  <timeint>
    <startTime>707</startTime>
    <endTime>1028</endTime>
  </timeint>
  <capacity>0.0</capacity>
</objects.Task>
<objects.Task>
  <id>74</id>
  <Description>Task#74</Description>
  <type>T</type>
  <type__id>1</type__id>
  <priority>4</priority>
  <resId>0</resId>
  <serviceTime>49</serviceTime>
  <node>
    <id>74</id>
    <latitude>2.343072730818529</latitude>
    <longitude>36.64109786569804</longitude>
  </node>
  <region>1</region>
  <timeint>
    <startTime>482</startTime>
    <endTime>836</endTime>
  </timeint>
  <capacity>6.0</capacity>
</objects.Task>
<objects.Task>
  <id>75</id>
  <Description>Task#75</Description>
  <type>T</type>
  <type__id>1</type__id>
  <priority>3</priority>
  <resId>0</resId>
  <serviceTime>32</serviceTime>
  <node>
    <id>75</id>
    <latitude>19.74161133929902</latitude>
    <longitude>20.858135348040932</longitude>
  </node>
  <region>1</region>
  <timeint>
    <startTime>542</startTime>
    <endTime>1112</endTime>
  </timeint>
  <capacity>8.0</capacity>
</objects.Task>
<objects.Task>
  <id>76</id>
  <Description>Task#76</Description>
  <type>T</type>
  <type__id>1</type__id>
  <priority>1</priority>
  <resId>0</resId>
  <serviceTime>51</serviceTime>
  <node>
    <id>76</id>
    <latitude>17.753464524850884</latitude>
    <longitude>20.405059150562828</longitude>
  </node>
  <region>1</region>
  <timeint>
    <startTime>502</startTime>
    <endTime>921</endTime>
  </timeint>
  <capacity>8.0</capacity>
</objects.Task>
<objects.Task>
  <id>77</id>
  <Description>Task#77</Description>
  <type>T</type>
  <type__id>1</type__id>
  <priority>3</priority>
  <resId>0</resId>
  <serviceTime>59</serviceTime>
  <node>
    <id>77</id>
    <latitude>19.045295484174755</latitude>
    <longitude>20.807919703730132</longitude>
  </node>
  <region>1</region>
  <timeint>
    <startTime>678</startTime>
    <endTime>1231</endTime>
  </timeint>
  <capacity>4.0</capacity>
</objects.Task>
<objects.Task>
  <id>78</id>
  <Description>Task#78</Description>
  <type>T</type>
  <type__id>1</type__id>
  <priority>1</priority>
  <resId>0</resId>
  <serviceTime>43</serviceTime>
  <node>
    <id>78</id>
    <latitude>19.08477396184747</latitude>
    <longitude>20.289021590378873</longitude>
  </node>
  <region>1</region>
  <timeint>
    <startTime>607</startTime>
    <endTime>962</endTime>
  </timeint>
  <capacity>5.0</capacity>
</objects.Task>
<objects.Task>
  <id>79</id>
  <Description>Task#79</Description>
  <type>T</type>
  <type__id>1</type__id>
  <priority>4</priority>
  <resId>0</resId>
  <serviceTime>43</serviceTime>
  <node>
    <id>79</id>
    <latitude>20.48154809150343</latitude>
    <longitude>20.897673481604468</longitude>
  </node>
  <region>1</region>
  <timeint>
    <startTime>503</startTime>
    <endTime>870</endTime>
  </timeint>
  <capacity>7.0</capacity>
</objects.Task>
<objects.Task>
  <id>80</id>
  <Description>Task#80</Description>
  <type>T</type>
  <type__id>1</type__id>
  <priority>2</priority>
  <resId>0</resId>
  <serviceTime>43</serviceTime>
  <node>
    <id>80</id>
    <latitude>19.41950347565354</latitude>
    <longitude>22.3056462020764</longitude>
  </node>
  <region>1</region>
  <timeint>
    <startTime>598</startTime>
    <endTime>1016</endTime>
  </timeint>
  <capacity>1.0</capacity>
</objects.Task>
<objects.Task>
  <id>81</id>
  <Description>Task#81</Description>
  <type>T</type>
  <type__id>1</type__id>
  <priority>4</priority>
  <resId>0</resId>
  <serviceTime>71</serviceTime>
  <node>
    <id>81</id>
    <latitude>20.3070812619995</latitude>
    <longitude>21.1388930894175</longitude>
  </node>
  <region>1</region>
  <timeint>
    <startTime>573</startTime>
    <endTime>844</endTime>
  </timeint>
  <capacity>2.0</capacity>
</objects.Task>
<objects.Task>
  <id>82</id>
  <Description>Task#82</Description>
  <type>T</type>
  <type__id>1</type__id>
  <priority>4</priority>
  <resId>0</resId>
  <serviceTime>51</serviceTime>
  <node>
    <id>82</id>
    <latitude>20.130750276246168</latitude>
    <longitude>21.006232856939622</longitude>
  </node>
  <region>1</region>
  <timeint>
    <startTime>654</startTime>
    <endTime>960</endTime>
  </timeint>
  <capacity>4.0</capacity>
</objects.Task>
<objects.Task>
  <id>83</id>
  <Description>Task#83</Description>
  <type>T</type>
  <type__id>1</type__id>
  <priority>4</priority>
  <resId>0</resId>
  <serviceTime>45</serviceTime>
  <node>
    <id>83</id>
    <latitude>22.229590824893844</latitude>
    <longitude>20.520533393730407</longitude>
  </node>
  <region>1</region>
  <timeint>
    <startTime>530</startTime>
    <endTime>887</endTime>
  </timeint>
  <capacity>1.0</capacity>
</objects.Task>
<objects.Task>
  <id>84</id>
  <Description>Task#84</Description>
  <type>T</type>
  <type__id>1</type__id>
  <priority>2</priority>
  <resId>0</resId>
  <serviceTime>86</serviceTime>
  <node>
    <id>84</id>
    <latitude>17.211162263358982</latitude>
    <longitude>21.716863700541083</longitude>
  </node>
  <region>1</region>
  <timeint>
    <startTime>518</startTime>
    <endTime>912</endTime>
  </timeint>
  <capacity>8.0</capacity>
</objects.Task>
<objects.Task>
  <id>85</id>
  <Description>Task#85</Description>
  <type>T</type>
  <type__id>1</type__id>
  <priority>1</priority>
  <resId>0</resId>
  <serviceTime>33</serviceTime>
  <node>
    <id>85</id>
    <latitude>19.898324738574043</latitude>
    <longitude>21.050679951896814</longitude>
  </node>
  <region>1</region>
  <timeint>
    <startTime>579</startTime>
    <endTime>883</endTime>
  </timeint>
  <capacity>7.0</capacity>
</objects.Task>
<objects.Task>
  <id>86</id>
  <Description>Task#86</Description>
  <type>T</type>
  <type__id>1</type__id>
  <priority>1</priority>
  <resId>0</resId>
  <serviceTime>38</serviceTime>
  <node>
    <id>86</id>
    <latitude>20.279161243083827</latitude>
    <longitude>19.7631146891139</longitude>
  </node>
  <region>1</region>
  <timeint>
    <startTime>486</startTime>
    <endTime>1035</endTime>
  </timeint>
  <capacity>0.0</capacity>
</objects.Task>
<objects.Task>
  <id>87</id>
  <Description>Task#87</Description>
  <type>T</type>
  <type__id>1</type__id>
  <priority>1</priority>
  <resId>0</resId>
  <serviceTime>82</serviceTime>
  <node>
    <id>87</id>
    <latitude>19.73594878877956</latitude>
    <longitude>21.011965134980667</longitude>
  </node>
  <region>1</region>
  <timeint>
    <startTime>560</startTime>
    <endTime>862</endTime>
  </timeint>
  <capacity>6.0</capacity>
</objects.Task>
<objects.Task>
  <id>88</id>
  <Description>Task#88</Description>
  <type>T</type>
  <type__id>1</type__id>
  <priority>4</priority>
  <resId>0</resId>
  <serviceTime>53</serviceTime>
  <node>
    <id>88</id>
    <latitude>19.773419820716633</latitude>
    <longitude>20.986300781651952</longitude>
  </node>
  <region>1</region>
  <timeint>
    <startTime>589</startTime>
    <endTime>1171</endTime>
  </timeint>
  <capacity>7.0</capacity>
</objects.Task>
<objects.Task>
  <id>89</id>
  <Description>Task#89</Description>
  <type>T</type>
  <type__id>1</type__id>
  <priority>4</priority>
  <resId>0</resId>
  <serviceTime>87</serviceTime>
  <node>
    <id>89</id>
    <latitude>20.52962698921994</latitude>
    <longitude>20.340079077802855</longitude>
  </node>
  <region>1</region>
  <timeint>
    <startTime>646</startTime>
    <endTime>987</endTime>
  </timeint>
  <capacity>4.0</capacity>
</objects.Task>
<objects.Task>
  <id>90</id>
  <Description>Task#90</Description>
  <type>T</type>
  <type__id>1</type__id>
  <priority>3</priority>
  <resId>0</resId>
  <serviceTime>35</serviceTime>
  <node>
    <id>90</id>
    <latitude>19.898891823077726</latitude>
    <longitude>20.856397679607976</longitude>
  </node>
  <region>1</region>
  <timeint>
    <startTime>679</startTime>
    <endTime>1088</endTime>
  </timeint>
  <capacity>6.0</capacity>
</objects.Task>
<objects.Task>
  <id>91</id>
  <Description>Task#91</Description>
  <type>T</type>
  <type__id>1</type__id>
  <priority>2</priority>
  <resId>0</resId>
  <serviceTime>42</serviceTime>
  <node>
    <id>91</id>
    <latitude>22.472021319142215</latitude>
    <longitude>23.10709839693712</longitude>
  </node>
  <region>1</region>
  <timeint>
    <startTime>568</startTime>
    <endTime>1158</endTime>
  </timeint>
  <capacity>0.0</capacity>
</objects.Task>
<objects.Task>
  <id>92</id>
  <Description>Task#92</Description>
  <type>T</type>
  <type__id>1</type__id>
  <priority>3</priority>
  <resId>0</resId>
  <serviceTime>54</serviceTime>
  <node>
    <id>92</id>
    <latitude>19.731896264807933</latitude>
    <longitude>20.59962992855503</longitude>
  </node>
  <region>1</region>
  <timeint>
    <startTime>545</startTime>
    <endTime>929</endTime>
  </timeint>
  <capacity>7.0</capacity>
</objects.Task>
<objects.Task>
  <id>93</id>
  <Description>Task#93</Description>
  <type>T</type>
  <type__id>1</type__id>
  <priority>4</priority>
  <resId>0</resId>
  <serviceTime>40</serviceTime>
  <node>
    <id>93</id>
    <latitude>19.653273697682447</latitude>
    <longitude>20.873069838616466</longitude>
  </node>
  <region>1</region>
  <timeint>
    <startTime>525</startTime>
    <endTime>930</endTime>
  </timeint>
  <capacity>2.0</capacity>
</objects.Task>
<objects.Task>
  <id>94</id>
  <Description>Task#94</Description>
  <type>T</type>
  <type__id>1</type__id>
  <priority>4</priority>
  <resId>0</resId>
  <serviceTime>74</serviceTime>
  <node>
    <id>94</id>
    <latitude>19.994231825479535</latitude>
    <longitude>20.824192985584528</longitude>
  </node>
  <region>1</region>
  <timeint>
    <startTime>507</startTime>
    <endTime>910</endTime>
  </timeint>
  <capacity>2.0</capacity>
</objects.Task>
<objects.Task>
  <id>95</id>
  <Description>Task#95</Description>
  <type>T</type>
  <type__id>1</type__id>
  <priority>2</priority>
  <resId>0</resId>
  <serviceTime>49</serviceTime>
  <node>
    <id>95</id>
    <latitude>20.88146981916942</latitude>
    <longitude>20.635827051261234</longitude>
  </node>
  <region>1</region>
  <timeint>
    <startTime>544</startTime>
    <endTime>997</endTime>
  </timeint>
  <capacity>0.0</capacity>
</objects.Task>
<objects.Task>
  <id>96</id>
  <Description>Task#96</Description>
  <type>T</type>
  <type__id>1</type__id>
  <priority>4</priority>
  <resId>0</resId>
  <serviceTime>84</serviceTime>
  <node>
    <id>96</id>
    <latitude>19.781682500174213</latitude>
    <longitude>21.32053644931924</longitude>
  </node>
  <region>1</region>
  <timeint>
    <startTime>705</startTime>
    <endTime>1280</endTime>
  </timeint>
  <capacity>0.0</capacity>
</objects.Task>
<objects.Task>
  <id>97</id>
  <Description>Task#97</Description>
  <type>T</type>
  <type__id>1</type__id>
  <priority>4</priority>
  <resId>0</resId>
  <serviceTime>48</serviceTime>
  <node>
    <id>97</id>
    <latitude>20.518066200438245</latitude>
    <longitude>21.254318710556575</longitude>
  </node>
  <region>1</region>
  <timeint>
    <startTime>496</startTime>
    <endTime>743</endTime>
  </timeint>
  <capacity>6.0</capacity>
</objects.Task>
<objects.Task>
  <id>98</id>
  <Description>Task#98</Description>
  <type>T</type>
  <type__id>1</type__id>
  <priority>1</priority>
  <resId>0</resId>
  <serviceTime>38</serviceTime>
  <node>
    <id>98</id>
    <latitude>19.460921936464928</latitude>
    <longitude>21.295326419219304</longitude>
  </node>
  <region>1</region>
  <timeint>
    <startTime>602</startTime>
    <endTime>1092</endTime>
  </timeint>
  <capacity>3.0</capacity>
</objects.Task>
<objects.Task>
  <id>99</id>
  <Description>Task#99</Description>
  <type>T</type>
  <type__id>1</type__id>
  <priority>4</priority>
  <resId>0</resId>
  <serviceTime>33</serviceTime>
  <node>
    <id>99</id>
    <latitude>19.79106108717873</latitude>
    <longitude>21.034883533347447</longitude>
  </node>
  <region>1</region>
  <timeint>
    <startTime>672</startTime>
    <endTime>1119</endTime>
  </timeint>
  <capacity>4.0</capacity>
</objects.Task>
<objects.Resource>
  <id>1</id>
  <description>Technician1</description>
  <region>1</region>
  <availability>
    <startTime>624</startTime>
    <endTime>1146</endTime>
  </availability>
  <breakTime>
    <startTime>1033</startTime>
    <endTime>1440</endTime>
  </breakTime>
  <origin>
    <id>101</id>
    <latitude>25.162562739927232</latitude>
    <longitude>24.32614843060215</longitude>
  </origin>
  <destination>
    <id>101</id>
    <latitude>25.162562739927232</latitude>
    <longitude>24.32614843060215</longitude>
  </destination>
  <capacity>0.0</capacity>
  <skill>2</skill>
</objects.Resource>
<objects.Resource>
  <id>2</id>
  <description>Technician2</description>
  <region>1</region>
  <availability>
    <startTime>569</startTime>
    <endTime>1074</endTime>
  </availability>
  <breakTime>
    <startTime>1028</startTime>
    <endTime>1293</endTime>
  </breakTime>
  <origin>
    <id>103</id>
    <latitude>26.459056326930817</latitude>
    <longitude>23.134917284848516</longitude>
  </origin>
  <destination>
    <id>103</id>
    <latitude>26.459056326930817</latitude>
    <longitude>23.134917284848516</longitude>
  </destination>
  <capacity>0.0</capacity>
  <skill>0</skill>
</objects.Resource>
<objects.Resource>
  <id>3</id>
  <description>Technician3</description>
  <region>1</region>
  <availability>
    <startTime>608</startTime>
    <endTime>1142</endTime>
  </availability>
  <breakTime>
    <startTime>944</startTime>
    <endTime>1109</endTime>
  </breakTime>
  <origin>
    <id>105</id>
    <latitude>23.369656090898488</latitude>
    <longitude>25.1569608873691</longitude>
  </origin>
  <destination>
    <id>105</id>
    <latitude>23.369656090898488</latitude>
    <longitude>25.1569608873691</longitude>
  </destination>
  <capacity>0.0</capacity>
  <skill>4</skill>
</objects.Resource>
<objects.Resource>
  <id>4</id>
  <description>Technician4</description>
  <region>1</region>
  <availability>
    <startTime>663</startTime>
    <endTime>1216</endTime>
  </availability>
  <breakTime>
    <startTime>1124</startTime>
    <endTime>1500</endTime>
  </breakTime>
  <origin>
    <id>107</id>
    <latitude>23.83372756477833</latitude>
    <longitude>23.62572447691991</longitude>
  </origin>
  <destination>
    <id>107</id>
    <latitude>23.83372756477833</latitude>
    <longitude>23.62572447691991</longitude>
  </destination>
  <capacity>0.0</capacity>
  <skill>2</skill>
</objects.Resource>
<objects.Resource>
  <id>5</id>
  <description>Technician5</description>
  <region>1</region>
  <availability>
    <startTime>533</startTime>
    <endTime>1028</endTime>
  </availability>
  <breakTime>
    <startTime>796</startTime>
    <endTime>1318</endTime>
  </breakTime>
  <origin>
    <id>109</id>
    <latitude>25.44495670358241</latitude>
    <longitude>25.983099232891213</longitude>
  </origin>
  <destination>
    <id>109</id>
    <latitude>25.44495670358241</latitude>
    <longitude>25.983099232891213</longitude>
  </destination>
  <capacity>0.0</capacity>
  <skill>1</skill>
</objects.Resource>
<objects.Resource>
  <id>6</id>
  <description>Technician6</description>
  <region>1</region>
  <availability>
    <startTime>704</startTime>
    <endTime>1281</endTime>
  </availability>
  <breakTime>
    <startTime>1020</startTime>
    <endTime>1240</endTime>
  </breakTime>
  <origin>
    <id>111</id>
    <latitude>25.761306027661327</latitude>
    <longitude>23.155389985869164</longitude>
  </origin>
  <destination>
    <id>111</id>
    <latitude>25.761306027661327</latitude>
    <longitude>23.155389985869164</longitude>
  </destination>
  <capacity>0.0</capacity>
  <skill>9</skill>
</objects.Resource>
<objects.Resource>
  <id>7</id>
  <description>Technician7</description>
  <region>1</region>
  <availability>
    <startTime>507</startTime>
    <endTime>991</endTime>
  </availability>
  <breakTime>
    <startTime>894</startTime>
    <endTime>991</endTime>
  </breakTime>
  <origin>
    <id>113</id>
    <latitude>25.189274246475023</latitude>
    <longitude>23.221701556682046</longitude>
  </origin>
  <destination>
    <id>113</id>
    <latitude>25.189274246475023</latitude>
    <longitude>23.221701556682046</longitude>
  </destination>
  <capacity>0.0</capacity>
  <skill>6</skill>
</objects.Resource>
<objects.Resource>
  <id>8</id>
  <description>Technician8</description>
  <region>1</region>
  <availability>
    <startTime>501</startTime>
    <endTime>1094</endTime>
  </availability>
  <breakTime>
    <startTime>957</startTime>
    <endTime>1422</endTime>
  </breakTime>
  <origin>
    <id>115</id>
    <latitude>24.53894437217341</latitude>
    <longitude>26.6101786178241</longitude>
  </origin>
  <destination>
    <id>115</id>
    <latitude>24.53894437217341</latitude>
    <longitude>26.6101786178241</longitude>
  </destination>
  <capacity>0.0</capacity>
  <skill>9</skill>
</objects.Resource>
<objects.Resource>
  <id>9</id>
  <description>Technician9</description>
  <region>1</region>
  <availability>
    <startTime>712</startTime>
    <endTime>1222</endTime>
  </availability>
  <breakTime>
    <startTime>961</startTime>
    <endTime>1035</endTime>
  </breakTime>
  <origin>
    <id>117</id>
    <latitude>25.181833226416753</latitude>
    <longitude>23.633023479633284</longitude>
  </origin>
  <destination>
    <id>117</id>
    <latitude>25.181833226416753</latitude>
    <longitude>23.633023479633284</longitude>
  </destination>
  <capacity>0.0</capacity>
  <skill>8</skill>
</objects.Resource>
<objects.Resource>
  <id>10</id>
  <description>Technician10</description>
  <region>1</region>
  <availability>
    <startTime>691</startTime>
    <endTime>1274</endTime>
  </availability>
  <breakTime>
    <startTime>988</startTime>
    <endTime>1297</endTime>
  </breakTime>
  <origin>
    <id>119</id>
    <latitude>26.92795485934811</latitude>
    <longitude>25.60378867204365</longitude>
  </origin>
  <destination>
    <id>119</id>
    <latitude>26.92795485934811</latitude>
    <longitude>25.60378867204365</longitude>
  </destination>
  <capacity>0.0</capacity>
  <skill>0</skill>
</objects.Resource>
