<objects.Task>
  <id>0</id>
  <Description>Task#0</Description>
  <type>T</type>
  <type__id>1</type__id>
  <priority>1</priority>
  <resId>0</resId>
  <serviceTime>42</serviceTime>
  <node>
    <id>0</id>
    <latitude>13.476794146163803</latitude>
    <longitude>21.3340777298267</longitude>
  </node>
  <region>1</region>
  <timeint>
    <startTime>581</startTime>
    <endTime>1120</endTime>
  </timeint>
  <capacity>8.0</capacity>
</objects.Task>
<objects.Task>
  <id>1</id>
  <Description>Task#1</Description>
  <type>T</type>
  <type__id>1</type__id>
  <priority>1</priority>
  <resId>0</resId>
  <serviceTime>38</serviceTime>
  <node>
    <id>1</id>
    <latitude>14.049739511221581</latitude>
    <longitude>21.40432783162944</longitude>
  </node>
  <region>1</region>
  <timeint>
    <startTime>624</startTime>
    <endTime>1218</endTime>
  </timeint>
  <capacity>1.0</capacity>
</objects.Task>
<objects.Task>
  <id>2</id>
  <Description>Task#2</Description>
  <type>T</type>
  <type__id>1</type__id>
  <priority>3</priority>
  <resId>0</resId>
  <serviceTime>51</serviceTime>
  <node>
    <id>2</id>
    <latitude>13.47557900040825</latitude>
    <longitude>21.537844899906798</longitude>
  </node>
  <region>1</region>
  <timeint>
    <startTime>675</startTime>
    <endTime>1102</endTime>
  </timeint>
  <capacity>0.0</capacity>
</objects.Task>
<objects.Task>
  <id>3</id>
  <Description>Task#3</Description>
  <type>T</type>
  <type__id>1</type__id>
  <priority>2</priority>
  <resId>0</resId>
  <serviceTime>41</serviceTime>
  <node>
    <id>3</id>
    <latitude>13.61086564192519</latitude>
    <longitude>21.75112482231771</longitude>
  </node>
  <region>1</region>
  <timeint>
    <startTime>676</startTime>
    <endTime>1265</endTime>
  </timeint>
  <capacity>7.0</capacity>
</objects.Task>
<objects.Task>
  <id>4</id>
  <Description>Task#4</Description>
  <type>T</type>
  <type__id>1</type__id>
  <priority>2</priority>
  <resId>0</resId>
  <serviceTime>37</serviceTime>
  <node>
    <id>4</id>
    <latitude>13.579127254288904</latitude>
    <longitude>21.257083020586567</longitude>
  </node>
  <region>1</region>
  <timeint>
    <startTime>602</startTime>
    <endTime>888</endTime>
  </timeint>
  <capacity>3.0</capacity>
</objects.Task>
<objects.Task>
  <id>5</id>
  <Description>Task#5</Description>
  <type>T</type>
  <type__id>1</type__id>
  <priority>4</priority>
  <resId>0</resId>
  <serviceTime>33</serviceTime>
  <node>
    <id>5</id>
    <latitude>13.918058391905504</latitude>
    <longitude>20.934985448981493</longitude>
  </node>
  <region>1</region>
  <timeint>
    <startTime>570</startTime>
    <endTime>997</endTime>
  </timeint>
  <capacity>0.0</capacity>
</objects.Task>
<objects.Task>
  <id>6</id>
  <Description>Task#6</Description>
  <type>T</type>
  <type__id>1</type__id>
  <priority>4</priority>
  <resId>0</resId>
  <serviceTime>81</serviceTime>
  <node>
    <id>6</id>
    <latitude>12.814636119039394</latitude>
    <longitude>21.240429144950433</longitude>
  </node>
  <region>1</region>
  <timeint>
    <startTime>629</startTime>
    <endTime>991</endTime>
  </timeint>
  <capacity>7.0</capacity>
</objects.Task>
<objects.Task>
  <id>7</id>
  <Description>Task#7</Description>
  <type>T</type>
  <type__id>1</type__id>
  <priority>1</priority>
  <resId>0</resId>
  <serviceTime>82</serviceTime>
  <node>
    <id>7</id>
    <latitude>11.900320391177324</latitude>
    <longitude>22.061553506191462</longitude>
  </node>
  <region>1</region>
  <timeint>
    <startTime>614</startTime>
    <endTime>999</endTime>
  </timeint>
  <capacity>3.0</capacity>
</objects.Task>
<objects.Task>
  <id>8</id>
  <Description>Task#8</Description>
  <type>T</type>
  <type__id>1</type__id>
  <priority>4</priority>
  <resId>0</resId>
  <serviceTime>74</serviceTime>
  <node>
    <id>8</id>
    <latitude>13.530757032403198</latitude>
    <longitude>22.132940060377088</longitude>
  </node>
  <region>1</region>
  <timeint>
    <startTime>673</startTime>
    <endTime>1242</endTime>
  </timeint>
  <capacity>4.0</capacity>
</objects.Task>
<objects.Task>
  <id>9</id>
  <Description>Task#9</Description>
  <type>T</type>
  <type__id>1</type__id>
  <priority>4</priority>
  <resId>0</resId>
  <serviceTime>50</serviceTime>
  <node>
    <id>9</id>
    <latitude>13.669140880751618</latitude>
    <longitude>21.68683058162672</longitude>
  </node>
  <region>1</region>
  <timeint>
    <startTime>526</startTime>
    <endTime>1116</endTime>
  </timeint>
  <capacity>1.0</capacity>
</objects.Task>
<objects.Task>
  <id>10</id>
  <Description>Task#10</Description>
  <type>T</type>
  <type__id>1</type__id>
  <priority>3</priority>
  <resId>0</resId>
  <serviceTime>30</serviceTime>
  <node>
    <id>10</id>
    <latitude>13.757082689431996</latitude>
    <longitude>21.624242878617455</longitude>
  </node>
  <region>1</region>
  <timeint>
    <startTime>596</startTime>
    <endTime>955</endTime>
  </timeint>
  <capacity>5.0</capacity>
</objects.Task>
<objects.Task>
  <id>11</id>
  <Description>Task#11</Description>
  <type>T</type>
  <type__id>1</type__id>
  <priority>1</priority>
  <resId>0</resId>
  <serviceTime>79</serviceTime>
  <node>
    <id>11</id>
    <latitude>13.534371838589902</latitude>
    <longitude>21.647770337536407</longitude>
  </node>
  <region>1</region>
  <timeint>
    <startTime>665</startTime>
    <endTime>907</endTime>
  </timeint>
  <capacity>0.0</capacity>
</objects.Task>
<objects.Task>
  <id>12</id>
  <Description>Task#12</Description>
  <type>T</type>
  <type__id>1</type__id>
  <priority>2</priority>
  <resId>0</resId>
  <serviceTime>41</serviceTime>
  <node>
    <id>12</id>
    <latitude>13.15457122222372</latitude>
    <longitude>20.618641613730126</longitude>
  </node>
  <region>1</region>
  <timeint>
    <startTime>651</startTime>
    <endTime>1212</endTime>
  </timeint>
  <capacity>3.0</capacity>
</objects.Task>
<objects.Task>
  <id>13</id>
  <Description>Task#13</Description>
  <type>T</type>
  <type__id>1</type__id>
  <priority>2</priority>
  <resId>0</resId>
  <serviceTime>55</serviceTime>
  <node>
    <id>13</id>
    <latitude>13.557154143555577</latitude>
    <longitude>21.400922836380857</longitude>
  </node>
  <region>1</region>
  <timeint>
    <startTime>597</startTime>
    <endTime>995</endTime>
  </timeint>
  <capacity>3.0</capacity>
</objects.Task>
<objects.Task>
  <id>14</id>
  <Description>Task#14</Description>
  <type>T</type>
  <type__id>1</type__id>
  <priority>3</priority>
  <resId>0</resId>
  <serviceTime>52</serviceTime>
  <node>
    <id>14</id>
    <latitude>13.906176378707567</latitude>
    <longitude>19.70531006665421</longitude>
  </node>
  <region>1</region>
  <timeint>
    <startTime>533</startTime>
    <endTime>804</endTime>
  </timeint>
  <capacity>4.0</capacity>
</objects.Task>
<objects.Task>
  <id>15</id>
  <Description>Task#15</Description>
  <type>T</type>
  <type__id>1</type__id>
  <priority>4</priority>
  <resId>0</resId>
  <serviceTime>48</serviceTime>
  <node>
    <id>15</id>
    <latitude>13.685832605132946</latitude>
    <longitude>20.903307329421878</longitude>
  </node>
  <region>1</region>
  <timeint>
    <startTime>686</startTime>
    <endTime>1122</endTime>
  </timeint>
  <capacity>6.0</capacity>
</objects.Task>
<objects.Task>
  <id>16</id>
  <Description>Task#16</Description>
  <type>T</type>
  <type__id>1</type__id>
  <priority>1</priority>
  <resId>0</resId>
  <serviceTime>61</serviceTime>
  <node>
    <id>16</id>
    <latitude>13.351954065792345</latitude>
    <longitude>21.317210739816108</longitude>
  </node>
  <region>1</region>
  <timeint>
    <startTime>544</startTime>
    <endTime>1062</endTime>
  </timeint>
  <capacity>0.0</capacity>
</objects.Task>
<objects.Task>
  <id>17</id>
  <Description>Task#17</Description>
  <type>T</type>
  <type__id>1</type__id>
  <priority>4</priority>
  <resId>0</resId>
  <serviceTime>51</serviceTime>
  <node>
    <id>17</id>
    <latitude>13.271382624259685</latitude>
    <longitude>21.55638723671585</longitude>
  </node>
  <region>1</region>
  <timeint>
    <startTime>655</startTime>
    <endTime>1151</endTime>
  </timeint>
  <capacity>2.0</capacity>
</objects.Task>
<objects.Task>
  <id>18</id>
  <Description>Task#18</Description>
  <type>T</type>
  <type__id>1</type__id>
  <priority>1</priority>
  <resId>0</resId>
  <serviceTime>86</serviceTime>
  <node>
    <id>18</id>
    <latitude>14.005285695879197</latitude>
    <longitude>23.7411051004539</longitude>
  </node>
  <region>1</region>
  <timeint>
    <startTime>666</startTime>
    <endTime>1012</endTime>
  </timeint>
  <capacity>3.0</capacity>
</objects.Task>
<objects.Task>
  <id>19</id>
  <Description>Task#19</Description>
  <type>T</type>
  <type__id>1</type__id>
  <priority>1</priority>
  <resId>0</resId>
  <serviceTime>77</serviceTime>
  <node>
    <id>19</id>
    <latitude>13.291818119062778</latitude>
    <longitude>21.508321105294375</longitude>
  </node>
  <region>1</region>
  <timeint>
    <startTime>543</startTime>
    <endTime>787</endTime>
  </timeint>
  <capacity>5.0</capacity>
</objects.Task>
<objects.Task>
  <id>20</id>
  <Description>Task#20</Description>
  <type>T</type>
  <type__id>1</type__id>
  <priority>1</priority>
  <resId>0</resId>
  <serviceTime>47</serviceTime>
  <node>
    <id>20</id>
    <latitude>13.62009558343933</latitude>
    <longitude>21.408338861706394</longitude>
  </node>
  <region>1</region>
  <timeint>
    <startTime>557</startTime>
    <endTime>962</endTime>
  </timeint>
  <capacity>2.0</capacity>
</objects.Task>
<objects.Task>
  <id>21</id>
  <Description>Task#21</Description>
  <type>T</type>
  <type__id>1</type__id>
  <priority>4</priority>
  <resId>0</resId>
  <serviceTime>52</serviceTime>
  <node>
    <id>21</id>
    <latitude>13.214284662003147</latitude>
    <longitude>21.443774795102286</longitude>
  </node>
  <region>1</region>
  <timeint>
    <startTime>640</startTime>
    <endTime>1024</endTime>
  </timeint>
  <capacity>5.0</capacity>
</objects.Task>
<objects.Task>
  <id>22</id>
  <Description>Task#22</Description>
  <type>T</type>
  <type__id>1</type__id>
  <priority>4</priority>
  <resId>0</resId>
  <serviceTime>79</serviceTime>
  <node>
    <id>22</id>
    <latitude>13.114667298697103</latitude>
    <longitude>21.676480523430754</longitude>
  </node>
  <region>1</region>
  <timeint>
    <startTime>552</startTime>
    <endTime>980</endTime>
  </timeint>
  <capacity>8.0</capacity>
</objects.Task>
<objects.Task>
  <id>23</id>
  <Description>Task#23</Description>
  <type>T</type>
  <type__id>1</type__id>
  <priority>1</priority>
  <resId>0</resId>
  <serviceTime>87</serviceTime>
  <node>
    <id>23</id>
    <latitude>13.329391956392964</latitude>
    <longitude>21.50747209625387</longitude>
  </node>
  <region>1</region>
  <timeint>
    <startTime>692</startTime>
    <endTime>1226</endTime>
  </timeint>
  <capacity>1.0</capacity>
</objects.Task>
<objects.Task>
  <id>24</id>
  <Description>Task#24</Description>
  <type>T</type>
  <type__id>1</type__id>
  <priority>2</priority>
  <resId>0</resId>
  <serviceTime>76</serviceTime>
  <node>
    <id>24</id>
    <latitude>13.45675650539876</latitude>
    <longitude>21.194389275208668</longitude>
  </node>
  <region>1</region>
  <timeint>
    <startTime>674</startTime>
    <endTime>1110</endTime>
  </timeint>
  <capacity>6.0</capacity>
</objects.Task>
<objects.Task>
  <id>25</id>
  <Description>Task#25</Description>
  <type>T</type>
  <type__id>1</type__id>
  <priority>2</priority>
  <resId>0</resId>
  <serviceTime>52</serviceTime>
  <node>
    <id>25</id>
    <latitude>4.94607085969508</latitude>
    <longitude>48.3241482927081</longitude>
  </node>
  <region>1</region>
  <timeint>
    <startTime>499</startTime>
    <endTime>1086</endTime>
  </timeint>
  <capacity>1.0</capacity>
</objects.Task>
<objects.Task>
  <id>26</id>
  <Description>Task#26</Description>
  <type>T</type>
  <type__id>1</type__id>
  <priority>1</priority>
  <resId>0</resId>
  <serviceTime>68</serviceTime>
  <node>
    <id>26</id>
    <latitude>6.088308694234999</latitude>
    <longitude>48.60457356305519</longitude>
  </node>
  <region>1</region>
  <timeint>
    <startTime>564</startTime>
    <endTime>960</endTime>
  </timeint>
  <capacity>1.0</capacity>
</objects.Task>
<objects.Task>
  <id>27</id>
  <Description>Task#27</Description>
  <type>T</type>
  <type__id>1</type__id>
  <priority>4</priority>
  <resId>0</resId>
  <serviceTime>73</serviceTime>
  <node>
    <id>27</id>
    <latitude>5.261879265867875</latitude>
    <longitude>48.964847905317974</longitude>
  </node>
  <region>1</region>
  <timeint>
    <startTime>495</startTime>
    <endTime>838</endTime>
  </timeint>
  <capacity>6.0</capacity>
</objects.Task>
<objects.Task>
  <id>28</id>
  <Description>Task#28</Description>
  <type>T</type>
  <type__id>1</type__id>
  <priority>4</priority>
  <resId>0</resId>
  <serviceTime>47</serviceTime>
  <node>
    <id>28</id>
    <latitude>6.16110301109511</latitude>
    <longitude>48.59599624650324</longitude>
  </node>
  <region>1</region>
  <timeint>
    <startTime>489</startTime>
    <endTime>757</endTime>
  </timeint>
  <capacity>4.0</capacity>
</objects.Task>
<objects.Task>
  <id>29</id>
  <Description>Task#29</Description>
  <type>T</type>
  <type__id>1</type__id>
  <priority>3</priority>
  <resId>0</resId>
  <serviceTime>86</serviceTime>
  <node>
    <id>29</id>
    <latitude>4.491873346342303</latitude>
    <longitude>49.15102519182606</longitude>
  </node>
  <region>1</region>
  <timeint>
    <startTime>706</startTime>
    <endTime>1227</endTime>
  </timeint>
  <capacity>2.0</capacity>
</objects.Task>
<objects.Task>
  <id>30</id>
  <Description>Task#30</Description>
  <type>T</type>
  <type__id>1</type__id>
  <priority>3</priority>
  <resId>0</resId>
  <serviceTime>49</serviceTime>
  <node>
    <id>30</id>
    <latitude>4.895685882884505</latitude>
    <longitude>47.993162551182586</longitude>
  </node>
  <region>1</region>
  <timeint>
    <startTime>556</startTime>
    <endTime>1105</endTime>
  </timeint>
  <capacity>6.0</capacity>
</objects.Task>
<objects.Task>
  <id>31</id>
  <Description>Task#31</Description>
  <type>T</type>
  <type__id>1</type__id>
  <priority>4</priority>
  <resId>0</resId>
  <serviceTime>74</serviceTime>
  <node>
    <id>31</id>
    <latitude>5.432423486356215</latitude>
    <longitude>49.48854577148983</longitude>
  </node>
  <region>1</region>
  <timeint>
    <startTime>488</startTime>
    <endTime>896</endTime>
  </timeint>
  <capacity>6.0</capacity>
</objects.Task>
<objects.Task>
  <id>32</id>
  <Description>Task#32</Description>
  <type>T</type>
  <type__id>1</type__id>
  <priority>2</priority>
  <resId>0</resId>
  <serviceTime>42</serviceTime>
  <node>
    <id>32</id>
    <latitude>4.866438733435079</latitude>
    <longitude>48.25863304401698</longitude>
  </node>
  <region>1</region>
  <timeint>
    <startTime>618</startTime>
    <endTime>1092</endTime>
  </timeint>
  <capacity>0.0</capacity>
</objects.Task>
<objects.Task>
  <id>33</id>
  <Description>Task#33</Description>
  <type>T</type>
  <type__id>1</type__id>
  <priority>1</priority>
  <resId>0</resId>
  <serviceTime>82</serviceTime>
  <node>
    <id>33</id>
    <latitude>4.0360786172302765</latitude>
    <longitude>49.113680333364115</longitude>
  </node>
  <region>1</region>
  <timeint>
    <startTime>518</startTime>
    <endTime>1103</endTime>
  </timeint>
  <capacity>8.0</capacity>
</objects.Task>
<objects.Task>
  <id>34</id>
  <Description>Task#34</Description>
  <type>T</type>
  <type__id>1</type__id>
  <priority>1</priority>
  <resId>0</resId>
  <serviceTime>35</serviceTime>
  <node>
    <id>34</id>
    <latitude>5.392605854782046</latitude>
    <longitude>48.283736625458765</longitude>
  </node>
  <region>1</region>
  <timeint>
    <startTime>480</startTime>
    <endTime>1012</endTime>
  </timeint>
  <capacity>6.0</capacity>
</objects.Task>
<objects.Task>
  <id>35</id>
  <Description>Task#35</Description>
  <type>T</type>
  <type__id>1</type__id>
  <priority>4</priority>
  <resId>0</resId>
  <serviceTime>54</serviceTime>
  <node>
    <id>35</id>
    <latitude>6.9117814339015915</latitude>
    <longitude>47.24743214260217</longitude>
  </node>
  <region>1</region>
  <timeint>
    <startTime>508</startTime>
    <endTime>972</endTime>
  </timeint>
  <capacity>5.0</capacity>
</objects.Task>
<objects.Task>
  <id>36</id>
  <Description>Task#36</Description>
  <type>T</type>
  <type__id>1</type__id>
  <priority>4</priority>
  <resId>0</resId>
  <serviceTime>38</serviceTime>
  <node>
    <id>36</id>
    <latitude>4.848836998543585</latitude>
    <longitude>48.291242799412096</longitude>
  </node>
  <region>1</region>
  <timeint>
    <startTime>539</startTime>
    <endTime>944</endTime>
  </timeint>
  <capacity>2.0</capacity>
</objects.Task>
<objects.Task>
  <id>37</id>
  <Description>Task#37</Description>
  <type>T</type>
  <type__id>1</type__id>
  <priority>4</priority>
  <resId>0</resId>
  <serviceTime>49</serviceTime>
  <node>
    <id>37</id>
    <latitude>5.2711605936656065</latitude>
    <longitude>49.05094030463467</longitude>
  </node>
  <region>1</region>
  <timeint>
    <startTime>663</startTime>
    <endTime>1128</endTime>
  </timeint>
  <capacity>0.0</capacity>
</objects.Task>
<objects.Task>
  <id>38</id>
  <Description>Task#38</Description>
  <type>T</type>
  <type__id>1</type__id>
  <priority>1</priority>
  <resId>0</resId>
  <serviceTime>56</serviceTime>
  <node>
    <id>38</id>
    <latitude>4.811168012396186</latitude>
    <longitude>48.26943310648061</longitude>
  </node>
  <region>1</region>
  <timeint>
    <startTime>536</startTime>
    <endTime>1127</endTime>
  </timeint>
  <capacity>9.0</capacity>
</objects.Task>
<objects.Task>
  <id>39</id>
  <Description>Task#39</Description>
  <type>T</type>
  <type__id>1</type__id>
  <priority>2</priority>
  <resId>0</resId>
  <serviceTime>64</serviceTime>
  <node>
    <id>39</id>
    <latitude>4.916931004153932</latitude>
    <longitude>49.75029889999921</longitude>
  </node>
  <region>1</region>
  <timeint>
    <startTime>626</startTime>
    <endTime>1045</endTime>
  </timeint>
  <capacity>1.0</capacity>
</objects.Task>
<objects.Task>
  <id>40</id>
  <Description>Task#40</Description>
  <type>T</type>
  <type__id>1</type__id>
  <priority>4</priority>
  <resId>0</resId>
  <serviceTime>51</serviceTime>
  <node>
    <id>40</id>
    <latitude>5.049295047874821</latitude>
    <longitude>48.221653293494754</longitude>
  </node>
  <region>1</region>
  <timeint>
    <startTime>544</startTime>
    <endTime>916</endTime>
  </timeint>
  <capacity>8.0</capacity>
</objects.Task>
<objects.Task>
  <id>41</id>
  <Description>Task#41</Description>
  <type>T</type>
  <type__id>1</type__id>
  <priority>3</priority>
  <resId>0</resId>
  <serviceTime>61</serviceTime>
  <node>
    <id>41</id>
    <latitude>5.243022508126608</latitude>
    <longitude>48.581052197322364</longitude>
  </node>
  <region>1</region>
  <timeint>
    <startTime>624</startTime>
    <endTime>1097</endTime>
  </timeint>
  <capacity>7.0</capacity>
</objects.Task>
<objects.Task>
  <id>42</id>
  <Description>Task#42</Description>
  <type>T</type>
  <type__id>1</type__id>
  <priority>1</priority>
  <resId>0</resId>
  <serviceTime>31</serviceTime>
  <node>
    <id>42</id>
    <latitude>4.976322782509253</latitude>
    <longitude>47.99693713777934</longitude>
  </node>
  <region>1</region>
  <timeint>
    <startTime>521</startTime>
    <endTime>917</endTime>
  </timeint>
  <capacity>9.0</capacity>
</objects.Task>
<objects.Task>
  <id>43</id>
  <Description>Task#43</Description>
  <type>T</type>
  <type__id>1</type__id>
  <priority>4</priority>
  <resId>0</resId>
  <serviceTime>56</serviceTime>
  <node>
    <id>43</id>
    <latitude>5.2936489206747135</latitude>
    <longitude>48.363606933644505</longitude>
  </node>
  <region>1</region>
  <timeint>
    <startTime>691</startTime>
    <endTime>1112</endTime>
  </timeint>
  <capacity>0.0</capacity>
</objects.Task>
<objects.Task>
  <id>44</id>
  <Description>Task#44</Description>
  <type>T</type>
  <type__id>1</type__id>
  <priority>1</priority>
  <resId>0</resId>
  <serviceTime>30</serviceTime>
  <node>
    <id>44</id>
    <latitude>4.386276578531091</latitude>
    <longitude>47.72032022844516</longitude>
  </node>
  <region>1</region>
  <timeint>
    <startTime>614</startTime>
    <endTime>1024</endTime>
  </timeint>
  <capacity>5.0</capacity>
</objects.Task>
<objects.Task>
  <id>45</id>
  <Description>Task#45</Description>
  <type>T</type>
  <type__id>1</type__id>
  <priority>1</priority>
  <resId>0</resId>
  <serviceTime>76</serviceTime>
  <node>
    <id>45</id>
    <latitude>4.757073176918739</latitude>
    <longitude>48.441857228338534</longitude>
  </node>
  <region>1</region>
  <timeint>
    <startTime>614</startTime>
    <endTime>962</endTime>
  </timeint>
  <capacity>6.0</capacity>
</objects.Task>
<objects.Task>
  <id>46</id>
  <Description>Task#46</Description>
  <type>T</type>
  <type__id>1</type__id>
  <priority>2</priority>
  <resId>0</resId>
  <serviceTime>68</serviceTime>
  <node>
    <id>46</id>
    <latitude>5.747476194806848</latitude>
    <longitude>48.02928765432921</longitude>
  </node>
  <region>1</region>
  <timeint>
    <startTime>574</startTime>
    <endTime>912</endTime>
  </timeint>
  <capacity>1.0</capacity>
</objects.Task>
<objects.Task>
  <id>47</id>
  <Description>Task#47</Description>
  <type>T</type>
  <type__id>1</type__id>
  <priority>2</priority>
  <resId>0</resId>
  <serviceTime>49</serviceTime>
  <node>
    <id>47</id>
    <latitude>4.713920411508125</latitude>
    <longitude>48.049080702827794</longitude>
  </node>
  <region>1</region>
  <timeint>
    <startTime>522</startTime>
    <endTime>876</endTime>
  </timeint>
  <capacity>4.0</capacity>
</objects.Task>
<objects.Task>
  <id>48</id>
  <Description>Task#48</Description>
  <type>T</type>
  <type__id>1</type__id>
  <priority>1</priority>
  <resId>0</resId>
  <serviceTime>44</serviceTime>
  <node>
    <id>48</id>
    <latitude>5.17131322174714</latitude>
    <longitude>48.1989637792567</longitude>
  </node>
  <region>1</region>
  <timeint>
    <startTime>541</startTime>
    <endTime>911</endTime>
  </timeint>
  <capacity>2.0</capacity>
</objects.Task>
<objects.Task>
  <id>49</id>
  <Description>Task#49</Description>
  <type>T</type>
  <type__id>1</type__id>
  <priority>4</priority>
  <resId>0</resId>
  <serviceTime>71</serviceTime>
  <node>
    <id>49</id>
    <latitude>6.232010091496219</latitude>
    <longitude>48.32604199611429</longitude>
  </node>
  <region>1</region>
  <timeint>
    <startTime>585</startTime>
    <endTime>1158</endTime>
  </timeint>
  <capacity>9.0</capacity>
</objects.Task>
<objects.Task>
  <id>50</id>
  <Description>Task#50</Description>
  <type>T</type>
  <type__id>1</type__id>
  <priority>1</priority>
  <resId>0</resId>
  <serviceTime>49</serviceTime>
  <node>
    <id>50</id>
    <latitude>40.0434229332615</latitude>
    <longitude>39.98323153295631</longitude>
  </node>
  <region>1</region>
  <timeint>
    <startTime>566</startTime>
    <endTime>930</endTime>
  </timeint>
  <capacity>2.0</capacity>
</objects.Task>
<objects.Task>
  <id>51</id>
  <Description>Task#51</Description>
  <type>T</type>
  <type__id>1</type__id>
  <priority>1</priority>
  <resId>0</resId>
  <serviceTime>75</serviceTime>
  <node>
    <id>51</id>
    <latitude>41.18037634479296</latitude>
    <longitude>40.43595703039145</longitude>
  </node>
  <region>1</region>
  <timeint>
    <startTime>611</startTime>
    <endTime>944</endTime>
  </timeint>
  <capacity>0.0</capacity>
</objects.Task>
<objects.Task>
  <id>52</id>
  <Description>Task#52</Description>
  <type>T</type>
  <type__id>1</type__id>
  <priority>1</priority>
  <resId>0</resId>
  <serviceTime>36</serviceTime>
  <node>
    <id>52</id>
    <latitude>40.15539188676245</latitude>
    <longitude>40.13990452482116</longitude>
  </node>
  <region>1</region>
  <timeint>
    <startTime>502</startTime>
    <endTime>795</endTime>
  </timeint>
  <capacity>6.0</capacity>
</objects.Task>
<objects.Task>
  <id>53</id>
  <Description>Task#53</Description>
  <type>T</type>
  <type__id>1</type__id>
  <priority>3</priority>
  <resId>0</resId>
  <serviceTime>70</serviceTime>
  <node>
    <id>53</id>
    <latitude>40.11415506851098</latitude>
    <longitude>40.01629724991101</longitude>
  </node>
  <region>1</region>
  <timeint>
    <startTime>574</startTime>
    <endTime>1090</endTime>
  </timeint>
  <capacity>3.0</capacity>
</objects.Task>
<objects.Task>
  <id>54</id>
  <Description>Task#54</Description>
  <type>T</type>
  <type__id>1</type__id>
  <priority>1</priority>
  <resId>0</resId>
  <serviceTime>46</serviceTime>
  <node>
    <id>54</id>
    <latitude>40.11352426978149</latitude>
    <longitude>39.83566611528674</longitude>
  </node>
  <region>1</region>
  <timeint>
    <startTime>672</startTime>
    <endTime>1155</endTime>
  </timeint>
  <capacity>4.0</capacity>
</objects.Task>
<objects.Task>
  <id>55</id>
  <Description>Task#55</Description>
  <type>T</type>
  <type__id>1</type__id>
  <priority>1</priority>
  <resId>0</resId>
  <serviceTime>72</serviceTime>
  <node>
    <id>55</id>
    <latitude>39.81279466946376</latitude>
    <longitude>40.21200106731015</longitude>
  </node>
  <region>1</region>
  <timeint>
    <startTime>484</startTime>
    <endTime>823</endTime>
  </timeint>
  <capacity>7.0</capacity>
</objects.Task>
<objects.Task>
  <id>56</id>
  <Description>Task#56</Description>
  <type>T</type>
  <type__id>1</type__id>
  <priority>4</priority>
  <resId>0</resId>
  <serviceTime>71</serviceTime>
  <node>
    <id>56</id>
    <latitude>39.863512170794785</latitude>
    <longitude>40.03132005820122</longitude>
  </node>
  <region>1</region>
  <timeint>
    <startTime>628</startTime>
    <endTime>937</endTime>
  </timeint>
  <capacity>4.0</capacity>
</objects.Task>
<objects.Task>
  <id>57</id>
  <Description>Task#57</Description>
  <type>T</type>
  <type__id>1</type__id>
  <priority>4</priority>
  <resId>0</resId>
  <serviceTime>63</serviceTime>
  <node>
    <id>57</id>
    <latitude>40.17777087332337</latitude>
    <longitude>40.07220871388532</longitude>
  </node>
  <region>1</region>
  <timeint>
    <startTime>632</startTime>
    <endTime>984</endTime>
  </timeint>
  <capacity>6.0</capacity>
</objects.Task>
<objects.Task>
  <id>58</id>
  <Description>Task#58</Description>
  <type>T</type>
  <type__id>1</type__id>
  <priority>3</priority>
  <resId>0</resId>
  <serviceTime>52</serviceTime>
  <node>
    <id>58</id>
    <latitude>39.87639932750696</latitude>
    <longitude>39.97243265354344</longitude>
  </node>
  <region>1</region>
  <timeint>
    <startTime>657</startTime>
    <endTime>1032</endTime>
  </timeint>
  <capacity>7.0</capacity>
</objects.Task>
<objects.Task>
  <id>59</id>
  <Description>Task#59</Description>
  <type>T</type>
  <type__id>1</type__id>
  <priority>2</priority>
  <resId>0</resId>
  <serviceTime>70</serviceTime>
  <node>
    <id>59</id>
    <latitude>39.56326570794749</latitude>
    <longitude>39.16311465734622</longitude>
  </node>
  <region>1</region>
  <timeint>
    <startTime>670</startTime>
    <endTime>1102</endTime>
  </timeint>
  <capacity>6.0</capacity>
</objects.Task>
<objects.Task>
  <id>60</id>
  <Description>Task#60</Description>
  <type>T</type>
  <type__id>1</type__id>
  <priority>4</priority>
  <resId>0</resId>
  <serviceTime>38</serviceTime>
  <node>
    <id>60</id>
    <latitude>40.40322579923305</latitude>
    <longitude>39.898013836750685</longitude>
  </node>
  <region>1</region>
  <timeint>
    <startTime>621</startTime>
    <endTime>1012</endTime>
  </timeint>
  <capacity>9.0</capacity>
</objects.Task>
<objects.Task>
  <id>61</id>
  <Description>Task#61</Description>
  <type>T</type>
  <type__id>1</type__id>
  <priority>1</priority>
  <resId>0</resId>
  <serviceTime>75</serviceTime>
  <node>
    <id>61</id>
    <latitude>39.56588569982288</latitude>
    <longitude>39.21007055562719</longitude>
  </node>
  <region>1</region>
  <timeint>
    <startTime>527</startTime>
    <endTime>1111</endTime>
  </timeint>
  <capacity>2.0</capacity>
</objects.Task>
<objects.Task>
  <id>62</id>
  <Description>Task#62</Description>
  <type>T</type>
  <type__id>1</type__id>
  <priority>1</priority>
  <resId>0</resId>
  <serviceTime>71</serviceTime>
  <node>
    <id>62</id>
    <latitude>39.408623663074</latitude>
    <longitude>39.985114815260516</longitude>
  </node>
  <region>1</region>
  <timeint>
    <startTime>659</startTime>
    <endTime>1205</endTime>
  </timeint>
  <capacity>6.0</capacity>
</objects.Task>
<objects.Task>
  <id>63</id>
  <Description>Task#63</Description>
  <type>T</type>
  <type__id>1</type__id>
  <priority>4</priority>
  <resId>0</resId>
  <serviceTime>84</serviceTime>
  <node>
    <id>63</id>
    <latitude>39.979432659847895</latitude>
    <longitude>39.94223894969599</longitude>
  </node>
  <region>1</region>
  <timeint>
    <startTime>700</startTime>
    <endTime>1086</endTime>
  </timeint>
  <capacity>2.0</capacity>
</objects.Task>
<objects.Task>
  <id>64</id>
  <Description>Task#64</Description>
  <type>T</type>
  <type__id>1</type__id>
  <priority>2</priority>
  <resId>0</resId>
  <serviceTime>78</serviceTime>
  <node>
    <id>64</id>
    <latitude>40.19005629951757</latitude>
    <longitude>39.92521471653474</longitude>
  </node>
  <region>1</region>
  <timeint>
    <startTime>680</startTime>
    <endTime>1276</endTime>
  </timeint>
  <capacity>2.0</capacity>
</objects.Task>
<objects.Task>
  <id>65</id>
  <Description>Task#65</Description>
  <type>T</type>
  <type__id>1</type__id>
  <priority>2</priority>
  <resId>0</resId>
  <serviceTime>45</serviceTime>
  <node>
    <id>65</id>
    <latitude>39.673957759027445</latitude>
    <longitude>40.11916833626988</longitude>
  </node>
  <region>1</region>
  <timeint>
    <startTime>496</startTime>
    <endTime>826</endTime>
  </timeint>
  <capacity>3.0</capacity>
</objects.Task>
<objects.Task>
  <id>66</id>
  <Description>Task#66</Description>
  <type>T</type>
  <type__id>1</type__id>
  <priority>1</priority>
  <resId>0</resId>
  <serviceTime>56</serviceTime>
  <node>
    <id>66</id>
    <latitude>40.06737979154431</latitude>
    <longitude>39.93473675813585</longitude>
  </node>
  <region>1</region>
  <timeint>
    <startTime>629</startTime>
    <endTime>924</endTime>
  </timeint>
  <capacity>4.0</capacity>
</objects.Task>
<objects.Task>
  <id>67</id>
  <Description>Task#67</Description>
  <type>T</type>
  <type__id>1</type__id>
  <priority>3</priority>
  <resId>0</resId>
  <serviceTime>78</serviceTime>
  <node>
    <id>67</id>
    <latitude>39.99326013745378</latitude>
    <longitude>40.421209099976316</longitude>
  </node>
  <region>1</region>
  <timeint>
    <startTime>609</startTime>
    <endTime>961</endTime>
  </timeint>
  <capacity>9.0</capacity>
</objects.Task>
<objects.Task>
  <id>68</id>
  <Description>Task#68</Description>
  <type>T</type>
  <type__id>1</type__id>
  <priority>4</priority>
  <resId>0</resId>
  <serviceTime>31</serviceTime>
  <node>
    <id>68</id>
    <latitude>40.031859507394955</latitude>
    <longitude>39.996718914196336</longitude>
  </node>
  <region>1</region>
  <timeint>
    <startTime>540</startTime>
    <endTime>1084</endTime>
  </timeint>
  <capacity>6.0</capacity>
</objects.Task>
<objects.Task>
  <id>69</id>
  <Description>Task#69</Description>
  <type>T</type>
  <type__id>1</type__id>
  <priority>2</priority>
  <resId>0</resId>
  <serviceTime>49</serviceTime>
  <node>
    <id>69</id>
    <latitude>40.182473691267205</latitude>
    <longitude>40.20269946194119</longitude>
  </node>
  <region>1</region>
  <timeint>
    <startTime>545</startTime>
    <endTime>786</endTime>
  </timeint>
  <capacity>4.0</capacity>
</objects.Task>
<objects.Task>
  <id>70</id>
  <Description>Task#70</Description>
  <type>T</type>
  <type__id>1</type__id>
  <priority>3</priority>
  <resId>0</resId>
  <serviceTime>87</serviceTime>
  <node>
    <id>70</id>
    <latitude>40.02183331125811</latitude>
    <longitude>40.112262991069855</longitude>
  </node>
  <region>1</region>
  <timeint>
    <startTime>634</startTime>
    <endTime>1018</endTime>
  </timeint>
  <capacity>9.0</capacity>
</objects.Task>
<objects.Task>
  <id>71</id>
  <Description>Task#71</Description>
  <type>T</type>
  <type__id>1</type__id>
  <priority>1</priority>
  <resId>0</resId>
  <serviceTime>47</serviceTime>
  <node>
    <id>71</id>
    <latitude>39.67102438359306</latitude>
    <longitude>40.06697419073424</longitude>
  </node>
  <region>1</region>
  <timeint>
    <startTime>515</startTime>
    <endTime>904</endTime>
  </timeint>
  <capacity>5.0</capacity>
</objects.Task>
<objects.Task>
  <id>72</id>
  <Description>Task#72</Description>
  <type>T</type>
  <type__id>1</type__id>
  <priority>1</priority>
  <resId>0</resId>
  <serviceTime>76</serviceTime>
  <node>
    <id>72</id>
    <latitude>39.67117850818724</latitude>
    <longitude>38.9648495677635</longitude>
  </node>
  <region>1</region>
  <timeint>
    <startTime>504</startTime>
    <endTime>1097</endTime>
  </timeint>
  <capacity>9.0</capacity>
</objects.Task>
<objects.Task>
  <id>73</id>
  <Description>Task#73</Description>
  <type>T</type>
  <type__id>1</type__id>
  <priority>4</priority>
  <resId>0</resId>
  <serviceTime>74</serviceTime>
  <node>
    <id>73</id>
    <latitude>40.28843764528983</latitude>
    <longitude>40.42165646205616</longitude>
  </node>
  <region>1</region>
  <timeint>
    <startTime>494</startTime>
    <endTime>1043</endTime>
  </timeint>
  <capacity>9.0</capacity>
</objects.Task>
<objects.Task>
  <id>74</id>
  <Description>Task#74</Description>
  <type>T</type>
  <type__id>1</type__id>
  <priority>3</priority>
  <resId>0</resId>
  <serviceTime>75</serviceTime>
  <node>
    <id>74</id>
    <latitude>40.09605582436664</latitude>
    <longitude>39.98387500807621</longitude>
  </node>
  <region>1</region>
  <timeint>
    <startTime>674</startTime>
    <endTime>1163</endTime>
  </timeint>
  <capacity>4.0</capacity>
</objects.Task>
<objects.Task>
  <id>75</id>
  <Description>Task#75</Description>
  <type>T</type>
  <type__id>1</type__id>
  <priority>3</priority>
  <resId>0</resId>
  <serviceTime>84</serviceTime>
  <node>
    <id>75</id>
    <latitude>29.770005314687996</latitude>
    <longitude>8.000591106699565</longitude>
  </node>
  <region>1</region>
  <timeint>
    <startTime>558</startTime>
    <endTime>905</endTime>
  </timeint>
  <capacity>6.0</capacity>
</objects.Task>
<objects.Task>
  <id>76</id>
  <Description>Task#76</Description>
  <type>T</type>
  <type__id>1</type__id>
  <priority>2</priority>
  <resId>0</resId>
  <serviceTime>56</serviceTime>
  <node>
    <id>76</id>
    <latitude>27.46414730678066</latitude>
    <longitude>5.480290886264215</longitude>
  </node>
  <region>1</region>
  <timeint>
    <startTime>507</startTime>
    <endTime>835</endTime>
  </timeint>
  <capacity>8.0</capacity>
</objects.Task>
<objects.Task>
  <id>77</id>
  <Description>Task#77</Description>
  <type>T</type>
  <type__id>1</type__id>
  <priority>4</priority>
  <resId>0</resId>
  <serviceTime>79</serviceTime>
  <node>
    <id>77</id>
    <latitude>29.547844528991167</latitude>
    <longitude>7.925246014053286</longitude>
  </node>
  <region>1</region>
  <timeint>
    <startTime>688</startTime>
    <endTime>1040</endTime>
  </timeint>
  <capacity>9.0</capacity>
</objects.Task>
<objects.Task>
  <id>78</id>
  <Description>Task#78</Description>
  <type>T</type>
  <type__id>1</type__id>
  <priority>2</priority>
  <resId>0</resId>
  <serviceTime>43</serviceTime>
  <node>
    <id>78</id>
    <latitude>29.723298466897102</latitude>
    <longitude>7.96614019080745</longitude>
  </node>
  <region>1</region>
  <timeint>
    <startTime>682</startTime>
    <endTime>1028</endTime>
  </timeint>
  <capacity>6.0</capacity>
</objects.Task>
<objects.Task>
  <id>79</id>
  <Description>Task#79</Description>
  <type>T</type>
  <type__id>1</type__id>
  <priority>2</priority>
  <resId>0</resId>
  <serviceTime>84</serviceTime>
  <node>
    <id>79</id>
    <latitude>30.29491651895701</latitude>
    <longitude>7.845229975555688</longitude>
  </node>
  <region>1</region>
  <timeint>
    <startTime>610</startTime>
    <endTime>1024</endTime>
  </timeint>
  <capacity>7.0</capacity>
</objects.Task>
<objects.Task>
  <id>80</id>
  <Description>Task#80</Description>
  <type>T</type>
  <type__id>1</type__id>
  <priority>4</priority>
  <resId>0</resId>
  <serviceTime>42</serviceTime>
  <node>
    <id>80</id>
    <latitude>31.357194356843415</latitude>
    <longitude>8.844541994555913</longitude>
  </node>
  <region>1</region>
  <timeint>
    <startTime>547</startTime>
    <endTime>964</endTime>
  </timeint>
  <capacity>0.0</capacity>
</objects.Task>
<objects.Task>
  <id>81</id>
  <Description>Task#81</Description>
  <type>T</type>
  <type__id>1</type__id>
  <priority>4</priority>
  <resId>0</resId>
  <serviceTime>79</serviceTime>
  <node>
    <id>81</id>
    <latitude>29.707164762171818</latitude>
    <longitude>8.004387496215388</longitude>
  </node>
  <region>1</region>
  <timeint>
    <startTime>585</startTime>
    <endTime>1123</endTime>
  </timeint>
  <capacity>1.0</capacity>
</objects.Task>
<objects.Task>
  <id>82</id>
  <Description>Task#82</Description>
  <type>T</type>
  <type__id>1</type__id>
  <priority>1</priority>
  <resId>0</resId>
  <serviceTime>68</serviceTime>
  <node>
    <id>82</id>
    <latitude>29.775741831127085</latitude>
    <longitude>7.971632870106545</longitude>
  </node>
  <region>1</region>
  <timeint>
    <startTime>518</startTime>
    <endTime>928</endTime>
  </timeint>
  <capacity>6.0</capacity>
</objects.Task>
<objects.Task>
  <id>83</id>
  <Description>Task#83</Description>
  <type>T</type>
  <type__id>1</type__id>
  <priority>1</priority>
  <resId>0</resId>
  <serviceTime>33</serviceTime>
  <node>
    <id>83</id>
    <latitude>29.516385720904278</latitude>
    <longitude>8.330591763181168</longitude>
  </node>
  <region>1</region>
  <timeint>
    <startTime>578</startTime>
    <endTime>1130</endTime>
  </timeint>
  <capacity>1.0</capacity>
</objects.Task>
<objects.Task>
  <id>84</id>
  <Description>Task#84</Description>
  <type>T</type>
  <type__id>1</type__id>
  <priority>3</priority>
  <resId>0</resId>
  <serviceTime>64</serviceTime>
  <node>
    <id>84</id>
    <latitude>29.08462058263234</latitude>
    <longitude>7.643763764360535</longitude>
  </node>
  <region>1</region>
  <timeint>
    <startTime>587</startTime>
    <endTime>1119</endTime>
  </timeint>
  <capacity>2.0</capacity>
</objects.Task>
<objects.Task>
  <id>85</id>
  <Description>Task#85</Description>
  <type>T</type>
  <type__id>1</type__id>
  <priority>1</priority>
  <resId>0</resId>
  <serviceTime>45</serviceTime>
  <node>
    <id>85</id>
    <latitude>29.89192385599188</latitude>
    <longitude>8.05147975914615</longitude>
  </node>
  <region>1</region>
  <timeint>
    <startTime>678</startTime>
    <endTime>1265</endTime>
  </timeint>
  <capacity>0.0</capacity>
</objects.Task>
<objects.Task>
  <id>86</id>
  <Description>Task#86</Description>
  <type>T</type>
  <type__id>1</type__id>
  <priority>1</priority>
  <resId>0</resId>
  <serviceTime>53</serviceTime>
  <node>
    <id>86</id>
    <latitude>29.30751825543328</latitude>
    <longitude>8.599054967563207</longitude>
  </node>
  <region>1</region>
  <timeint>
    <startTime>683</startTime>
    <endTime>1027</endTime>
  </timeint>
  <capacity>7.0</capacity>
</objects.Task>
<objects.Task>
  <id>87</id>
  <Description>Task#87</Description>
  <type>T</type>
  <type__id>1</type__id>
  <priority>3</priority>
  <resId>0</resId>
  <serviceTime>65</serviceTime>
  <node>
    <id>87</id>
    <latitude>29.814844810947662</latitude>
    <longitude>7.928804753933419</longitude>
  </node>
  <region>1</region>
  <timeint>
    <startTime>714</startTime>
    <endTime>1301</endTime>
  </timeint>
  <capacity>5.0</capacity>
</objects.Task>
<objects.Task>
  <id>88</id>
  <Description>Task#88</Description>
  <type>T</type>
  <type__id>1</type__id>
  <priority>3</priority>
  <resId>0</resId>
  <serviceTime>88</serviceTime>
  <node>
    <id>88</id>
    <latitude>29.74399027584685</latitude>
    <longitude>7.063886504185398</longitude>
  </node>
  <region>1</region>
  <timeint>
    <startTime>677</startTime>
    <endTime>1273</endTime>
  </timeint>
  <capacity>5.0</capacity>
</objects.Task>
<objects.Task>
  <id>89</id>
  <Description>Task#89</Description>
  <type>T</type>
  <type__id>1</type__id>
  <priority>4</priority>
  <resId>0</resId>
  <serviceTime>82</serviceTime>
  <node>
    <id>89</id>
    <latitude>30.278023646450997</latitude>
    <longitude>8.560891430493186</longitude>
  </node>
  <region>1</region>
  <timeint>
    <startTime>694</startTime>
    <endTime>1009</endTime>
  </timeint>
  <capacity>5.0</capacity>
</objects.Task>
<objects.Task>
  <id>90</id>
  <Description>Task#90</Description>
  <type>T</type>
  <type__id>1</type__id>
  <priority>2</priority>
  <resId>0</resId>
  <serviceTime>39</serviceTime>
  <node>
    <id>90</id>
    <latitude>29.6144115905051</latitude>
    <longitude>8.348116323501856</longitude>
  </node>
  <region>1</region>
  <timeint>
    <startTime>497</startTime>
    <endTime>813</endTime>
  </timeint>
  <capacity>3.0</capacity>
</objects.Task>
<objects.Task>
  <id>91</id>
  <Description>Task#91</Description>
  <type>T</type>
  <type__id>1</type__id>
  <priority>2</priority>
  <resId>0</resId>
  <serviceTime>49</serviceTime>
  <node>
    <id>91</id>
    <latitude>30.90734745565535</latitude>
    <longitude>8.790853888424405</longitude>
  </node>
  <region>1</region>
  <timeint>
    <startTime>504</startTime>
    <endTime>1020</endTime>
  </timeint>
  <capacity>2.0</capacity>
</objects.Task>
<objects.Task>
  <id>92</id>
  <Description>Task#92</Description>
  <type>T</type>
  <type__id>1</type__id>
  <priority>1</priority>
  <resId>0</resId>
  <serviceTime>40</serviceTime>
  <node>
    <id>92</id>
    <latitude>29.69238254744147</latitude>
    <longitude>7.767294097463466</longitude>
  </node>
  <region>1</region>
  <timeint>
    <startTime>632</startTime>
    <endTime>880</endTime>
  </timeint>
  <capacity>4.0</capacity>
</objects.Task>
<objects.Task>
  <id>93</id>
  <Description>Task#93</Description>
  <type>T</type>
  <type__id>1</type__id>
  <priority>3</priority>
  <resId>0</resId>
  <serviceTime>84</serviceTime>
  <node>
    <id>93</id>
    <latitude>29.363842782802642</latitude>
    <longitude>7.067402917786767</longitude>
  </node>
  <region>1</region>
  <timeint>
    <startTime>654</startTime>
    <endTime>1189</endTime>
  </timeint>
  <capacity>8.0</capacity>
</objects.Task>
<objects.Task>
  <id>94</id>
  <Description>Task#94</Description>
  <type>T</type>
  <type__id>1</type__id>
  <priority>3</priority>
  <resId>0</resId>
  <serviceTime>55</serviceTime>
  <node>
    <id>94</id>
    <latitude>29.70569860054093</latitude>
    <longitude>8.040934219591954</longitude>
  </node>
  <region>1</region>
  <timeint>
    <startTime>688</startTime>
    <endTime>1200</endTime>
  </timeint>
  <capacity>2.0</capacity>
</objects.Task>
<objects.Task>
  <id>95</id>
  <Description>Task#95</Description>
  <type>T</type>
  <type__id>1</type__id>
  <priority>4</priority>
  <resId>0</resId>
  <serviceTime>76</serviceTime>
  <node>
    <id>95</id>
    <latitude>29.931396544663464</latitude>
    <longitude>8.042410232720284</longitude>
  </node>
  <region>1</region>
  <timeint>
    <startTime>573</startTime>
    <endTime>1100</endTime>
  </timeint>
  <capacity>7.0</capacity>
</objects.Task>
<objects.Task>
  <id>96</id>
  <Description>Task#96</Description>
  <type>T</type>
  <type__id>1</type__id>
  <priority>4</priority>
  <resId>0</resId>
  <serviceTime>77</serviceTime>
  <node>
    <id>96</id>
    <latitude>28.729830634175194</latitude>
    <longitude>7.591646880447554</longitude>
  </node>
  <region>1</region>
  <timeint>
    <startTime>556</startTime>
    <endTime>803</endTime>
  </timeint>
  <capacity>7.0</capacity>
</objects.Task>
<objects.Task>
  <id>97</id>
  <Description>Task#97</Description>
  <type>T</type>
  <type__id>1</type__id>
  <priority>1</priority>
  <resId>0</resId>
  <serviceTime>33</serviceTime>
  <node>
    <id>97</id>
    <latitude>29.9590619455895</latitude>
    <longitude>8.046045898280596</longitude>
  </node>
  <region>1</region>
  <timeint>
    <startTime>661</startTime>
    <endTime>986</endTime>
  </timeint>
  <capacity>7.0</capacity>
</objects.Task>
<objects.Task>
  <id>98</id>
  <Description>Task#98</Description>
  <type>T</type>
  <type__id>1</type__id>
  <priority>3</priority>
  <resId>0</resId>
  <serviceTime>30</serviceTime>
  <node>
    <id>98</id>
    <latitude>29.727395080238704</latitude>
    <longitude>7.981108274198398</longitude>
  </node>
  <region>1</region>
  <timeint>
    <startTime>613</startTime>
    <endTime>1055</endTime>
  </timeint>
  <capacity>7.0</capacity>
</objects.Task>
<objects.Task>
  <id>99</id>
  <Description>Task#99</Description>
  <type>T</type>
  <type__id>1</type__id>
  <priority>3</priority>
  <resId>0</resId>
  <serviceTime>56</serviceTime>
  <node>
    <id>99</id>
    <latitude>30.093915031308573</latitude>
    <longitude>8.218937207223394</longitude>
  </node>
  <region>1</region>
  <timeint>
    <startTime>685</startTime>
    <endTime>968</endTime>
  </timeint>
  <capacity>7.0</capacity>
</objects.Task>
<objects.Resource>
  <id>1</id>
  <description>Technician1</description>
  <region>1</region>
  <availability>
    <startTime>526</startTime>
    <endTime>1046</endTime>
  </availability>
  <breakTime>
    <startTime>892</startTime>
    <endTime>1398</endTime>
  </breakTime>
  <origin>
    <id>101</id>
    <latitude>23.013824860971212</latitude>
    <longitude>24.85081969671856</longitude>
  </origin>
  <destination>
    <id>101</id>
    <latitude>23.013824860971212</latitude>
    <longitude>24.85081969671856</longitude>
  </destination>
  <capacity>0.0</capacity>
  <skill>0</skill>
</objects.Resource>
<objects.Resource>
  <id>2</id>
  <description>Technician2</description>
  <region>1</region>
  <availability>
    <startTime>529</startTime>
    <endTime>1031</endTime>
  </availability>
  <breakTime>
    <startTime>913</startTime>
    <endTime>1318</endTime>
  </breakTime>
  <origin>
    <id>103</id>
    <latitude>23.864101779243306</latitude>
    <longitude>25.706324677703225</longitude>
  </origin>
  <destination>
    <id>103</id>
    <latitude>23.864101779243306</latitude>
    <longitude>25.706324677703225</longitude>
  </destination>
  <capacity>0.0</capacity>
  <skill>9</skill>
</objects.Resource>
<objects.Resource>
  <id>3</id>
  <description>Technician3</description>
  <region>1</region>
  <availability>
    <startTime>557</startTime>
    <endTime>1094</endTime>
  </availability>
  <breakTime>
    <startTime>943</startTime>
    <endTime>1137</endTime>
  </breakTime>
  <origin>
    <id>105</id>
    <latitude>25.509929477280195</latitude>
    <longitude>23.198644505358285</longitude>
  </origin>
  <destination>
    <id>105</id>
    <latitude>25.509929477280195</latitude>
    <longitude>23.198644505358285</longitude>
  </destination>
  <capacity>0.0</capacity>
  <skill>9</skill>
</objects.Resource>
<objects.Resource>
  <id>4</id>
  <description>Technician4</description>
  <region>1</region>
  <availability>
    <startTime>607</startTime>
    <endTime>1167</endTime>
  </availability>
  <breakTime>
    <startTime>877</startTime>
    <endTime>1423</endTime>
  </breakTime>
  <origin>
    <id>107</id>
    <latitude>25.777193500003882</latitude>
    <longitude>26.929139157565544</longitude>
  </origin>
  <destination>
    <id>107</id>
    <latitude>25.777193500003882</latitude>
    <longitude>26.929139157565544</longitude>
  </destination>
  <capacity>0.0</capacity>
  <skill>3</skill>
</objects.Resource>
<objects.Resource>
  <id>5</id>
  <description>Technician5</description>
  <region>1</region>
  <availability>
    <startTime>603</startTime>
    <endTime>1108</endTime>
  </availability>
  <breakTime>
    <startTime>916</startTime>
    <endTime>1383</endTime>
  </breakTime>
  <origin>
    <id>109</id>
    <latitude>23.784685728795615</latitude>
    <longitude>24.606195887202137</longitude>
  </origin>
  <destination>
    <id>109</id>
    <latitude>23.784685728795615</latitude>
    <longitude>24.606195887202137</longitude>
  </destination>
  <capacity>0.0</capacity>
  <skill>8</skill>
</objects.Resource>
<objects.Resource>
  <id>6</id>
  <description>Technician6</description>
  <region>1</region>
  <availability>
    <startTime>589</startTime>
    <endTime>1089</endTime>
  </availability>
  <breakTime>
    <startTime>898</startTime>
    <endTime>1132</endTime>
  </breakTime>
  <origin>
    <id>111</id>
    <latitude>25.51286192581008</latitude>
    <longitude>23.622784504731655</longitude>
  </origin>
  <destination>
    <id>111</id>
    <latitude>25.51286192581008</latitude>
    <longitude>23.622784504731655</longitude>
  </destination>
  <capacity>0.0</capacity>
  <skill>8</skill>
</objects.Resource>
<objects.Resource>
  <id>7</id>
  <description>Technician7</description>
  <region>1</region>
  <availability>
    <startTime>675</startTime>
    <endTime>1166</endTime>
  </availability>
  <breakTime>
    <startTime>1083</startTime>
    <endTime>1523</endTime>
  </breakTime>
  <origin>
    <id>113</id>
    <latitude>23.762478904350733</latitude>
    <longitude>25.033498583113193</longitude>
  </origin>
  <destination>
    <id>113</id>
    <latitude>23.762478904350733</latitude>
    <longitude>25.033498583113193</longitude>
  </destination>
  <capacity>0.0</capacity>
  <skill>0</skill>
</objects.Resource>
<objects.Resource>
  <id>8</id>
  <description>Technician8</description>
  <region>1</region>
  <availability>
    <startTime>654</startTime>
    <endTime>1243</endTime>
  </availability>
  <breakTime>
    <startTime>896</startTime>
    <endTime>1389</endTime>
  </breakTime>
  <origin>
    <id>115</id>
    <latitude>25.117481701343586</latitude>
    <longitude>25.23567855638294</longitude>
  </origin>
  <destination>
    <id>115</id>
    <latitude>25.117481701343586</latitude>
    <longitude>25.23567855638294</longitude>
  </destination>
  <capacity>0.0</capacity>
  <skill>5</skill>
</objects.Resource>
<objects.Resource>
  <id>9</id>
  <description>Technician9</description>
  <region>1</region>
  <availability>
    <startTime>553</startTime>
    <endTime>1097</endTime>
  </availability>
  <breakTime>
    <startTime>986</startTime>
    <endTime>1102</endTime>
  </breakTime>
  <origin>
    <id>117</id>
    <latitude>24.662883041499335</latitude>
    <longitude>24.07939713271516</longitude>
  </origin>
  <destination>
    <id>117</id>
    <latitude>24.662883041499335</latitude>
    <longitude>24.07939713271516</longitude>
  </destination>
  <capacity>0.0</capacity>
  <skill>3</skill>
</objects.Resource>
<objects.Resource>
  <id>10</id>
  <description>Technician10</description>
  <region>1</region>
  <availability>
    <startTime>572</startTime>
    <endTime>1133</endTime>
  </availability>
  <breakTime>
    <startTime>851</startTime>
    <endTime>1006</endTime>
  </breakTime>
  <origin>
    <id>119</id>
    <latitude>23.991472564761892</latitude>
    <longitude>23.082756694405873</longitude>
  </origin>
  <destination>
    <id>119</id>
    <latitude>23.991472564761892</latitude>
    <longitude>23.082756694405873</longitude>
  </destination>
  <capacity>0.0</capacity>
  <skill>2</skill>
</objects.Resource>
