<objects.Task>
  <id>0</id>
  <Description>Task#0</Description>
  <type>T</type>
  <type__id>1</type__id>
  <priority>1</priority>
  <resId>0</resId>
  <serviceTime>52</serviceTime>
  <node>
    <id>0</id>
    <latitude>17.702173462799795</latitude>
    <longitude>23.691732170523</longitude>
  </node>
  <region>1</region>
  <timeint>
    <startTime>639</startTime>
    <endTime>1217</endTime>
  </timeint>
  <capacity>8.0</capacity>
</objects.Task>
<objects.Task>
  <id>1</id>
  <Description>Task#1</Description>
  <type>T</type>
  <type__id>1</type__id>
  <priority>1</priority>
  <resId>0</resId>
  <serviceTime>72</serviceTime>
  <node>
    <id>1</id>
    <latitude>18.438365699871138</latitude>
    <longitude>23.64050188090671</longitude>
  </node>
  <region>1</region>
  <timeint>
    <startTime>533</startTime>
    <endTime>913</endTime>
  </timeint>
  <capacity>7.0</capacity>
</objects.Task>
<objects.Task>
  <id>2</id>
  <Description>Task#2</Description>
  <type>T</type>
  <type__id>1</type__id>
  <priority>1</priority>
  <resId>0</resId>
  <serviceTime>60</serviceTime>
  <node>
    <id>2</id>
    <latitude>15.967559045629674</latitude>
    <longitude>26.812785301988256</longitude>
  </node>
  <region>1</region>
  <timeint>
    <startTime>490</startTime>
    <endTime>929</endTime>
  </timeint>
  <capacity>3.0</capacity>
</objects.Task>
<objects.Task>
  <id>3</id>
  <Description>Task#3</Description>
  <type>T</type>
  <type__id>1</type__id>
  <priority>4</priority>
  <resId>0</resId>
  <serviceTime>87</serviceTime>
  <node>
    <id>3</id>
    <latitude>13.917158468921745</latitude>
    <longitude>23.8859369515099</longitude>
  </node>
  <region>1</region>
  <timeint>
    <startTime>549</startTime>
    <endTime>840</endTime>
  </timeint>
  <capacity>9.0</capacity>
</objects.Task>
<objects.Task>
  <id>4</id>
  <Description>Task#4</Description>
  <type>T</type>
  <type__id>1</type__id>
  <priority>3</priority>
  <resId>0</resId>
  <serviceTime>49</serviceTime>
  <node>
    <id>4</id>
    <latitude>16.42661376805234</latitude>
    <longitude>24.089231458803262</longitude>
  </node>
  <region>1</region>
  <timeint>
    <startTime>673</startTime>
    <endTime>1062</endTime>
  </timeint>
  <capacity>4.0</capacity>
</objects.Task>
<objects.Task>
  <id>5</id>
  <Description>Task#5</Description>
  <type>T</type>
  <type__id>1</type__id>
  <priority>4</priority>
  <resId>0</resId>
  <serviceTime>71</serviceTime>
  <node>
    <id>5</id>
    <latitude>16.441005305550114</latitude>
    <longitude>24.246705528000142</longitude>
  </node>
  <region>1</region>
  <timeint>
    <startTime>561</startTime>
    <endTime>956</endTime>
  </timeint>
  <capacity>6.0</capacity>
</objects.Task>
<objects.Task>
  <id>6</id>
  <Description>Task#6</Description>
  <type>T</type>
  <type__id>1</type__id>
  <priority>2</priority>
  <resId>0</resId>
  <serviceTime>69</serviceTime>
  <node>
    <id>6</id>
    <latitude>16.821449454646036</latitude>
    <longitude>24.325621493521062</longitude>
  </node>
  <region>1</region>
  <timeint>
    <startTime>651</startTime>
    <endTime>1228</endTime>
  </timeint>
  <capacity>1.0</capacity>
</objects.Task>
<objects.Task>
  <id>7</id>
  <Description>Task#7</Description>
  <type>T</type>
  <type__id>1</type__id>
  <priority>2</priority>
  <resId>0</resId>
  <serviceTime>60</serviceTime>
  <node>
    <id>7</id>
    <latitude>16.369307734197655</latitude>
    <longitude>24.24591609638233</longitude>
  </node>
  <region>1</region>
  <timeint>
    <startTime>680</startTime>
    <endTime>1031</endTime>
  </timeint>
  <capacity>4.0</capacity>
</objects.Task>
<objects.Task>
  <id>8</id>
  <Description>Task#8</Description>
  <type>T</type>
  <type__id>1</type__id>
  <priority>1</priority>
  <resId>0</resId>
  <serviceTime>60</serviceTime>
  <node>
    <id>8</id>
    <latitude>16.646646775853792</latitude>
    <longitude>24.41339856242661</longitude>
  </node>
  <region>1</region>
  <timeint>
    <startTime>714</startTime>
    <endTime>976</endTime>
  </timeint>
  <capacity>8.0</capacity>
</objects.Task>
<objects.Task>
  <id>9</id>
  <Description>Task#9</Description>
  <type>T</type>
  <type__id>1</type__id>
  <priority>3</priority>
  <resId>0</resId>
  <serviceTime>66</serviceTime>
  <node>
    <id>9</id>
    <latitude>15.72805368385019</latitude>
    <longitude>25.157267556702692</longitude>
  </node>
  <region>1</region>
  <timeint>
    <startTime>640</startTime>
    <endTime>1046</endTime>
  </timeint>
  <capacity>2.0</capacity>
</objects.Task>
<objects.Task>
  <id>10</id>
  <Description>Task#10</Description>
  <type>T</type>
  <type__id>1</type__id>
  <priority>3</priority>
  <resId>0</resId>
  <serviceTime>54</serviceTime>
  <node>
    <id>10</id>
    <latitude>20.79048035081388</latitude>
    <longitude>22.30900346578095</longitude>
  </node>
  <region>1</region>
  <timeint>
    <startTime>579</startTime>
    <endTime>923</endTime>
  </timeint>
  <capacity>1.0</capacity>
</objects.Task>
<objects.Task>
  <id>11</id>
  <Description>Task#11</Description>
  <type>T</type>
  <type__id>1</type__id>
  <priority>2</priority>
  <resId>0</resId>
  <serviceTime>76</serviceTime>
  <node>
    <id>11</id>
    <latitude>18.179462393911173</latitude>
    <longitude>23.46578631099589</longitude>
  </node>
  <region>1</region>
  <timeint>
    <startTime>714</startTime>
    <endTime>1011</endTime>
  </timeint>
  <capacity>1.0</capacity>
</objects.Task>
<objects.Task>
  <id>12</id>
  <Description>Task#12</Description>
  <type>T</type>
  <type__id>1</type__id>
  <priority>4</priority>
  <resId>0</resId>
  <serviceTime>82</serviceTime>
  <node>
    <id>12</id>
    <latitude>17.58398347639594</latitude>
    <longitude>22.884063283247787</longitude>
  </node>
  <region>1</region>
  <timeint>
    <startTime>706</startTime>
    <endTime>946</endTime>
  </timeint>
  <capacity>1.0</capacity>
</objects.Task>
<objects.Task>
  <id>13</id>
  <Description>Task#13</Description>
  <type>T</type>
  <type__id>1</type__id>
  <priority>4</priority>
  <resId>0</resId>
  <serviceTime>82</serviceTime>
  <node>
    <id>13</id>
    <latitude>16.12159421609442</latitude>
    <longitude>25.752662026984137</longitude>
  </node>
  <region>1</region>
  <timeint>
    <startTime>647</startTime>
    <endTime>1189</endTime>
  </timeint>
  <capacity>7.0</capacity>
</objects.Task>
<objects.Task>
  <id>14</id>
  <Description>Task#14</Description>
  <type>T</type>
  <type__id>1</type__id>
  <priority>3</priority>
  <resId>0</resId>
  <serviceTime>68</serviceTime>
  <node>
    <id>14</id>
    <latitude>16.653967098363072</latitude>
    <longitude>24.080663017429753</longitude>
  </node>
  <region>1</region>
  <timeint>
    <startTime>519</startTime>
    <endTime>928</endTime>
  </timeint>
  <capacity>6.0</capacity>
</objects.Task>
<objects.Task>
  <id>15</id>
  <Description>Task#15</Description>
  <type>T</type>
  <type__id>1</type__id>
  <priority>4</priority>
  <resId>0</resId>
  <serviceTime>68</serviceTime>
  <node>
    <id>15</id>
    <latitude>16.18549415426725</latitude>
    <longitude>24.610169036954222</longitude>
  </node>
  <region>1</region>
  <timeint>
    <startTime>532</startTime>
    <endTime>1075</endTime>
  </timeint>
  <capacity>2.0</capacity>
</objects.Task>
<objects.Task>
  <id>16</id>
  <Description>Task#16</Description>
  <type>T</type>
  <type__id>1</type__id>
  <priority>1</priority>
  <resId>0</resId>
  <serviceTime>39</serviceTime>
  <node>
    <id>16</id>
    <latitude>17.786633038239064</latitude>
    <longitude>23.709895136654776</longitude>
  </node>
  <region>1</region>
  <timeint>
    <startTime>621</startTime>
    <endTime>1131</endTime>
  </timeint>
  <capacity>3.0</capacity>
</objects.Task>
<objects.Task>
  <id>17</id>
  <Description>Task#17</Description>
  <type>T</type>
  <type__id>1</type__id>
  <priority>1</priority>
  <resId>0</resId>
  <serviceTime>87</serviceTime>
  <node>
    <id>17</id>
    <latitude>16.83405965037976</latitude>
    <longitude>24.249668042330345</longitude>
  </node>
  <region>1</region>
  <timeint>
    <startTime>535</startTime>
    <endTime>864</endTime>
  </timeint>
  <capacity>8.0</capacity>
</objects.Task>
<objects.Task>
  <id>18</id>
  <Description>Task#18</Description>
  <type>T</type>
  <type__id>1</type__id>
  <priority>1</priority>
  <resId>0</resId>
  <serviceTime>36</serviceTime>
  <node>
    <id>18</id>
    <latitude>16.216493505317178</latitude>
    <longitude>23.463851470183556</longitude>
  </node>
  <region>1</region>
  <timeint>
    <startTime>640</startTime>
    <endTime>938</endTime>
  </timeint>
  <capacity>1.0</capacity>
</objects.Task>
<objects.Task>
  <id>19</id>
  <Description>Task#19</Description>
  <type>T</type>
  <type__id>1</type__id>
  <priority>1</priority>
  <resId>0</resId>
  <serviceTime>61</serviceTime>
  <node>
    <id>19</id>
    <latitude>17.285947780888165</latitude>
    <longitude>24.27507357294749</longitude>
  </node>
  <region>1</region>
  <timeint>
    <startTime>691</startTime>
    <endTime>1085</endTime>
  </timeint>
  <capacity>6.0</capacity>
</objects.Task>
<objects.Task>
  <id>20</id>
  <Description>Task#20</Description>
  <type>T</type>
  <type__id>1</type__id>
  <priority>4</priority>
  <resId>0</resId>
  <serviceTime>49</serviceTime>
  <node>
    <id>20</id>
    <latitude>16.174562762034885</latitude>
    <longitude>24.271588536060232</longitude>
  </node>
  <region>1</region>
  <timeint>
    <startTime>661</startTime>
    <endTime>967</endTime>
  </timeint>
  <capacity>0.0</capacity>
</objects.Task>
<objects.Task>
  <id>21</id>
  <Description>Task#21</Description>
  <type>T</type>
  <type__id>1</type__id>
  <priority>3</priority>
  <resId>0</resId>
  <serviceTime>82</serviceTime>
  <node>
    <id>21</id>
    <latitude>17.062841312685784</latitude>
    <longitude>24.027800819393445</longitude>
  </node>
  <region>1</region>
  <timeint>
    <startTime>534</startTime>
    <endTime>818</endTime>
  </timeint>
  <capacity>1.0</capacity>
</objects.Task>
<objects.Task>
  <id>22</id>
  <Description>Task#22</Description>
  <type>T</type>
  <type__id>1</type__id>
  <priority>4</priority>
  <resId>0</resId>
  <serviceTime>52</serviceTime>
  <node>
    <id>22</id>
    <latitude>17.031319894089766</latitude>
    <longitude>23.268030849528756</longitude>
  </node>
  <region>1</region>
  <timeint>
    <startTime>675</startTime>
    <endTime>1103</endTime>
  </timeint>
  <capacity>8.0</capacity>
</objects.Task>
<objects.Task>
  <id>23</id>
  <Description>Task#23</Description>
  <type>T</type>
  <type__id>1</type__id>
  <priority>3</priority>
  <resId>0</resId>
  <serviceTime>33</serviceTime>
  <node>
    <id>23</id>
    <latitude>16.850656935146088</latitude>
    <longitude>23.729531456753</longitude>
  </node>
  <region>1</region>
  <timeint>
    <startTime>575</startTime>
    <endTime>918</endTime>
  </timeint>
  <capacity>2.0</capacity>
</objects.Task>
<objects.Task>
  <id>24</id>
  <Description>Task#24</Description>
  <type>T</type>
  <type__id>1</type__id>
  <priority>1</priority>
  <resId>0</resId>
  <serviceTime>79</serviceTime>
  <node>
    <id>24</id>
    <latitude>17.25233036319694</latitude>
    <longitude>23.795241461504617</longitude>
  </node>
  <region>1</region>
  <timeint>
    <startTime>680</startTime>
    <endTime>1101</endTime>
  </timeint>
  <capacity>2.0</capacity>
</objects.Task>
<objects.Task>
  <id>25</id>
  <Description>Task#25</Description>
  <type>T</type>
  <type__id>1</type__id>
  <priority>3</priority>
  <resId>0</resId>
  <serviceTime>71</serviceTime>
  <node>
    <id>25</id>
    <latitude>28.36451439899075</latitude>
    <longitude>18.608635819292928</longitude>
  </node>
  <region>1</region>
  <timeint>
    <startTime>562</startTime>
    <endTime>1045</endTime>
  </timeint>
  <capacity>0.0</capacity>
</objects.Task>
<objects.Task>
  <id>26</id>
  <Description>Task#26</Description>
  <type>T</type>
  <type__id>1</type__id>
  <priority>4</priority>
  <resId>0</resId>
  <serviceTime>34</serviceTime>
  <node>
    <id>26</id>
    <latitude>27.86724298701764</latitude>
    <longitude>18.19751833234167</longitude>
  </node>
  <region>1</region>
  <timeint>
    <startTime>543</startTime>
    <endTime>1055</endTime>
  </timeint>
  <capacity>2.0</capacity>
</objects.Task>
<objects.Task>
  <id>27</id>
  <Description>Task#27</Description>
  <type>T</type>
  <type__id>1</type__id>
  <priority>3</priority>
  <resId>0</resId>
  <serviceTime>82</serviceTime>
  <node>
    <id>27</id>
    <latitude>28.25220867314798</latitude>
    <longitude>18.238160525895623</longitude>
  </node>
  <region>1</region>
  <timeint>
    <startTime>527</startTime>
    <endTime>950</endTime>
  </timeint>
  <capacity>9.0</capacity>
</objects.Task>
<objects.Task>
  <id>28</id>
  <Description>Task#28</Description>
  <type>T</type>
  <type__id>1</type__id>
  <priority>4</priority>
  <resId>0</resId>
  <serviceTime>84</serviceTime>
  <node>
    <id>28</id>
    <latitude>26.551051589406057</latitude>
    <longitude>18.115751778529557</longitude>
  </node>
  <region>1</region>
  <timeint>
    <startTime>619</startTime>
    <endTime>897</endTime>
  </timeint>
  <capacity>9.0</capacity>
</objects.Task>
<objects.Task>
  <id>29</id>
  <Description>Task#29</Description>
  <type>T</type>
  <type__id>1</type__id>
  <priority>4</priority>
  <resId>0</resId>
  <serviceTime>44</serviceTime>
  <node>
    <id>29</id>
    <latitude>25.923569288313686</latitude>
    <longitude>19.739503254362898</longitude>
  </node>
  <region>1</region>
  <timeint>
    <startTime>710</startTime>
    <endTime>1065</endTime>
  </timeint>
  <capacity>8.0</capacity>
</objects.Task>
<objects.Task>
  <id>30</id>
  <Description>Task#30</Description>
  <type>T</type>
  <type__id>1</type__id>
  <priority>1</priority>
  <resId>0</resId>
  <serviceTime>35</serviceTime>
  <node>
    <id>30</id>
    <latitude>27.948064841803397</latitude>
    <longitude>18.39033199014996</longitude>
  </node>
  <region>1</region>
  <timeint>
    <startTime>690</startTime>
    <endTime>973</endTime>
  </timeint>
  <capacity>7.0</capacity>
</objects.Task>
<objects.Task>
  <id>31</id>
  <Description>Task#31</Description>
  <type>T</type>
  <type__id>1</type__id>
  <priority>2</priority>
  <resId>0</resId>
  <serviceTime>50</serviceTime>
  <node>
    <id>31</id>
    <latitude>28.912261199370707</latitude>
    <longitude>17.952156149240473</longitude>
  </node>
  <region>1</region>
  <timeint>
    <startTime>649</startTime>
    <endTime>1007</endTime>
  </timeint>
  <capacity>9.0</capacity>
</objects.Task>
<objects.Task>
  <id>32</id>
  <Description>Task#32</Description>
  <type>T</type>
  <type__id>1</type__id>
  <priority>1</priority>
  <resId>0</resId>
  <serviceTime>45</serviceTime>
  <node>
    <id>32</id>
    <latitude>28.016764662678927</latitude>
    <longitude>18.459660327481213</longitude>
  </node>
  <region>1</region>
  <timeint>
    <startTime>555</startTime>
    <endTime>1071</endTime>
  </timeint>
  <capacity>8.0</capacity>
</objects.Task>
<objects.Task>
  <id>33</id>
  <Description>Task#33</Description>
  <type>T</type>
  <type__id>1</type__id>
  <priority>3</priority>
  <resId>0</resId>
  <serviceTime>49</serviceTime>
  <node>
    <id>33</id>
    <latitude>28.309178456451637</latitude>
    <longitude>18.22158909975797</longitude>
  </node>
  <region>1</region>
  <timeint>
    <startTime>572</startTime>
    <endTime>1117</endTime>
  </timeint>
  <capacity>7.0</capacity>
</objects.Task>
<objects.Task>
  <id>34</id>
  <Description>Task#34</Description>
  <type>T</type>
  <type__id>1</type__id>
  <priority>4</priority>
  <resId>0</resId>
  <serviceTime>36</serviceTime>
  <node>
    <id>34</id>
    <latitude>29.173129156224498</latitude>
    <longitude>19.69212303352553</longitude>
  </node>
  <region>1</region>
  <timeint>
    <startTime>608</startTime>
    <endTime>885</endTime>
  </timeint>
  <capacity>9.0</capacity>
</objects.Task>
<objects.Task>
  <id>35</id>
  <Description>Task#35</Description>
  <type>T</type>
  <type__id>1</type__id>
  <priority>1</priority>
  <resId>0</resId>
  <serviceTime>77</serviceTime>
  <node>
    <id>35</id>
    <latitude>27.67976631129641</latitude>
    <longitude>19.762739386114955</longitude>
  </node>
  <region>1</region>
  <timeint>
    <startTime>592</startTime>
    <endTime>891</endTime>
  </timeint>
  <capacity>9.0</capacity>
</objects.Task>
<objects.Task>
  <id>36</id>
  <Description>Task#36</Description>
  <type>T</type>
  <type__id>1</type__id>
  <priority>4</priority>
  <resId>0</resId>
  <serviceTime>63</serviceTime>
  <node>
    <id>36</id>
    <latitude>27.972566148099247</latitude>
    <longitude>18.50156807841048</longitude>
  </node>
  <region>1</region>
  <timeint>
    <startTime>567</startTime>
    <endTime>936</endTime>
  </timeint>
  <capacity>6.0</capacity>
</objects.Task>
<objects.Task>
  <id>37</id>
  <Description>Task#37</Description>
  <type>T</type>
  <type__id>1</type__id>
  <priority>2</priority>
  <resId>0</resId>
  <serviceTime>69</serviceTime>
  <node>
    <id>37</id>
    <latitude>27.56919124515679</latitude>
    <longitude>20.488730875950203</longitude>
  </node>
  <region>1</region>
  <timeint>
    <startTime>675</startTime>
    <endTime>1252</endTime>
  </timeint>
  <capacity>0.0</capacity>
</objects.Task>
<objects.Task>
  <id>38</id>
  <Description>Task#38</Description>
  <type>T</type>
  <type__id>1</type__id>
  <priority>3</priority>
  <resId>0</resId>
  <serviceTime>71</serviceTime>
  <node>
    <id>38</id>
    <latitude>28.018376549034706</latitude>
    <longitude>18.63668442604792</longitude>
  </node>
  <region>1</region>
  <timeint>
    <startTime>542</startTime>
    <endTime>993</endTime>
  </timeint>
  <capacity>7.0</capacity>
</objects.Task>
<objects.Task>
  <id>39</id>
  <Description>Task#39</Description>
  <type>T</type>
  <type__id>1</type__id>
  <priority>2</priority>
  <resId>0</resId>
  <serviceTime>42</serviceTime>
  <node>
    <id>39</id>
    <latitude>26.451618727289773</latitude>
    <longitude>20.694954191286655</longitude>
  </node>
  <region>1</region>
  <timeint>
    <startTime>482</startTime>
    <endTime>771</endTime>
  </timeint>
  <capacity>4.0</capacity>
</objects.Task>
<objects.Task>
  <id>40</id>
  <Description>Task#40</Description>
  <type>T</type>
  <type__id>1</type__id>
  <priority>2</priority>
  <resId>0</resId>
  <serviceTime>65</serviceTime>
  <node>
    <id>40</id>
    <latitude>26.299392044213672</latitude>
    <longitude>15.913405094675586</longitude>
  </node>
  <region>1</region>
  <timeint>
    <startTime>670</startTime>
    <endTime>1108</endTime>
  </timeint>
  <capacity>3.0</capacity>
</objects.Task>
<objects.Task>
  <id>41</id>
  <Description>Task#41</Description>
  <type>T</type>
  <type__id>1</type__id>
  <priority>3</priority>
  <resId>0</resId>
  <serviceTime>32</serviceTime>
  <node>
    <id>41</id>
    <latitude>27.376128052667436</latitude>
    <longitude>18.5830946485861</longitude>
  </node>
  <region>1</region>
  <timeint>
    <startTime>532</startTime>
    <endTime>782</endTime>
  </timeint>
  <capacity>0.0</capacity>
</objects.Task>
<objects.Task>
  <id>42</id>
  <Description>Task#42</Description>
  <type>T</type>
  <type__id>1</type__id>
  <priority>3</priority>
  <resId>0</resId>
  <serviceTime>60</serviceTime>
  <node>
    <id>42</id>
    <latitude>25.789073435020203</latitude>
    <longitude>18.097148934458545</longitude>
  </node>
  <region>1</region>
  <timeint>
    <startTime>691</startTime>
    <endTime>1148</endTime>
  </timeint>
  <capacity>8.0</capacity>
</objects.Task>
<objects.Task>
  <id>43</id>
  <Description>Task#43</Description>
  <type>T</type>
  <type__id>1</type__id>
  <priority>3</priority>
  <resId>0</resId>
  <serviceTime>54</serviceTime>
  <node>
    <id>43</id>
    <latitude>27.29326997859406</latitude>
    <longitude>18.73270056660542</longitude>
  </node>
  <region>1</region>
  <timeint>
    <startTime>689</startTime>
    <endTime>1004</endTime>
  </timeint>
  <capacity>6.0</capacity>
</objects.Task>
<objects.Task>
  <id>44</id>
  <Description>Task#44</Description>
  <type>T</type>
  <type__id>1</type__id>
  <priority>4</priority>
  <resId>0</resId>
  <serviceTime>65</serviceTime>
  <node>
    <id>44</id>
    <latitude>28.438405429400856</latitude>
    <longitude>17.926848601516433</longitude>
  </node>
  <region>1</region>
  <timeint>
    <startTime>502</startTime>
    <endTime>1015</endTime>
  </timeint>
  <capacity>1.0</capacity>
</objects.Task>
<objects.Task>
  <id>45</id>
  <Description>Task#45</Description>
  <type>T</type>
  <type__id>1</type__id>
  <priority>4</priority>
  <resId>0</resId>
  <serviceTime>47</serviceTime>
  <node>
    <id>45</id>
    <latitude>28.100887859875485</latitude>
    <longitude>18.460369606362725</longitude>
  </node>
  <region>1</region>
  <timeint>
    <startTime>578</startTime>
    <endTime>1013</endTime>
  </timeint>
  <capacity>0.0</capacity>
</objects.Task>
<objects.Task>
  <id>46</id>
  <Description>Task#46</Description>
  <type>T</type>
  <type__id>1</type__id>
  <priority>3</priority>
  <resId>0</resId>
  <serviceTime>36</serviceTime>
  <node>
    <id>46</id>
    <latitude>28.005351474080864</latitude>
    <longitude>18.475211947708505</longitude>
  </node>
  <region>1</region>
  <timeint>
    <startTime>619</startTime>
    <endTime>1180</endTime>
  </timeint>
  <capacity>8.0</capacity>
</objects.Task>
<objects.Task>
  <id>47</id>
  <Description>Task#47</Description>
  <type>T</type>
  <type__id>1</type__id>
  <priority>3</priority>
  <resId>0</resId>
  <serviceTime>33</serviceTime>
  <node>
    <id>47</id>
    <latitude>27.864569037470595</latitude>
    <longitude>18.139478934416882</longitude>
  </node>
  <region>1</region>
  <timeint>
    <startTime>560</startTime>
    <endTime>973</endTime>
  </timeint>
  <capacity>8.0</capacity>
</objects.Task>
<objects.Task>
  <id>48</id>
  <Description>Task#48</Description>
  <type>T</type>
  <type__id>1</type__id>
  <priority>3</priority>
  <resId>0</resId>
  <serviceTime>88</serviceTime>
  <node>
    <id>48</id>
    <latitude>28.05589666362557</latitude>
    <longitude>18.522899966285987</longitude>
  </node>
  <region>1</region>
  <timeint>
    <startTime>711</startTime>
    <endTime>1216</endTime>
  </timeint>
  <capacity>3.0</capacity>
</objects.Task>
<objects.Task>
  <id>49</id>
  <Description>Task#49</Description>
  <type>T</type>
  <type__id>1</type__id>
  <priority>4</priority>
  <resId>0</resId>
  <serviceTime>77</serviceTime>
  <node>
    <id>49</id>
    <latitude>27.532839537634388</latitude>
    <longitude>18.21273158734318</longitude>
  </node>
  <region>1</region>
  <timeint>
    <startTime>681</startTime>
    <endTime>1090</endTime>
  </timeint>
  <capacity>1.0</capacity>
</objects.Task>
<objects.Task>
  <id>50</id>
  <Description>Task#50</Description>
  <type>T</type>
  <type__id>1</type__id>
  <priority>3</priority>
  <resId>0</resId>
  <serviceTime>45</serviceTime>
  <node>
    <id>50</id>
    <latitude>16.84977039676705</latitude>
    <longitude>21.009202524865778</longitude>
  </node>
  <region>1</region>
  <timeint>
    <startTime>594</startTime>
    <endTime>865</endTime>
  </timeint>
  <capacity>6.0</capacity>
</objects.Task>
<objects.Task>
  <id>51</id>
  <Description>Task#51</Description>
  <type>T</type>
  <type__id>1</type__id>
  <priority>2</priority>
  <resId>0</resId>
  <serviceTime>66</serviceTime>
  <node>
    <id>51</id>
    <latitude>18.169959407270927</latitude>
    <longitude>23.45581434269842</longitude>
  </node>
  <region>1</region>
  <timeint>
    <startTime>578</startTime>
    <endTime>835</endTime>
  </timeint>
  <capacity>8.0</capacity>
</objects.Task>
<objects.Task>
  <id>52</id>
  <Description>Task#52</Description>
  <type>T</type>
  <type__id>1</type__id>
  <priority>4</priority>
  <resId>0</resId>
  <serviceTime>52</serviceTime>
  <node>
    <id>52</id>
    <latitude>17.625258693866524</latitude>
    <longitude>22.699060198421165</longitude>
  </node>
  <region>1</region>
  <timeint>
    <startTime>513</startTime>
    <endTime>1044</endTime>
  </timeint>
  <capacity>1.0</capacity>
</objects.Task>
<objects.Task>
  <id>53</id>
  <Description>Task#53</Description>
  <type>T</type>
  <type__id>1</type__id>
  <priority>4</priority>
  <resId>0</resId>
  <serviceTime>49</serviceTime>
  <node>
    <id>53</id>
    <latitude>18.607776882450874</latitude>
    <longitude>22.6752004227325</longitude>
  </node>
  <region>1</region>
  <timeint>
    <startTime>600</startTime>
    <endTime>1045</endTime>
  </timeint>
  <capacity>9.0</capacity>
</objects.Task>
<objects.Task>
  <id>54</id>
  <Description>Task#54</Description>
  <type>T</type>
  <type__id>1</type__id>
  <priority>2</priority>
  <resId>0</resId>
  <serviceTime>56</serviceTime>
  <node>
    <id>54</id>
    <latitude>16.107560487806573</latitude>
    <longitude>22.668557346401595</longitude>
  </node>
  <region>1</region>
  <timeint>
    <startTime>567</startTime>
    <endTime>979</endTime>
  </timeint>
  <capacity>0.0</capacity>
</objects.Task>
<objects.Task>
  <id>55</id>
  <Description>Task#55</Description>
  <type>T</type>
  <type__id>1</type__id>
  <priority>1</priority>
  <resId>0</resId>
  <serviceTime>65</serviceTime>
  <node>
    <id>55</id>
    <latitude>18.312794787976106</latitude>
    <longitude>19.68712451084194</longitude>
  </node>
  <region>1</region>
  <timeint>
    <startTime>505</startTime>
    <endTime>1052</endTime>
  </timeint>
  <capacity>3.0</capacity>
</objects.Task>
<objects.Task>
  <id>56</id>
  <Description>Task#56</Description>
  <type>T</type>
  <type__id>1</type__id>
  <priority>1</priority>
  <resId>0</resId>
  <serviceTime>60</serviceTime>
  <node>
    <id>56</id>
    <latitude>17.544122852339008</latitude>
    <longitude>22.19259919640683</longitude>
  </node>
  <region>1</region>
  <timeint>
    <startTime>694</startTime>
    <endTime>1043</endTime>
  </timeint>
  <capacity>4.0</capacity>
</objects.Task>
<objects.Task>
  <id>57</id>
  <Description>Task#57</Description>
  <type>T</type>
  <type__id>1</type__id>
  <priority>1</priority>
  <resId>0</resId>
  <serviceTime>80</serviceTime>
  <node>
    <id>57</id>
    <latitude>16.830192760612704</latitude>
    <longitude>23.043352250461265</longitude>
  </node>
  <region>1</region>
  <timeint>
    <startTime>523</startTime>
    <endTime>834</endTime>
  </timeint>
  <capacity>8.0</capacity>
</objects.Task>
<objects.Task>
  <id>58</id>
  <Description>Task#58</Description>
  <type>T</type>
  <type__id>1</type__id>
  <priority>2</priority>
  <resId>0</resId>
  <serviceTime>41</serviceTime>
  <node>
    <id>58</id>
    <latitude>17.552843355755936</latitude>
    <longitude>22.779854564559233</longitude>
  </node>
  <region>1</region>
  <timeint>
    <startTime>618</startTime>
    <endTime>1153</endTime>
  </timeint>
  <capacity>4.0</capacity>
</objects.Task>
<objects.Task>
  <id>59</id>
  <Description>Task#59</Description>
  <type>T</type>
  <type__id>1</type__id>
  <priority>4</priority>
  <resId>0</resId>
  <serviceTime>40</serviceTime>
  <node>
    <id>59</id>
    <latitude>18.7639270170814</latitude>
    <longitude>21.304414629955065</longitude>
  </node>
  <region>1</region>
  <timeint>
    <startTime>516</startTime>
    <endTime>954</endTime>
  </timeint>
  <capacity>8.0</capacity>
</objects.Task>
<objects.Task>
  <id>60</id>
  <Description>Task#60</Description>
  <type>T</type>
  <type__id>1</type__id>
  <priority>4</priority>
  <resId>0</resId>
  <serviceTime>69</serviceTime>
  <node>
    <id>60</id>
    <latitude>18.030176334340677</latitude>
    <longitude>23.420978601302302</longitude>
  </node>
  <region>1</region>
  <timeint>
    <startTime>505</startTime>
    <endTime>966</endTime>
  </timeint>
  <capacity>7.0</capacity>
</objects.Task>
<objects.Task>
  <id>61</id>
  <Description>Task#61</Description>
  <type>T</type>
  <type__id>1</type__id>
  <priority>4</priority>
  <resId>0</resId>
  <serviceTime>32</serviceTime>
  <node>
    <id>61</id>
    <latitude>17.49113998191675</latitude>
    <longitude>22.970511033354057</longitude>
  </node>
  <region>1</region>
  <timeint>
    <startTime>641</startTime>
    <endTime>1193</endTime>
  </timeint>
  <capacity>4.0</capacity>
</objects.Task>
<objects.Task>
  <id>62</id>
  <Description>Task#62</Description>
  <type>T</type>
  <type__id>1</type__id>
  <priority>2</priority>
  <resId>0</resId>
  <serviceTime>38</serviceTime>
  <node>
    <id>62</id>
    <latitude>15.831860811743732</latitude>
    <longitude>20.66661142592116</longitude>
  </node>
  <region>1</region>
  <timeint>
    <startTime>565</startTime>
    <endTime>935</endTime>
  </timeint>
  <capacity>0.0</capacity>
</objects.Task>
<objects.Task>
  <id>63</id>
  <Description>Task#63</Description>
  <type>T</type>
  <type__id>1</type__id>
  <priority>1</priority>
  <resId>0</resId>
  <serviceTime>50</serviceTime>
  <node>
    <id>63</id>
    <latitude>18.469785924179725</latitude>
    <longitude>23.15663922414418</longitude>
  </node>
  <region>1</region>
  <timeint>
    <startTime>573</startTime>
    <endTime>1149</endTime>
  </timeint>
  <capacity>4.0</capacity>
</objects.Task>
<objects.Task>
  <id>64</id>
  <Description>Task#64</Description>
  <type>T</type>
  <type__id>1</type__id>
  <priority>1</priority>
  <resId>0</resId>
  <serviceTime>84</serviceTime>
  <node>
    <id>64</id>
    <latitude>17.592205222995265</latitude>
    <longitude>22.764115876078733</longitude>
  </node>
  <region>1</region>
  <timeint>
    <startTime>567</startTime>
    <endTime>1158</endTime>
  </timeint>
  <capacity>5.0</capacity>
</objects.Task>
<objects.Task>
  <id>65</id>
  <Description>Task#65</Description>
  <type>T</type>
  <type__id>1</type__id>
  <priority>1</priority>
  <resId>0</resId>
  <serviceTime>70</serviceTime>
  <node>
    <id>65</id>
    <latitude>17.155137440048364</latitude>
    <longitude>23.287004800342714</longitude>
  </node>
  <region>1</region>
  <timeint>
    <startTime>591</startTime>
    <endTime>1016</endTime>
  </timeint>
  <capacity>6.0</capacity>
</objects.Task>
<objects.Task>
  <id>66</id>
  <Description>Task#66</Description>
  <type>T</type>
  <type__id>1</type__id>
  <priority>4</priority>
  <resId>0</resId>
  <serviceTime>44</serviceTime>
  <node>
    <id>66</id>
    <latitude>18.165496314702725</latitude>
    <longitude>22.04213587604367</longitude>
  </node>
  <region>1</region>
  <timeint>
    <startTime>523</startTime>
    <endTime>1096</endTime>
  </timeint>
  <capacity>6.0</capacity>
</objects.Task>
<objects.Task>
  <id>67</id>
  <Description>Task#67</Description>
  <type>T</type>
  <type__id>1</type__id>
  <priority>1</priority>
  <resId>0</resId>
  <serviceTime>71</serviceTime>
  <node>
    <id>67</id>
    <latitude>16.6261800928916</latitude>
    <longitude>22.29438343526615</longitude>
  </node>
  <region>1</region>
  <timeint>
    <startTime>601</startTime>
    <endTime>982</endTime>
  </timeint>
  <capacity>8.0</capacity>
</objects.Task>
<objects.Task>
  <id>68</id>
  <Description>Task#68</Description>
  <type>T</type>
  <type__id>1</type__id>
  <priority>3</priority>
  <resId>0</resId>
  <serviceTime>51</serviceTime>
  <node>
    <id>68</id>
    <latitude>19.812873080031057</latitude>
    <longitude>22.00531772251139</longitude>
  </node>
  <region>1</region>
  <timeint>
    <startTime>509</startTime>
    <endTime>816</endTime>
  </timeint>
  <capacity>6.0</capacity>
</objects.Task>
<objects.Task>
  <id>69</id>
  <Description>Task#69</Description>
  <type>T</type>
  <type__id>1</type__id>
  <priority>1</priority>
  <resId>0</resId>
  <serviceTime>66</serviceTime>
  <node>
    <id>69</id>
    <latitude>16.184489146989407</latitude>
    <longitude>24.473316507839904</longitude>
  </node>
  <region>1</region>
  <timeint>
    <startTime>512</startTime>
    <endTime>1095</endTime>
  </timeint>
  <capacity>4.0</capacity>
</objects.Task>
<objects.Task>
  <id>70</id>
  <Description>Task#70</Description>
  <type>T</type>
  <type__id>1</type__id>
  <priority>2</priority>
  <resId>0</resId>
  <serviceTime>43</serviceTime>
  <node>
    <id>70</id>
    <latitude>17.711788973862205</latitude>
    <longitude>22.721807606089296</longitude>
  </node>
  <region>1</region>
  <timeint>
    <startTime>593</startTime>
    <endTime>849</endTime>
  </timeint>
  <capacity>0.0</capacity>
</objects.Task>
<objects.Task>
  <id>71</id>
  <Description>Task#71</Description>
  <type>T</type>
  <type__id>1</type__id>
  <priority>1</priority>
  <resId>0</resId>
  <serviceTime>36</serviceTime>
  <node>
    <id>71</id>
    <latitude>16.82446904713588</latitude>
    <longitude>23.123129317112895</longitude>
  </node>
  <region>1</region>
  <timeint>
    <startTime>579</startTime>
    <endTime>1135</endTime>
  </timeint>
  <capacity>7.0</capacity>
</objects.Task>
<objects.Task>
  <id>72</id>
  <Description>Task#72</Description>
  <type>T</type>
  <type__id>1</type__id>
  <priority>2</priority>
  <resId>0</resId>
  <serviceTime>53</serviceTime>
  <node>
    <id>72</id>
    <latitude>18.401599632361563</latitude>
    <longitude>22.720246485296048</longitude>
  </node>
  <region>1</region>
  <timeint>
    <startTime>579</startTime>
    <endTime>869</endTime>
  </timeint>
  <capacity>9.0</capacity>
</objects.Task>
<objects.Task>
  <id>73</id>
  <Description>Task#73</Description>
  <type>T</type>
  <type__id>1</type__id>
  <priority>3</priority>
  <resId>0</resId>
  <serviceTime>63</serviceTime>
  <node>
    <id>73</id>
    <latitude>17.191235537420088</latitude>
    <longitude>23.330494142597225</longitude>
  </node>
  <region>1</region>
  <timeint>
    <startTime>668</startTime>
    <endTime>1007</endTime>
  </timeint>
  <capacity>8.0</capacity>
</objects.Task>
<objects.Task>
  <id>74</id>
  <Description>Task#74</Description>
  <type>T</type>
  <type__id>1</type__id>
  <priority>4</priority>
  <resId>0</resId>
  <serviceTime>81</serviceTime>
  <node>
    <id>74</id>
    <latitude>17.496666727606232</latitude>
    <longitude>23.34779907665609</longitude>
  </node>
  <region>1</region>
  <timeint>
    <startTime>648</startTime>
    <endTime>1032</endTime>
  </timeint>
  <capacity>5.0</capacity>
</objects.Task>
<objects.Task>
  <id>75</id>
  <Description>Task#75</Description>
  <type>T</type>
  <type__id>1</type__id>
  <priority>2</priority>
  <resId>0</resId>
  <serviceTime>63</serviceTime>
  <node>
    <id>75</id>
    <latitude>23.71672677540536</latitude>
    <longitude>7.12259870670793</longitude>
  </node>
  <region>1</region>
  <timeint>
    <startTime>611</startTime>
    <endTime>1173</endTime>
  </timeint>
  <capacity>0.0</capacity>
</objects.Task>
<objects.Task>
  <id>76</id>
  <Description>Task#76</Description>
  <type>T</type>
  <type__id>1</type__id>
  <priority>1</priority>
  <resId>0</resId>
  <serviceTime>42</serviceTime>
  <node>
    <id>76</id>
    <latitude>23.364547081825062</latitude>
    <longitude>7.236727903601474</longitude>
  </node>
  <region>1</region>
  <timeint>
    <startTime>663</startTime>
    <endTime>957</endTime>
  </timeint>
  <capacity>2.0</capacity>
</objects.Task>
<objects.Task>
  <id>77</id>
  <Description>Task#77</Description>
  <type>T</type>
  <type__id>1</type__id>
  <priority>2</priority>
  <resId>0</resId>
  <serviceTime>41</serviceTime>
  <node>
    <id>77</id>
    <latitude>23.211978589271403</latitude>
    <longitude>7.160654860038581</longitude>
  </node>
  <region>1</region>
  <timeint>
    <startTime>591</startTime>
    <endTime>1140</endTime>
  </timeint>
  <capacity>9.0</capacity>
</objects.Task>
<objects.Task>
  <id>78</id>
  <Description>Task#78</Description>
  <type>T</type>
  <type__id>1</type__id>
  <priority>2</priority>
  <resId>0</resId>
  <serviceTime>32</serviceTime>
  <node>
    <id>78</id>
    <latitude>24.028844855703284</latitude>
    <longitude>7.362172583163117</longitude>
  </node>
  <region>1</region>
  <timeint>
    <startTime>590</startTime>
    <endTime>1154</endTime>
  </timeint>
  <capacity>9.0</capacity>
</objects.Task>
<objects.Task>
  <id>79</id>
  <Description>Task#79</Description>
  <type>T</type>
  <type__id>1</type__id>
  <priority>1</priority>
  <resId>0</resId>
  <serviceTime>58</serviceTime>
  <node>
    <id>79</id>
    <latitude>23.625859786519626</latitude>
    <longitude>6.950852255996701</longitude>
  </node>
  <region>1</region>
  <timeint>
    <startTime>515</startTime>
    <endTime>879</endTime>
  </timeint>
  <capacity>7.0</capacity>
</objects.Task>
<objects.Task>
  <id>80</id>
  <Description>Task#80</Description>
  <type>T</type>
  <type__id>1</type__id>
  <priority>1</priority>
  <resId>0</resId>
  <serviceTime>65</serviceTime>
  <node>
    <id>80</id>
    <latitude>24.877161455920888</latitude>
    <longitude>13.968902183759415</longitude>
  </node>
  <region>1</region>
  <timeint>
    <startTime>686</startTime>
    <endTime>1258</endTime>
  </timeint>
  <capacity>9.0</capacity>
</objects.Task>
<objects.Task>
  <id>81</id>
  <Description>Task#81</Description>
  <type>T</type>
  <type__id>1</type__id>
  <priority>1</priority>
  <resId>0</resId>
  <serviceTime>55</serviceTime>
  <node>
    <id>81</id>
    <latitude>21.872295499496335</latitude>
    <longitude>6.066069233586937</longitude>
  </node>
  <region>1</region>
  <timeint>
    <startTime>635</startTime>
    <endTime>920</endTime>
  </timeint>
  <capacity>6.0</capacity>
</objects.Task>
<objects.Task>
  <id>82</id>
  <Description>Task#82</Description>
  <type>T</type>
  <type__id>1</type__id>
  <priority>4</priority>
  <resId>0</resId>
  <serviceTime>54</serviceTime>
  <node>
    <id>82</id>
    <latitude>25.733286002606405</latitude>
    <longitude>8.309979785030459</longitude>
  </node>
  <region>1</region>
  <timeint>
    <startTime>630</startTime>
    <endTime>1101</endTime>
  </timeint>
  <capacity>6.0</capacity>
</objects.Task>
<objects.Task>
  <id>83</id>
  <Description>Task#83</Description>
  <type>T</type>
  <type__id>1</type__id>
  <priority>4</priority>
  <resId>0</resId>
  <serviceTime>49</serviceTime>
  <node>
    <id>83</id>
    <latitude>23.275558652764918</latitude>
    <longitude>7.126878130189958</longitude>
  </node>
  <region>1</region>
  <timeint>
    <startTime>554</startTime>
    <endTime>1022</endTime>
  </timeint>
  <capacity>7.0</capacity>
</objects.Task>
<objects.Task>
  <id>84</id>
  <Description>Task#84</Description>
  <type>T</type>
  <type__id>1</type__id>
  <priority>3</priority>
  <resId>0</resId>
  <serviceTime>35</serviceTime>
  <node>
    <id>84</id>
    <latitude>21.2221939129207</latitude>
    <longitude>7.300487006574733</longitude>
  </node>
  <region>1</region>
  <timeint>
    <startTime>589</startTime>
    <endTime>1054</endTime>
  </timeint>
  <capacity>9.0</capacity>
</objects.Task>
<objects.Task>
  <id>85</id>
  <Description>Task#85</Description>
  <type>T</type>
  <type__id>1</type__id>
  <priority>2</priority>
  <resId>0</resId>
  <serviceTime>78</serviceTime>
  <node>
    <id>85</id>
    <latitude>23.521738858978637</latitude>
    <longitude>7.347570705529694</longitude>
  </node>
  <region>1</region>
  <timeint>
    <startTime>669</startTime>
    <endTime>1196</endTime>
  </timeint>
  <capacity>1.0</capacity>
</objects.Task>
<objects.Task>
  <id>86</id>
  <Description>Task#86</Description>
  <type>T</type>
  <type__id>1</type__id>
  <priority>2</priority>
  <resId>0</resId>
  <serviceTime>65</serviceTime>
  <node>
    <id>86</id>
    <latitude>21.970753781108506</latitude>
    <longitude>7.332642839435634</longitude>
  </node>
  <region>1</region>
  <timeint>
    <startTime>618</startTime>
    <endTime>1035</endTime>
  </timeint>
  <capacity>7.0</capacity>
</objects.Task>
<objects.Task>
  <id>87</id>
  <Description>Task#87</Description>
  <type>T</type>
  <type__id>1</type__id>
  <priority>3</priority>
  <resId>0</resId>
  <serviceTime>33</serviceTime>
  <node>
    <id>87</id>
    <latitude>23.17106033923779</latitude>
    <longitude>7.2037295908392815</longitude>
  </node>
  <region>1</region>
  <timeint>
    <startTime>590</startTime>
    <endTime>1045</endTime>
  </timeint>
  <capacity>0.0</capacity>
</objects.Task>
<objects.Task>
  <id>88</id>
  <Description>Task#88</Description>
  <type>T</type>
  <type__id>1</type__id>
  <priority>3</priority>
  <resId>0</resId>
  <serviceTime>42</serviceTime>
  <node>
    <id>88</id>
    <latitude>23.243767952662612</latitude>
    <longitude>7.227223180365368</longitude>
  </node>
  <region>1</region>
  <timeint>
    <startTime>569</startTime>
    <endTime>966</endTime>
  </timeint>
  <capacity>7.0</capacity>
</objects.Task>
<objects.Task>
  <id>89</id>
  <Description>Task#89</Description>
  <type>T</type>
  <type__id>1</type__id>
  <priority>1</priority>
  <resId>0</resId>
  <serviceTime>45</serviceTime>
  <node>
    <id>89</id>
    <latitude>23.096498098058746</latitude>
    <longitude>7.760697800029199</longitude>
  </node>
  <region>1</region>
  <timeint>
    <startTime>577</startTime>
    <endTime>876</endTime>
  </timeint>
  <capacity>2.0</capacity>
</objects.Task>
<objects.Task>
  <id>90</id>
  <Description>Task#90</Description>
  <type>T</type>
  <type__id>1</type__id>
  <priority>4</priority>
  <resId>0</resId>
  <serviceTime>89</serviceTime>
  <node>
    <id>90</id>
    <latitude>20.0464590452984</latitude>
    <longitude>8.976099802940329</longitude>
  </node>
  <region>1</region>
  <timeint>
    <startTime>561</startTime>
    <endTime>1112</endTime>
  </timeint>
  <capacity>0.0</capacity>
</objects.Task>
<objects.Task>
  <id>91</id>
  <Description>Task#91</Description>
  <type>T</type>
  <type__id>1</type__id>
  <priority>2</priority>
  <resId>0</resId>
  <serviceTime>50</serviceTime>
  <node>
    <id>91</id>
    <latitude>26.10757562925925</latitude>
    <longitude>7.037579058345403</longitude>
  </node>
  <region>1</region>
  <timeint>
    <startTime>650</startTime>
    <endTime>1133</endTime>
  </timeint>
  <capacity>8.0</capacity>
</objects.Task>
<objects.Task>
  <id>92</id>
  <Description>Task#92</Description>
  <type>T</type>
  <type__id>1</type__id>
  <priority>3</priority>
  <resId>0</resId>
  <serviceTime>39</serviceTime>
  <node>
    <id>92</id>
    <latitude>23.535249816742102</latitude>
    <longitude>6.5648003189898</longitude>
  </node>
  <region>1</region>
  <timeint>
    <startTime>556</startTime>
    <endTime>936</endTime>
  </timeint>
  <capacity>5.0</capacity>
</objects.Task>
<objects.Task>
  <id>93</id>
  <Description>Task#93</Description>
  <type>T</type>
  <type__id>1</type__id>
  <priority>3</priority>
  <resId>0</resId>
  <serviceTime>33</serviceTime>
  <node>
    <id>93</id>
    <latitude>20.257473658903802</latitude>
    <longitude>7.58118481716622</longitude>
  </node>
  <region>1</region>
  <timeint>
    <startTime>518</startTime>
    <endTime>762</endTime>
  </timeint>
  <capacity>7.0</capacity>
</objects.Task>
<objects.Task>
  <id>94</id>
  <Description>Task#94</Description>
  <type>T</type>
  <type__id>1</type__id>
  <priority>2</priority>
  <resId>0</resId>
  <serviceTime>62</serviceTime>
  <node>
    <id>94</id>
    <latitude>22.552287013785214</latitude>
    <longitude>7.49766198487988</longitude>
  </node>
  <region>1</region>
  <timeint>
    <startTime>532</startTime>
    <endTime>1012</endTime>
  </timeint>
  <capacity>3.0</capacity>
</objects.Task>
<objects.Task>
  <id>95</id>
  <Description>Task#95</Description>
  <type>T</type>
  <type__id>1</type__id>
  <priority>2</priority>
  <resId>0</resId>
  <serviceTime>44</serviceTime>
  <node>
    <id>95</id>
    <latitude>23.53199313457997</latitude>
    <longitude>6.492325781429116</longitude>
  </node>
  <region>1</region>
  <timeint>
    <startTime>678</startTime>
    <endTime>939</endTime>
  </timeint>
  <capacity>3.0</capacity>
</objects.Task>
<objects.Task>
  <id>96</id>
  <Description>Task#96</Description>
  <type>T</type>
  <type__id>1</type__id>
  <priority>1</priority>
  <resId>0</resId>
  <serviceTime>38</serviceTime>
  <node>
    <id>96</id>
    <latitude>23.216547201162143</latitude>
    <longitude>8.800976255710953</longitude>
  </node>
  <region>1</region>
  <timeint>
    <startTime>550</startTime>
    <endTime>806</endTime>
  </timeint>
  <capacity>9.0</capacity>
</objects.Task>
<objects.Task>
  <id>97</id>
  <Description>Task#97</Description>
  <type>T</type>
  <type__id>1</type__id>
  <priority>4</priority>
  <resId>0</resId>
  <serviceTime>66</serviceTime>
  <node>
    <id>97</id>
    <latitude>24.478615126526506</latitude>
    <longitude>2.9627323034391324</longitude>
  </node>
  <region>1</region>
  <timeint>
    <startTime>645</startTime>
    <endTime>1016</endTime>
  </timeint>
  <capacity>1.0</capacity>
</objects.Task>
<objects.Task>
  <id>98</id>
  <Description>Task#98</Description>
  <type>T</type>
  <type__id>1</type__id>
  <priority>2</priority>
  <resId>0</resId>
  <serviceTime>81</serviceTime>
  <node>
    <id>98</id>
    <latitude>22.858854604033382</latitude>
    <longitude>7.846630629794672</longitude>
  </node>
  <region>1</region>
  <timeint>
    <startTime>495</startTime>
    <endTime>936</endTime>
  </timeint>
  <capacity>5.0</capacity>
</objects.Task>
<objects.Task>
  <id>99</id>
  <Description>Task#99</Description>
  <type>T</type>
  <type__id>1</type__id>
  <priority>2</priority>
  <resId>0</resId>
  <serviceTime>33</serviceTime>
  <node>
    <id>99</id>
    <latitude>23.489100077587093</latitude>
    <longitude>6.61196297552531</longitude>
  </node>
  <region>1</region>
  <timeint>
    <startTime>709</startTime>
    <endTime>1238</endTime>
  </timeint>
  <capacity>3.0</capacity>
</objects.Task>
<objects.Resource>
  <id>1</id>
  <description>Technician1</description>
  <region>1</region>
  <availability>
    <startTime>569</startTime>
    <endTime>1065</endTime>
  </availability>
  <breakTime>
    <startTime>916</startTime>
    <endTime>1103</endTime>
  </breakTime>
  <origin>
    <id>101</id>
    <latitude>15.389879870912475</latitude>
    <longitude>14.606228349799052</longitude>
  </origin>
  <destination>
    <id>101</id>
    <latitude>15.389879870912475</latitude>
    <longitude>14.606228349799052</longitude>
  </destination>
  <capacity>0.0</capacity>
  <skill>0</skill>
</objects.Resource>
<objects.Resource>
  <id>2</id>
  <description>Technician2</description>
  <region>1</region>
  <availability>
    <startTime>586</startTime>
    <endTime>1102</endTime>
  </availability>
  <breakTime>
    <startTime>917</startTime>
    <endTime>1295</endTime>
  </breakTime>
  <origin>
    <id>103</id>
    <latitude>16.82922406792672</latitude>
    <longitude>14.677970241727648</longitude>
  </origin>
  <destination>
    <id>103</id>
    <latitude>16.82922406792672</latitude>
    <longitude>14.677970241727648</longitude>
  </destination>
  <capacity>0.0</capacity>
  <skill>7</skill>
</objects.Resource>
<objects.Resource>
  <id>3</id>
  <description>Technician3</description>
  <region>1</region>
  <availability>
    <startTime>480</startTime>
    <endTime>988</endTime>
  </availability>
  <breakTime>
    <startTime>757</startTime>
    <endTime>890</endTime>
  </breakTime>
  <origin>
    <id>105</id>
    <latitude>16.717920791046268</latitude>
    <longitude>16.04820475000104</longitude>
  </origin>
  <destination>
    <id>105</id>
    <latitude>16.717920791046268</latitude>
    <longitude>16.04820475000104</longitude>
  </destination>
  <capacity>0.0</capacity>
  <skill>0</skill>
</objects.Resource>
<objects.Resource>
  <id>4</id>
  <description>Technician4</description>
  <region>1</region>
  <availability>
    <startTime>609</startTime>
    <endTime>1137</endTime>
  </availability>
  <breakTime>
    <startTime>849</startTime>
    <endTime>1090</endTime>
  </breakTime>
  <origin>
    <id>107</id>
    <latitude>17.226489616079753</latitude>
    <longitude>15.618809546955127</longitude>
  </origin>
  <destination>
    <id>107</id>
    <latitude>17.226489616079753</latitude>
    <longitude>15.618809546955127</longitude>
  </destination>
  <capacity>0.0</capacity>
  <skill>6</skill>
</objects.Resource>
<objects.Resource>
  <id>5</id>
  <description>Technician5</description>
  <region>1</region>
  <availability>
    <startTime>683</startTime>
    <endTime>1214</endTime>
  </availability>
  <breakTime>
    <startTime>1127</startTime>
    <endTime>1676</endTime>
  </breakTime>
  <origin>
    <id>109</id>
    <latitude>14.767784416344096</latitude>
    <longitude>14.250638896658923</longitude>
  </origin>
  <destination>
    <id>109</id>
    <latitude>14.767784416344096</latitude>
    <longitude>14.250638896658923</longitude>
  </destination>
  <capacity>0.0</capacity>
  <skill>1</skill>
</objects.Resource>
<objects.Resource>
  <id>6</id>
  <description>Technician6</description>
  <region>1</region>
  <availability>
    <startTime>711</startTime>
    <endTime>1294</endTime>
  </availability>
  <breakTime>
    <startTime>1153</startTime>
    <endTime>1459</endTime>
  </breakTime>
  <origin>
    <id>111</id>
    <latitude>16.685822185285765</latitude>
    <longitude>15.328847867151499</longitude>
  </origin>
  <destination>
    <id>111</id>
    <latitude>16.685822185285765</latitude>
    <longitude>15.328847867151499</longitude>
  </destination>
  <capacity>0.0</capacity>
  <skill>9</skill>
</objects.Resource>
<objects.Resource>
  <id>7</id>
  <description>Technician7</description>
  <region>1</region>
  <availability>
    <startTime>715</startTime>
    <endTime>1200</endTime>
  </availability>
  <breakTime>
    <startTime>1130</startTime>
    <endTime>1559</endTime>
  </breakTime>
  <origin>
    <id>113</id>
    <latitude>15.619143157686018</latitude>
    <longitude>17.327174678630406</longitude>
  </origin>
  <destination>
    <id>113</id>
    <latitude>15.619143157686018</latitude>
    <longitude>17.327174678630406</longitude>
  </destination>
  <capacity>0.0</capacity>
  <skill>7</skill>
</objects.Resource>
<objects.Resource>
  <id>8</id>
  <description>Technician8</description>
  <region>1</region>
  <availability>
    <startTime>582</startTime>
    <endTime>1144</endTime>
  </availability>
  <breakTime>
    <startTime>918</startTime>
    <endTime>1072</endTime>
  </breakTime>
  <origin>
    <id>115</id>
    <latitude>17.46142317204011</latitude>
    <longitude>16.427486360301256</longitude>
  </origin>
  <destination>
    <id>115</id>
    <latitude>17.46142317204011</latitude>
    <longitude>16.427486360301256</longitude>
  </destination>
  <capacity>0.0</capacity>
  <skill>1</skill>
</objects.Resource>
<objects.Resource>
  <id>9</id>
  <description>Technician9</description>
  <region>1</region>
  <availability>
    <startTime>608</startTime>
    <endTime>1135</endTime>
  </availability>
  <breakTime>
    <startTime>938</startTime>
    <endTime>1101</endTime>
  </breakTime>
  <origin>
    <id>117</id>
    <latitude>14.974524903710778</latitude>
    <longitude>16.260919289375234</longitude>
  </origin>
  <destination>
    <id>117</id>
    <latitude>14.974524903710778</latitude>
    <longitude>16.260919289375234</longitude>
  </destination>
  <capacity>0.0</capacity>
  <skill>2</skill>
</objects.Resource>
<objects.Resource>
  <id>10</id>
  <description>Technician10</description>
  <region>1</region>
  <availability>
    <startTime>531</startTime>
    <endTime>1050</endTime>
  </availability>
  <breakTime>
    <startTime>912</startTime>
    <endTime>1429</endTime>
  </breakTime>
  <origin>
    <id>119</id>
    <latitude>14.825860308262943</latitude>
    <longitude>14.815963970319707</longitude>
  </origin>
  <destination>
    <id>119</id>
    <latitude>14.825860308262943</latitude>
    <longitude>14.815963970319707</longitude>
  </destination>
  <capacity>0.0</capacity>
  <skill>1</skill>
</objects.Resource>
