<objects.Task>
  <id>0</id>
  <Description>Task#0</Description>
  <type>T</type>
  <type__id>1</type__id>
  <priority>2</priority>
  <resId>0</resId>
  <serviceTime>76</serviceTime>
  <node>
    <id>0</id>
    <latitude>25.2085088718066</latitude>
    <longitude>21.455208367309343</longitude>
  </node>
  <region>1</region>
  <timeint>
    <startTime>618</startTime>
    <endTime>986</endTime>
  </timeint>
  <capacity>3.0</capacity>
</objects.Task>
<objects.Task>
  <id>1</id>
  <Description>Task#1</Description>
  <type>T</type>
  <type__id>1</type__id>
  <priority>2</priority>
  <resId>0</resId>
  <serviceTime>82</serviceTime>
  <node>
    <id>1</id>
    <latitude>24.463355628098036</latitude>
    <longitude>20.115899516039995</longitude>
  </node>
  <region>1</region>
  <timeint>
    <startTime>667</startTime>
    <endTime>983</endTime>
  </timeint>
  <capacity>5.0</capacity>
</objects.Task>
<objects.Task>
  <id>2</id>
  <Description>Task#2</Description>
  <type>T</type>
  <type__id>1</type__id>
  <priority>4</priority>
  <resId>0</resId>
  <serviceTime>83</serviceTime>
  <node>
    <id>2</id>
    <latitude>22.435910252817028</latitude>
    <longitude>22.114868431579904</longitude>
  </node>
  <region>1</region>
  <timeint>
    <startTime>605</startTime>
    <endTime>1195</endTime>
  </timeint>
  <capacity>3.0</capacity>
</objects.Task>
<objects.Task>
  <id>3</id>
  <Description>Task#3</Description>
  <type>T</type>
  <type__id>1</type__id>
  <priority>2</priority>
  <resId>0</resId>
  <serviceTime>72</serviceTime>
  <node>
    <id>3</id>
    <latitude>24.32716195742737</latitude>
    <longitude>18.49242950339302</longitude>
  </node>
  <region>1</region>
  <timeint>
    <startTime>480</startTime>
    <endTime>882</endTime>
  </timeint>
  <capacity>7.0</capacity>
</objects.Task>
<objects.Task>
  <id>4</id>
  <Description>Task#4</Description>
  <type>T</type>
  <type__id>1</type__id>
  <priority>1</priority>
  <resId>0</resId>
  <serviceTime>88</serviceTime>
  <node>
    <id>4</id>
    <latitude>24.69683377890999</latitude>
    <longitude>18.85498627224169</longitude>
  </node>
  <region>1</region>
  <timeint>
    <startTime>635</startTime>
    <endTime>1031</endTime>
  </timeint>
  <capacity>0.0</capacity>
</objects.Task>
<objects.Task>
  <id>5</id>
  <Description>Task#5</Description>
  <type>T</type>
  <type__id>1</type__id>
  <priority>2</priority>
  <resId>0</resId>
  <serviceTime>67</serviceTime>
  <node>
    <id>5</id>
    <latitude>24.618259638364997</latitude>
    <longitude>25.344782951656285</longitude>
  </node>
  <region>1</region>
  <timeint>
    <startTime>579</startTime>
    <endTime>1037</endTime>
  </timeint>
  <capacity>1.0</capacity>
</objects.Task>
<objects.Task>
  <id>6</id>
  <Description>Task#6</Description>
  <type>T</type>
  <type__id>1</type__id>
  <priority>4</priority>
  <resId>0</resId>
  <serviceTime>35</serviceTime>
  <node>
    <id>6</id>
    <latitude>24.571178193402922</latitude>
    <longitude>20.280953505118593</longitude>
  </node>
  <region>1</region>
  <timeint>
    <startTime>553</startTime>
    <endTime>999</endTime>
  </timeint>
  <capacity>8.0</capacity>
</objects.Task>
<objects.Task>
  <id>7</id>
  <Description>Task#7</Description>
  <type>T</type>
  <type__id>1</type__id>
  <priority>1</priority>
  <resId>0</resId>
  <serviceTime>49</serviceTime>
  <node>
    <id>7</id>
    <latitude>23.14892947981078</latitude>
    <longitude>22.319900411273316</longitude>
  </node>
  <region>1</region>
  <timeint>
    <startTime>544</startTime>
    <endTime>852</endTime>
  </timeint>
  <capacity>2.0</capacity>
</objects.Task>
<objects.Task>
  <id>8</id>
  <Description>Task#8</Description>
  <type>T</type>
  <type__id>1</type__id>
  <priority>2</priority>
  <resId>0</resId>
  <serviceTime>42</serviceTime>
  <node>
    <id>8</id>
    <latitude>25.084220114589318</latitude>
    <longitude>24.45200578664245</longitude>
  </node>
  <region>1</region>
  <timeint>
    <startTime>568</startTime>
    <endTime>882</endTime>
  </timeint>
  <capacity>1.0</capacity>
</objects.Task>
<objects.Task>
  <id>9</id>
  <Description>Task#9</Description>
  <type>T</type>
  <type__id>1</type__id>
  <priority>3</priority>
  <resId>0</resId>
  <serviceTime>46</serviceTime>
  <node>
    <id>9</id>
    <latitude>24.062577447606124</latitude>
    <longitude>20.592436144676125</longitude>
  </node>
  <region>1</region>
  <timeint>
    <startTime>678</startTime>
    <endTime>1067</endTime>
  </timeint>
  <capacity>3.0</capacity>
</objects.Task>
<objects.Task>
  <id>10</id>
  <Description>Task#10</Description>
  <type>T</type>
  <type__id>1</type__id>
  <priority>1</priority>
  <resId>0</resId>
  <serviceTime>55</serviceTime>
  <node>
    <id>10</id>
    <latitude>23.336253575756498</latitude>
    <longitude>20.998562924795454</longitude>
  </node>
  <region>1</region>
  <timeint>
    <startTime>626</startTime>
    <endTime>1031</endTime>
  </timeint>
  <capacity>1.0</capacity>
</objects.Task>
<objects.Task>
  <id>11</id>
  <Description>Task#11</Description>
  <type>T</type>
  <type__id>1</type__id>
  <priority>2</priority>
  <resId>0</resId>
  <serviceTime>30</serviceTime>
  <node>
    <id>11</id>
    <latitude>26.34359069414915</latitude>
    <longitude>17.583883203692817</longitude>
  </node>
  <region>1</region>
  <timeint>
    <startTime>604</startTime>
    <endTime>1153</endTime>
  </timeint>
  <capacity>4.0</capacity>
</objects.Task>
<objects.Task>
  <id>12</id>
  <Description>Task#12</Description>
  <type>T</type>
  <type__id>1</type__id>
  <priority>4</priority>
  <resId>0</resId>
  <serviceTime>70</serviceTime>
  <node>
    <id>12</id>
    <latitude>25.51600087992889</latitude>
    <longitude>19.204763950303384</longitude>
  </node>
  <region>1</region>
  <timeint>
    <startTime>660</startTime>
    <endTime>978</endTime>
  </timeint>
  <capacity>5.0</capacity>
</objects.Task>
<objects.Task>
  <id>13</id>
  <Description>Task#13</Description>
  <type>T</type>
  <type__id>1</type__id>
  <priority>4</priority>
  <resId>0</resId>
  <serviceTime>33</serviceTime>
  <node>
    <id>13</id>
    <latitude>23.950693219960524</latitude>
    <longitude>20.379835322176472</longitude>
  </node>
  <region>1</region>
  <timeint>
    <startTime>710</startTime>
    <endTime>999</endTime>
  </timeint>
  <capacity>3.0</capacity>
</objects.Task>
<objects.Task>
  <id>14</id>
  <Description>Task#14</Description>
  <type>T</type>
  <type__id>1</type__id>
  <priority>1</priority>
  <resId>0</resId>
  <serviceTime>47</serviceTime>
  <node>
    <id>14</id>
    <latitude>22.729424356409265</latitude>
    <longitude>22.917107595085948</longitude>
  </node>
  <region>1</region>
  <timeint>
    <startTime>504</startTime>
    <endTime>745</endTime>
  </timeint>
  <capacity>1.0</capacity>
</objects.Task>
<objects.Task>
  <id>15</id>
  <Description>Task#15</Description>
  <type>T</type>
  <type__id>1</type__id>
  <priority>2</priority>
  <resId>0</resId>
  <serviceTime>34</serviceTime>
  <node>
    <id>15</id>
    <latitude>23.114508778026035</latitude>
    <longitude>18.716162113664925</longitude>
  </node>
  <region>1</region>
  <timeint>
    <startTime>592</startTime>
    <endTime>914</endTime>
  </timeint>
  <capacity>9.0</capacity>
</objects.Task>
<objects.Task>
  <id>16</id>
  <Description>Task#16</Description>
  <type>T</type>
  <type__id>1</type__id>
  <priority>2</priority>
  <resId>0</resId>
  <serviceTime>51</serviceTime>
  <node>
    <id>16</id>
    <latitude>23.070496838029015</latitude>
    <longitude>22.336359726072416</longitude>
  </node>
  <region>1</region>
  <timeint>
    <startTime>697</startTime>
    <endTime>1168</endTime>
  </timeint>
  <capacity>3.0</capacity>
</objects.Task>
<objects.Task>
  <id>17</id>
  <Description>Task#17</Description>
  <type>T</type>
  <type__id>1</type__id>
  <priority>1</priority>
  <resId>0</resId>
  <serviceTime>74</serviceTime>
  <node>
    <id>17</id>
    <latitude>24.33175429998086</latitude>
    <longitude>22.00631876299746</longitude>
  </node>
  <region>1</region>
  <timeint>
    <startTime>663</startTime>
    <endTime>1066</endTime>
  </timeint>
  <capacity>1.0</capacity>
</objects.Task>
<objects.Task>
  <id>18</id>
  <Description>Task#18</Description>
  <type>T</type>
  <type__id>1</type__id>
  <priority>2</priority>
  <resId>0</resId>
  <serviceTime>35</serviceTime>
  <node>
    <id>18</id>
    <latitude>23.93615537420764</latitude>
    <longitude>19.024842865241304</longitude>
  </node>
  <region>1</region>
  <timeint>
    <startTime>664</startTime>
    <endTime>987</endTime>
  </timeint>
  <capacity>5.0</capacity>
</objects.Task>
<objects.Task>
  <id>19</id>
  <Description>Task#19</Description>
  <type>T</type>
  <type__id>1</type__id>
  <priority>1</priority>
  <resId>0</resId>
  <serviceTime>63</serviceTime>
  <node>
    <id>19</id>
    <latitude>22.341273884922895</latitude>
    <longitude>18.58902527395936</longitude>
  </node>
  <region>1</region>
  <timeint>
    <startTime>590</startTime>
    <endTime>1178</endTime>
  </timeint>
  <capacity>9.0</capacity>
</objects.Task>
<objects.Task>
  <id>20</id>
  <Description>Task#20</Description>
  <type>T</type>
  <type__id>1</type__id>
  <priority>3</priority>
  <resId>0</resId>
  <serviceTime>46</serviceTime>
  <node>
    <id>20</id>
    <latitude>23.984116314702657</latitude>
    <longitude>20.511288098110917</longitude>
  </node>
  <region>1</region>
  <timeint>
    <startTime>622</startTime>
    <endTime>1055</endTime>
  </timeint>
  <capacity>3.0</capacity>
</objects.Task>
<objects.Task>
  <id>21</id>
  <Description>Task#21</Description>
  <type>T</type>
  <type__id>1</type__id>
  <priority>3</priority>
  <resId>0</resId>
  <serviceTime>66</serviceTime>
  <node>
    <id>21</id>
    <latitude>24.2231740551187</latitude>
    <longitude>20.355017504783653</longitude>
  </node>
  <region>1</region>
  <timeint>
    <startTime>531</startTime>
    <endTime>1011</endTime>
  </timeint>
  <capacity>7.0</capacity>
</objects.Task>
<objects.Task>
  <id>22</id>
  <Description>Task#22</Description>
  <type>T</type>
  <type__id>1</type__id>
  <priority>4</priority>
  <resId>0</resId>
  <serviceTime>49</serviceTime>
  <node>
    <id>22</id>
    <latitude>26.87758057160485</latitude>
    <longitude>19.630798535274575</longitude>
  </node>
  <region>1</region>
  <timeint>
    <startTime>507</startTime>
    <endTime>946</endTime>
  </timeint>
  <capacity>2.0</capacity>
</objects.Task>
<objects.Task>
  <id>23</id>
  <Description>Task#23</Description>
  <type>T</type>
  <type__id>1</type__id>
  <priority>1</priority>
  <resId>0</resId>
  <serviceTime>44</serviceTime>
  <node>
    <id>23</id>
    <latitude>21.565984219347957</latitude>
    <longitude>18.23717230456131</longitude>
  </node>
  <region>1</region>
  <timeint>
    <startTime>595</startTime>
    <endTime>930</endTime>
  </timeint>
  <capacity>1.0</capacity>
</objects.Task>
<objects.Task>
  <id>24</id>
  <Description>Task#24</Description>
  <type>T</type>
  <type__id>1</type__id>
  <priority>2</priority>
  <resId>0</resId>
  <serviceTime>53</serviceTime>
  <node>
    <id>24</id>
    <latitude>23.902310046858382</latitude>
    <longitude>20.626802284006814</longitude>
  </node>
  <region>1</region>
  <timeint>
    <startTime>508</startTime>
    <endTime>751</endTime>
  </timeint>
  <capacity>6.0</capacity>
</objects.Task>
<objects.Task>
  <id>25</id>
  <Description>Task#25</Description>
  <type>T</type>
  <type__id>1</type__id>
  <priority>2</priority>
  <resId>0</resId>
  <serviceTime>88</serviceTime>
  <node>
    <id>25</id>
    <latitude>48.263364851672364</latitude>
    <longitude>35.55174272622301</longitude>
  </node>
  <region>1</region>
  <timeint>
    <startTime>594</startTime>
    <endTime>1142</endTime>
  </timeint>
  <capacity>4.0</capacity>
</objects.Task>
<objects.Task>
  <id>26</id>
  <Description>Task#26</Description>
  <type>T</type>
  <type__id>1</type__id>
  <priority>4</priority>
  <resId>0</resId>
  <serviceTime>59</serviceTime>
  <node>
    <id>26</id>
    <latitude>45.23874631852942</latitude>
    <longitude>36.81447295296936</longitude>
  </node>
  <region>1</region>
  <timeint>
    <startTime>562</startTime>
    <endTime>1112</endTime>
  </timeint>
  <capacity>9.0</capacity>
</objects.Task>
<objects.Task>
  <id>27</id>
  <Description>Task#27</Description>
  <type>T</type>
  <type__id>1</type__id>
  <priority>3</priority>
  <resId>0</resId>
  <serviceTime>77</serviceTime>
  <node>
    <id>27</id>
    <latitude>47.52895806169198</latitude>
    <longitude>37.89730900633608</longitude>
  </node>
  <region>1</region>
  <timeint>
    <startTime>605</startTime>
    <endTime>1023</endTime>
  </timeint>
  <capacity>0.0</capacity>
</objects.Task>
<objects.Task>
  <id>28</id>
  <Description>Task#28</Description>
  <type>T</type>
  <type__id>1</type__id>
  <priority>4</priority>
  <resId>0</resId>
  <serviceTime>76</serviceTime>
  <node>
    <id>28</id>
    <latitude>47.85076853902086</latitude>
    <longitude>33.44140891389555</longitude>
  </node>
  <region>1</region>
  <timeint>
    <startTime>606</startTime>
    <endTime>1096</endTime>
  </timeint>
  <capacity>0.0</capacity>
</objects.Task>
<objects.Task>
  <id>29</id>
  <Description>Task#29</Description>
  <type>T</type>
  <type__id>1</type__id>
  <priority>3</priority>
  <resId>0</resId>
  <serviceTime>43</serviceTime>
  <node>
    <id>29</id>
    <latitude>47.16134699960072</latitude>
    <longitude>28.668972806711103</longitude>
  </node>
  <region>1</region>
  <timeint>
    <startTime>637</startTime>
    <endTime>1232</endTime>
  </timeint>
  <capacity>4.0</capacity>
</objects.Task>
<objects.Task>
  <id>30</id>
  <Description>Task#30</Description>
  <type>T</type>
  <type__id>1</type__id>
  <priority>3</priority>
  <resId>0</resId>
  <serviceTime>44</serviceTime>
  <node>
    <id>30</id>
    <latitude>41.98436611953234</latitude>
    <longitude>41.270257494649314</longitude>
  </node>
  <region>1</region>
  <timeint>
    <startTime>588</startTime>
    <endTime>873</endTime>
  </timeint>
  <capacity>5.0</capacity>
</objects.Task>
<objects.Task>
  <id>31</id>
  <Description>Task#31</Description>
  <type>T</type>
  <type__id>1</type__id>
  <priority>3</priority>
  <resId>0</resId>
  <serviceTime>57</serviceTime>
  <node>
    <id>31</id>
    <latitude>45.402317243543585</latitude>
    <longitude>36.292463876993665</longitude>
  </node>
  <region>1</region>
  <timeint>
    <startTime>697</startTime>
    <endTime>1104</endTime>
  </timeint>
  <capacity>9.0</capacity>
</objects.Task>
<objects.Task>
  <id>32</id>
  <Description>Task#32</Description>
  <type>T</type>
  <type__id>1</type__id>
  <priority>3</priority>
  <resId>0</resId>
  <serviceTime>80</serviceTime>
  <node>
    <id>32</id>
    <latitude>42.81539818389926</latitude>
    <longitude>29.85941200309767</longitude>
  </node>
  <region>1</region>
  <timeint>
    <startTime>561</startTime>
    <endTime>1118</endTime>
  </timeint>
  <capacity>6.0</capacity>
</objects.Task>
<objects.Task>
  <id>33</id>
  <Description>Task#33</Description>
  <type>T</type>
  <type__id>1</type__id>
  <priority>3</priority>
  <resId>0</resId>
  <serviceTime>33</serviceTime>
  <node>
    <id>33</id>
    <latitude>46.23471723884305</latitude>
    <longitude>35.967170278899</longitude>
  </node>
  <region>1</region>
  <timeint>
    <startTime>681</startTime>
    <endTime>954</endTime>
  </timeint>
  <capacity>7.0</capacity>
</objects.Task>
<objects.Task>
  <id>34</id>
  <Description>Task#34</Description>
  <type>T</type>
  <type__id>1</type__id>
  <priority>1</priority>
  <resId>0</resId>
  <serviceTime>70</serviceTime>
  <node>
    <id>34</id>
    <latitude>45.60826632005763</latitude>
    <longitude>36.25147284597794</longitude>
  </node>
  <region>1</region>
  <timeint>
    <startTime>530</startTime>
    <endTime>828</endTime>
  </timeint>
  <capacity>2.0</capacity>
</objects.Task>
<objects.Task>
  <id>35</id>
  <Description>Task#35</Description>
  <type>T</type>
  <type__id>1</type__id>
  <priority>4</priority>
  <resId>0</resId>
  <serviceTime>66</serviceTime>
  <node>
    <id>35</id>
    <latitude>47.33157858389685</latitude>
    <longitude>34.73268629396007</longitude>
  </node>
  <region>1</region>
  <timeint>
    <startTime>573</startTime>
    <endTime>840</endTime>
  </timeint>
  <capacity>9.0</capacity>
</objects.Task>
<objects.Task>
  <id>36</id>
  <Description>Task#36</Description>
  <type>T</type>
  <type__id>1</type__id>
  <priority>4</priority>
  <resId>0</resId>
  <serviceTime>62</serviceTime>
  <node>
    <id>36</id>
    <latitude>50.0</latitude>
    <longitude>49.67546371705514</longitude>
  </node>
  <region>1</region>
  <timeint>
    <startTime>527</startTime>
    <endTime>969</endTime>
  </timeint>
  <capacity>3.0</capacity>
</objects.Task>
<objects.Task>
  <id>37</id>
  <Description>Task#37</Description>
  <type>T</type>
  <type__id>1</type__id>
  <priority>4</priority>
  <resId>0</resId>
  <serviceTime>49</serviceTime>
  <node>
    <id>37</id>
    <latitude>45.25698769629233</latitude>
    <longitude>33.34132163449072</longitude>
  </node>
  <region>1</region>
  <timeint>
    <startTime>640</startTime>
    <endTime>1104</endTime>
  </timeint>
  <capacity>3.0</capacity>
</objects.Task>
<objects.Task>
  <id>38</id>
  <Description>Task#38</Description>
  <type>T</type>
  <type__id>1</type__id>
  <priority>1</priority>
  <resId>0</resId>
  <serviceTime>76</serviceTime>
  <node>
    <id>38</id>
    <latitude>45.950163139052705</latitude>
    <longitude>35.47014934657352</longitude>
  </node>
  <region>1</region>
  <timeint>
    <startTime>643</startTime>
    <endTime>967</endTime>
  </timeint>
  <capacity>4.0</capacity>
</objects.Task>
<objects.Task>
  <id>39</id>
  <Description>Task#39</Description>
  <type>T</type>
  <type__id>1</type__id>
  <priority>2</priority>
  <resId>0</resId>
  <serviceTime>73</serviceTime>
  <node>
    <id>39</id>
    <latitude>45.94941257550736</latitude>
    <longitude>34.47144358200868</longitude>
  </node>
  <region>1</region>
  <timeint>
    <startTime>651</startTime>
    <endTime>1130</endTime>
  </timeint>
  <capacity>1.0</capacity>
</objects.Task>
<objects.Task>
  <id>40</id>
  <Description>Task#40</Description>
  <type>T</type>
  <type__id>1</type__id>
  <priority>2</priority>
  <resId>0</resId>
  <serviceTime>52</serviceTime>
  <node>
    <id>40</id>
    <latitude>44.29471220164821</latitude>
    <longitude>35.1514868028477</longitude>
  </node>
  <region>1</region>
  <timeint>
    <startTime>499</startTime>
    <endTime>1079</endTime>
  </timeint>
  <capacity>3.0</capacity>
</objects.Task>
<objects.Task>
  <id>41</id>
  <Description>Task#41</Description>
  <type>T</type>
  <type__id>1</type__id>
  <priority>3</priority>
  <resId>0</resId>
  <serviceTime>89</serviceTime>
  <node>
    <id>41</id>
    <latitude>47.38347280461411</latitude>
    <longitude>34.67781122828148</longitude>
  </node>
  <region>1</region>
  <timeint>
    <startTime>679</startTime>
    <endTime>1014</endTime>
  </timeint>
  <capacity>5.0</capacity>
</objects.Task>
<objects.Task>
  <id>42</id>
  <Description>Task#42</Description>
  <type>T</type>
  <type__id>1</type__id>
  <priority>3</priority>
  <resId>0</resId>
  <serviceTime>33</serviceTime>
  <node>
    <id>42</id>
    <latitude>46.18738457802982</latitude>
    <longitude>34.70967670585703</longitude>
  </node>
  <region>1</region>
  <timeint>
    <startTime>716</startTime>
    <endTime>1074</endTime>
  </timeint>
  <capacity>1.0</capacity>
</objects.Task>
<objects.Task>
  <id>43</id>
  <Description>Task#43</Description>
  <type>T</type>
  <type__id>1</type__id>
  <priority>4</priority>
  <resId>0</resId>
  <serviceTime>78</serviceTime>
  <node>
    <id>43</id>
    <latitude>46.36704788710152</latitude>
    <longitude>35.06497203213422</longitude>
  </node>
  <region>1</region>
  <timeint>
    <startTime>692</startTime>
    <endTime>1207</endTime>
  </timeint>
  <capacity>5.0</capacity>
</objects.Task>
<objects.Task>
  <id>44</id>
  <Description>Task#44</Description>
  <type>T</type>
  <type__id>1</type__id>
  <priority>4</priority>
  <resId>0</resId>
  <serviceTime>35</serviceTime>
  <node>
    <id>44</id>
    <latitude>47.87032466051865</latitude>
    <longitude>35.57016053040012</longitude>
  </node>
  <region>1</region>
  <timeint>
    <startTime>659</startTime>
    <endTime>1032</endTime>
  </timeint>
  <capacity>7.0</capacity>
</objects.Task>
<objects.Task>
  <id>45</id>
  <Description>Task#45</Description>
  <type>T</type>
  <type__id>1</type__id>
  <priority>1</priority>
  <resId>0</resId>
  <serviceTime>71</serviceTime>
  <node>
    <id>45</id>
    <latitude>47.292736656146694</latitude>
    <longitude>35.401340890468205</longitude>
  </node>
  <region>1</region>
  <timeint>
    <startTime>583</startTime>
    <endTime>859</endTime>
  </timeint>
  <capacity>6.0</capacity>
</objects.Task>
<objects.Task>
  <id>46</id>
  <Description>Task#46</Description>
  <type>T</type>
  <type__id>1</type__id>
  <priority>1</priority>
  <resId>0</resId>
  <serviceTime>32</serviceTime>
  <node>
    <id>46</id>
    <latitude>47.01005517270501</latitude>
    <longitude>34.71366874850904</longitude>
  </node>
  <region>1</region>
  <timeint>
    <startTime>574</startTime>
    <endTime>1017</endTime>
  </timeint>
  <capacity>5.0</capacity>
</objects.Task>
<objects.Task>
  <id>47</id>
  <Description>Task#47</Description>
  <type>T</type>
  <type__id>1</type__id>
  <priority>1</priority>
  <resId>0</resId>
  <serviceTime>32</serviceTime>
  <node>
    <id>47</id>
    <latitude>44.67353425228352</latitude>
    <longitude>36.255285876781606</longitude>
  </node>
  <region>1</region>
  <timeint>
    <startTime>564</startTime>
    <endTime>949</endTime>
  </timeint>
  <capacity>0.0</capacity>
</objects.Task>
<objects.Task>
  <id>48</id>
  <Description>Task#48</Description>
  <type>T</type>
  <type__id>1</type__id>
  <priority>3</priority>
  <resId>0</resId>
  <serviceTime>52</serviceTime>
  <node>
    <id>48</id>
    <latitude>50.0</latitude>
    <longitude>28.97840863373528</longitude>
  </node>
  <region>1</region>
  <timeint>
    <startTime>665</startTime>
    <endTime>931</endTime>
  </timeint>
  <capacity>8.0</capacity>
</objects.Task>
<objects.Task>
  <id>49</id>
  <Description>Task#49</Description>
  <type>T</type>
  <type__id>1</type__id>
  <priority>4</priority>
  <resId>0</resId>
  <serviceTime>46</serviceTime>
  <node>
    <id>49</id>
    <latitude>46.31225426362102</latitude>
    <longitude>35.049667354575746</longitude>
  </node>
  <region>1</region>
  <timeint>
    <startTime>508</startTime>
    <endTime>946</endTime>
  </timeint>
  <capacity>9.0</capacity>
</objects.Task>
<objects.Task>
  <id>50</id>
  <Description>Task#50</Description>
  <type>T</type>
  <type__id>1</type__id>
  <priority>4</priority>
  <resId>0</resId>
  <serviceTime>57</serviceTime>
  <node>
    <id>50</id>
    <latitude>48.865903879122335</latitude>
    <longitude>14.241977139209293</longitude>
  </node>
  <region>1</region>
  <timeint>
    <startTime>647</startTime>
    <endTime>1080</endTime>
  </timeint>
  <capacity>6.0</capacity>
</objects.Task>
<objects.Task>
  <id>51</id>
  <Description>Task#51</Description>
  <type>T</type>
  <type__id>1</type__id>
  <priority>2</priority>
  <resId>0</resId>
  <serviceTime>62</serviceTime>
  <node>
    <id>51</id>
    <latitude>48.40550910668647</latitude>
    <longitude>17.833000210762552</longitude>
  </node>
  <region>1</region>
  <timeint>
    <startTime>649</startTime>
    <endTime>925</endTime>
  </timeint>
  <capacity>3.0</capacity>
</objects.Task>
<objects.Task>
  <id>52</id>
  <Description>Task#52</Description>
  <type>T</type>
  <type__id>1</type__id>
  <priority>2</priority>
  <resId>0</resId>
  <serviceTime>42</serviceTime>
  <node>
    <id>52</id>
    <latitude>49.832459882714</latitude>
    <longitude>16.98457242066891</longitude>
  </node>
  <region>1</region>
  <timeint>
    <startTime>644</startTime>
    <endTime>919</endTime>
  </timeint>
  <capacity>3.0</capacity>
</objects.Task>
<objects.Task>
  <id>53</id>
  <Description>Task#53</Description>
  <type>T</type>
  <type__id>1</type__id>
  <priority>3</priority>
  <resId>0</resId>
  <serviceTime>56</serviceTime>
  <node>
    <id>53</id>
    <latitude>50.0</latitude>
    <longitude>13.511391389174518</longitude>
  </node>
  <region>1</region>
  <timeint>
    <startTime>635</startTime>
    <endTime>1120</endTime>
  </timeint>
  <capacity>8.0</capacity>
</objects.Task>
<objects.Task>
  <id>54</id>
  <Description>Task#54</Description>
  <type>T</type>
  <type__id>1</type__id>
  <priority>4</priority>
  <resId>0</resId>
  <serviceTime>84</serviceTime>
  <node>
    <id>54</id>
    <latitude>50.0</latitude>
    <longitude>16.27614955325834</longitude>
  </node>
  <region>1</region>
  <timeint>
    <startTime>642</startTime>
    <endTime>1210</endTime>
  </timeint>
  <capacity>8.0</capacity>
</objects.Task>
<objects.Task>
  <id>55</id>
  <Description>Task#55</Description>
  <type>T</type>
  <type__id>1</type__id>
  <priority>3</priority>
  <resId>0</resId>
  <serviceTime>72</serviceTime>
  <node>
    <id>55</id>
    <latitude>47.128014862420436</latitude>
    <longitude>15.794289365518749</longitude>
  </node>
  <region>1</region>
  <timeint>
    <startTime>541</startTime>
    <endTime>1091</endTime>
  </timeint>
  <capacity>3.0</capacity>
</objects.Task>
<objects.Task>
  <id>56</id>
  <Description>Task#56</Description>
  <type>T</type>
  <type__id>1</type__id>
  <priority>1</priority>
  <resId>0</resId>
  <serviceTime>39</serviceTime>
  <node>
    <id>56</id>
    <latitude>47.679194006374885</latitude>
    <longitude>16.177067747811538</longitude>
  </node>
  <region>1</region>
  <timeint>
    <startTime>655</startTime>
    <endTime>902</endTime>
  </timeint>
  <capacity>8.0</capacity>
</objects.Task>
<objects.Task>
  <id>57</id>
  <Description>Task#57</Description>
  <type>T</type>
  <type__id>1</type__id>
  <priority>2</priority>
  <resId>0</resId>
  <serviceTime>83</serviceTime>
  <node>
    <id>57</id>
    <latitude>49.81647560575785</latitude>
    <longitude>17.237383585687972</longitude>
  </node>
  <region>1</region>
  <timeint>
    <startTime>582</startTime>
    <endTime>949</endTime>
  </timeint>
  <capacity>6.0</capacity>
</objects.Task>
<objects.Task>
  <id>58</id>
  <Description>Task#58</Description>
  <type>T</type>
  <type__id>1</type__id>
  <priority>3</priority>
  <resId>0</resId>
  <serviceTime>31</serviceTime>
  <node>
    <id>58</id>
    <latitude>50.0</latitude>
    <longitude>15.740795747906567</longitude>
  </node>
  <region>1</region>
  <timeint>
    <startTime>593</startTime>
    <endTime>1130</endTime>
  </timeint>
  <capacity>8.0</capacity>
</objects.Task>
<objects.Task>
  <id>59</id>
  <Description>Task#59</Description>
  <type>T</type>
  <type__id>1</type__id>
  <priority>1</priority>
  <resId>0</resId>
  <serviceTime>57</serviceTime>
  <node>
    <id>59</id>
    <latitude>49.96470536283848</latitude>
    <longitude>17.127154219000648</longitude>
  </node>
  <region>1</region>
  <timeint>
    <startTime>578</startTime>
    <endTime>1130</endTime>
  </timeint>
  <capacity>7.0</capacity>
</objects.Task>
<objects.Task>
  <id>60</id>
  <Description>Task#60</Description>
  <type>T</type>
  <type__id>1</type__id>
  <priority>4</priority>
  <resId>0</resId>
  <serviceTime>49</serviceTime>
  <node>
    <id>60</id>
    <latitude>50.0</latitude>
    <longitude>17.889148792656393</longitude>
  </node>
  <region>1</region>
  <timeint>
    <startTime>494</startTime>
    <endTime>1078</endTime>
  </timeint>
  <capacity>5.0</capacity>
</objects.Task>
<objects.Task>
  <id>61</id>
  <Description>Task#61</Description>
  <type>T</type>
  <type__id>1</type__id>
  <priority>1</priority>
  <resId>0</resId>
  <serviceTime>39</serviceTime>
  <node>
    <id>61</id>
    <latitude>48.950325168690355</latitude>
    <longitude>15.34761625510907</longitude>
  </node>
  <region>1</region>
  <timeint>
    <startTime>584</startTime>
    <endTime>949</endTime>
  </timeint>
  <capacity>0.0</capacity>
</objects.Task>
<objects.Task>
  <id>62</id>
  <Description>Task#62</Description>
  <type>T</type>
  <type__id>1</type__id>
  <priority>1</priority>
  <resId>0</resId>
  <serviceTime>80</serviceTime>
  <node>
    <id>62</id>
    <latitude>50.0</latitude>
    <longitude>12.715554312641217</longitude>
  </node>
  <region>1</region>
  <timeint>
    <startTime>697</startTime>
    <endTime>993</endTime>
  </timeint>
  <capacity>2.0</capacity>
</objects.Task>
<objects.Task>
  <id>63</id>
  <Description>Task#63</Description>
  <type>T</type>
  <type__id>1</type__id>
  <priority>1</priority>
  <resId>0</resId>
  <serviceTime>74</serviceTime>
  <node>
    <id>63</id>
    <latitude>50.0</latitude>
    <longitude>17.85839309161433</longitude>
  </node>
  <region>1</region>
  <timeint>
    <startTime>611</startTime>
    <endTime>1208</endTime>
  </timeint>
  <capacity>7.0</capacity>
</objects.Task>
<objects.Task>
  <id>64</id>
  <Description>Task#64</Description>
  <type>T</type>
  <type__id>1</type__id>
  <priority>4</priority>
  <resId>0</resId>
  <serviceTime>86</serviceTime>
  <node>
    <id>64</id>
    <latitude>48.96972068866889</latitude>
    <longitude>16.655555212466908</longitude>
  </node>
  <region>1</region>
  <timeint>
    <startTime>634</startTime>
    <endTime>1013</endTime>
  </timeint>
  <capacity>7.0</capacity>
</objects.Task>
<objects.Task>
  <id>65</id>
  <Description>Task#65</Description>
  <type>T</type>
  <type__id>1</type__id>
  <priority>1</priority>
  <resId>0</resId>
  <serviceTime>39</serviceTime>
  <node>
    <id>65</id>
    <latitude>49.34466836152567</latitude>
    <longitude>17.211022120679615</longitude>
  </node>
  <region>1</region>
  <timeint>
    <startTime>662</startTime>
    <endTime>1133</endTime>
  </timeint>
  <capacity>0.0</capacity>
</objects.Task>
<objects.Task>
  <id>66</id>
  <Description>Task#66</Description>
  <type>T</type>
  <type__id>1</type__id>
  <priority>3</priority>
  <resId>0</resId>
  <serviceTime>85</serviceTime>
  <node>
    <id>66</id>
    <latitude>49.30147228245921</latitude>
    <longitude>17.411226769314926</longitude>
  </node>
  <region>1</region>
  <timeint>
    <startTime>604</startTime>
    <endTime>1155</endTime>
  </timeint>
  <capacity>8.0</capacity>
</objects.Task>
<objects.Task>
  <id>67</id>
  <Description>Task#67</Description>
  <type>T</type>
  <type__id>1</type__id>
  <priority>1</priority>
  <resId>0</resId>
  <serviceTime>73</serviceTime>
  <node>
    <id>67</id>
    <latitude>50.0</latitude>
    <longitude>14.541602036140247</longitude>
  </node>
  <region>1</region>
  <timeint>
    <startTime>491</startTime>
    <endTime>863</endTime>
  </timeint>
  <capacity>7.0</capacity>
</objects.Task>
<objects.Task>
  <id>68</id>
  <Description>Task#68</Description>
  <type>T</type>
  <type__id>1</type__id>
  <priority>3</priority>
  <resId>0</resId>
  <serviceTime>46</serviceTime>
  <node>
    <id>68</id>
    <latitude>49.82799704950756</latitude>
    <longitude>17.01549511654338</longitude>
  </node>
  <region>1</region>
  <timeint>
    <startTime>717</startTime>
    <endTime>1045</endTime>
  </timeint>
  <capacity>4.0</capacity>
</objects.Task>
<objects.Task>
  <id>69</id>
  <Description>Task#69</Description>
  <type>T</type>
  <type__id>1</type__id>
  <priority>4</priority>
  <resId>0</resId>
  <serviceTime>45</serviceTime>
  <node>
    <id>69</id>
    <latitude>49.06155385211009</latitude>
    <longitude>18.11840232244471</longitude>
  </node>
  <region>1</region>
  <timeint>
    <startTime>495</startTime>
    <endTime>956</endTime>
  </timeint>
  <capacity>6.0</capacity>
</objects.Task>
<objects.Task>
  <id>70</id>
  <Description>Task#70</Description>
  <type>T</type>
  <type__id>1</type__id>
  <priority>3</priority>
  <resId>0</resId>
  <serviceTime>51</serviceTime>
  <node>
    <id>70</id>
    <latitude>50.0</latitude>
    <longitude>19.359727851818604</longitude>
  </node>
  <region>1</region>
  <timeint>
    <startTime>644</startTime>
    <endTime>1065</endTime>
  </timeint>
  <capacity>7.0</capacity>
</objects.Task>
<objects.Task>
  <id>71</id>
  <Description>Task#71</Description>
  <type>T</type>
  <type__id>1</type__id>
  <priority>3</priority>
  <resId>0</resId>
  <serviceTime>76</serviceTime>
  <node>
    <id>71</id>
    <latitude>49.4435467153456</latitude>
    <longitude>16.878121091933874</longitude>
  </node>
  <region>1</region>
  <timeint>
    <startTime>704</startTime>
    <endTime>944</endTime>
  </timeint>
  <capacity>4.0</capacity>
</objects.Task>
<objects.Task>
  <id>72</id>
  <Description>Task#72</Description>
  <type>T</type>
  <type__id>1</type__id>
  <priority>2</priority>
  <resId>0</resId>
  <serviceTime>41</serviceTime>
  <node>
    <id>72</id>
    <latitude>50.0</latitude>
    <longitude>14.32048756791174</longitude>
  </node>
  <region>1</region>
  <timeint>
    <startTime>670</startTime>
    <endTime>1143</endTime>
  </timeint>
  <capacity>6.0</capacity>
</objects.Task>
<objects.Task>
  <id>73</id>
  <Description>Task#73</Description>
  <type>T</type>
  <type__id>1</type__id>
  <priority>4</priority>
  <resId>0</resId>
  <serviceTime>71</serviceTime>
  <node>
    <id>73</id>
    <latitude>50.0</latitude>
    <longitude>21.211073332247153</longitude>
  </node>
  <region>1</region>
  <timeint>
    <startTime>497</startTime>
    <endTime>824</endTime>
  </timeint>
  <capacity>2.0</capacity>
</objects.Task>
<objects.Task>
  <id>74</id>
  <Description>Task#74</Description>
  <type>T</type>
  <type__id>1</type__id>
  <priority>3</priority>
  <resId>0</resId>
  <serviceTime>33</serviceTime>
  <node>
    <id>74</id>
    <latitude>46.258197652355534</latitude>
    <longitude>15.210134387591085</longitude>
  </node>
  <region>1</region>
  <timeint>
    <startTime>692</startTime>
    <endTime>1219</endTime>
  </timeint>
  <capacity>4.0</capacity>
</objects.Task>
<objects.Task>
  <id>75</id>
  <Description>Task#75</Description>
  <type>T</type>
  <type__id>1</type__id>
  <priority>1</priority>
  <resId>0</resId>
  <serviceTime>58</serviceTime>
  <node>
    <id>75</id>
    <latitude>5.799393035699969</latitude>
    <longitude>37.65534220644298</longitude>
  </node>
  <region>1</region>
  <timeint>
    <startTime>626</startTime>
    <endTime>1005</endTime>
  </timeint>
  <capacity>1.0</capacity>
</objects.Task>
<objects.Task>
  <id>76</id>
  <Description>Task#76</Description>
  <type>T</type>
  <type__id>1</type__id>
  <priority>2</priority>
  <resId>0</resId>
  <serviceTime>31</serviceTime>
  <node>
    <id>76</id>
    <latitude>12.180989552682853</latitude>
    <longitude>40.95277124957047</longitude>
  </node>
  <region>1</region>
  <timeint>
    <startTime>503</startTime>
    <endTime>914</endTime>
  </timeint>
  <capacity>3.0</capacity>
</objects.Task>
<objects.Task>
  <id>77</id>
  <Description>Task#77</Description>
  <type>T</type>
  <type__id>1</type__id>
  <priority>4</priority>
  <resId>0</resId>
  <serviceTime>72</serviceTime>
  <node>
    <id>77</id>
    <latitude>13.581354591549434</latitude>
    <longitude>39.82360230602676</longitude>
  </node>
  <region>1</region>
  <timeint>
    <startTime>587</startTime>
    <endTime>852</endTime>
  </timeint>
  <capacity>7.0</capacity>
</objects.Task>
<objects.Task>
  <id>78</id>
  <Description>Task#78</Description>
  <type>T</type>
  <type__id>1</type__id>
  <priority>4</priority>
  <resId>0</resId>
  <serviceTime>49</serviceTime>
  <node>
    <id>78</id>
    <latitude>10.78633024551792</latitude>
    <longitude>40.009185145380805</longitude>
  </node>
  <region>1</region>
  <timeint>
    <startTime>541</startTime>
    <endTime>942</endTime>
  </timeint>
  <capacity>9.0</capacity>
</objects.Task>
<objects.Task>
  <id>79</id>
  <Description>Task#79</Description>
  <type>T</type>
  <type__id>1</type__id>
  <priority>3</priority>
  <resId>0</resId>
  <serviceTime>88</serviceTime>
  <node>
    <id>79</id>
    <latitude>11.049581906025551</latitude>
    <longitude>40.35338197762628</longitude>
  </node>
  <region>1</region>
  <timeint>
    <startTime>552</startTime>
    <endTime>1148</endTime>
  </timeint>
  <capacity>6.0</capacity>
</objects.Task>
<objects.Task>
  <id>80</id>
  <Description>Task#80</Description>
  <type>T</type>
  <type__id>1</type__id>
  <priority>1</priority>
  <resId>0</resId>
  <serviceTime>52</serviceTime>
  <node>
    <id>80</id>
    <latitude>14.348426919295699</latitude>
    <longitude>39.89894128167146</longitude>
  </node>
  <region>1</region>
  <timeint>
    <startTime>643</startTime>
    <endTime>1071</endTime>
  </timeint>
  <capacity>7.0</capacity>
</objects.Task>
<objects.Task>
  <id>81</id>
  <Description>Task#81</Description>
  <type>T</type>
  <type__id>1</type__id>
  <priority>1</priority>
  <resId>0</resId>
  <serviceTime>72</serviceTime>
  <node>
    <id>81</id>
    <latitude>10.315887186086993</latitude>
    <longitude>39.770219557418066</longitude>
  </node>
  <region>1</region>
  <timeint>
    <startTime>583</startTime>
    <endTime>1150</endTime>
  </timeint>
  <capacity>7.0</capacity>
</objects.Task>
<objects.Task>
  <id>82</id>
  <Description>Task#82</Description>
  <type>T</type>
  <type__id>1</type__id>
  <priority>3</priority>
  <resId>0</resId>
  <serviceTime>80</serviceTime>
  <node>
    <id>82</id>
    <latitude>12.942984850126113</latitude>
    <longitude>39.51229633888119</longitude>
  </node>
  <region>1</region>
  <timeint>
    <startTime>672</startTime>
    <endTime>1097</endTime>
  </timeint>
  <capacity>4.0</capacity>
</objects.Task>
<objects.Task>
  <id>83</id>
  <Description>Task#83</Description>
  <type>T</type>
  <type__id>1</type__id>
  <priority>2</priority>
  <resId>0</resId>
  <serviceTime>86</serviceTime>
  <node>
    <id>83</id>
    <latitude>13.229638851075876</latitude>
    <longitude>35.422254049365314</longitude>
  </node>
  <region>1</region>
  <timeint>
    <startTime>492</startTime>
    <endTime>1034</endTime>
  </timeint>
  <capacity>4.0</capacity>
</objects.Task>
<objects.Task>
  <id>84</id>
  <Description>Task#84</Description>
  <type>T</type>
  <type__id>1</type__id>
  <priority>2</priority>
  <resId>0</resId>
  <serviceTime>45</serviceTime>
  <node>
    <id>84</id>
    <latitude>12.383521470420074</latitude>
    <longitude>42.25869283427346</longitude>
  </node>
  <region>1</region>
  <timeint>
    <startTime>693</startTime>
    <endTime>1050</endTime>
  </timeint>
  <capacity>0.0</capacity>
</objects.Task>
<objects.Task>
  <id>85</id>
  <Description>Task#85</Description>
  <type>T</type>
  <type__id>1</type__id>
  <priority>3</priority>
  <resId>0</resId>
  <serviceTime>35</serviceTime>
  <node>
    <id>85</id>
    <latitude>9.619683531622336</latitude>
    <longitude>39.829181656271025</longitude>
  </node>
  <region>1</region>
  <timeint>
    <startTime>584</startTime>
    <endTime>1078</endTime>
  </timeint>
  <capacity>0.0</capacity>
</objects.Task>
<objects.Task>
  <id>86</id>
  <Description>Task#86</Description>
  <type>T</type>
  <type__id>1</type__id>
  <priority>2</priority>
  <resId>0</resId>
  <serviceTime>76</serviceTime>
  <node>
    <id>86</id>
    <latitude>11.813670819010053</latitude>
    <longitude>40.700229521924776</longitude>
  </node>
  <region>1</region>
  <timeint>
    <startTime>545</startTime>
    <endTime>800</endTime>
  </timeint>
  <capacity>6.0</capacity>
</objects.Task>
<objects.Task>
  <id>87</id>
  <Description>Task#87</Description>
  <type>T</type>
  <type__id>1</type__id>
  <priority>1</priority>
  <resId>0</resId>
  <serviceTime>57</serviceTime>
  <node>
    <id>87</id>
    <latitude>10.388312716024393</latitude>
    <longitude>39.30413465953938</longitude>
  </node>
  <region>1</region>
  <timeint>
    <startTime>569</startTime>
    <endTime>964</endTime>
  </timeint>
  <capacity>5.0</capacity>
</objects.Task>
<objects.Task>
  <id>88</id>
  <Description>Task#88</Description>
  <type>T</type>
  <type__id>1</type__id>
  <priority>2</priority>
  <resId>0</resId>
  <serviceTime>50</serviceTime>
  <node>
    <id>88</id>
    <latitude>10.806462398593595</latitude>
    <longitude>39.64628374691291</longitude>
  </node>
  <region>1</region>
  <timeint>
    <startTime>690</startTime>
    <endTime>1038</endTime>
  </timeint>
  <capacity>3.0</capacity>
</objects.Task>
<objects.Task>
  <id>89</id>
  <Description>Task#89</Description>
  <type>T</type>
  <type__id>1</type__id>
  <priority>1</priority>
  <resId>0</resId>
  <serviceTime>52</serviceTime>
  <node>
    <id>89</id>
    <latitude>3.6508848192930428</latitude>
    <longitude>43.60682499240066</longitude>
  </node>
  <region>1</region>
  <timeint>
    <startTime>493</startTime>
    <endTime>840</endTime>
  </timeint>
  <capacity>4.0</capacity>
</objects.Task>
<objects.Task>
  <id>90</id>
  <Description>Task#90</Description>
  <type>T</type>
  <type__id>1</type__id>
  <priority>1</priority>
  <resId>0</resId>
  <serviceTime>70</serviceTime>
  <node>
    <id>90</id>
    <latitude>7.731906748341203</latitude>
    <longitude>41.24347711002224</longitude>
  </node>
  <region>1</region>
  <timeint>
    <startTime>482</startTime>
    <endTime>813</endTime>
  </timeint>
  <capacity>2.0</capacity>
</objects.Task>
<objects.Task>
  <id>91</id>
  <Description>Task#91</Description>
  <type>T</type>
  <type__id>1</type__id>
  <priority>1</priority>
  <resId>0</resId>
  <serviceTime>66</serviceTime>
  <node>
    <id>91</id>
    <latitude>10.203554458268481</latitude>
    <longitude>39.13855590873203</longitude>
  </node>
  <region>1</region>
  <timeint>
    <startTime>654</startTime>
    <endTime>1105</endTime>
  </timeint>
  <capacity>2.0</capacity>
</objects.Task>
<objects.Task>
  <id>92</id>
  <Description>Task#92</Description>
  <type>T</type>
  <type__id>1</type__id>
  <priority>2</priority>
  <resId>0</resId>
  <serviceTime>78</serviceTime>
  <node>
    <id>92</id>
    <latitude>10.788313488875716</latitude>
    <longitude>39.90241980290691</longitude>
  </node>
  <region>1</region>
  <timeint>
    <startTime>661</startTime>
    <endTime>1049</endTime>
  </timeint>
  <capacity>7.0</capacity>
</objects.Task>
<objects.Task>
  <id>93</id>
  <Description>Task#93</Description>
  <type>T</type>
  <type__id>1</type__id>
  <priority>3</priority>
  <resId>0</resId>
  <serviceTime>85</serviceTime>
  <node>
    <id>93</id>
    <latitude>8.948415884136324</latitude>
    <longitude>40.189717188150105</longitude>
  </node>
  <region>1</region>
  <timeint>
    <startTime>611</startTime>
    <endTime>1194</endTime>
  </timeint>
  <capacity>2.0</capacity>
</objects.Task>
<objects.Task>
  <id>94</id>
  <Description>Task#94</Description>
  <type>T</type>
  <type__id>1</type__id>
  <priority>3</priority>
  <resId>0</resId>
  <serviceTime>76</serviceTime>
  <node>
    <id>94</id>
    <latitude>11.821138000454336</latitude>
    <longitude>40.24785133988595</longitude>
  </node>
  <region>1</region>
  <timeint>
    <startTime>611</startTime>
    <endTime>1068</endTime>
  </timeint>
  <capacity>6.0</capacity>
</objects.Task>
<objects.Task>
  <id>95</id>
  <Description>Task#95</Description>
  <type>T</type>
  <type__id>1</type__id>
  <priority>2</priority>
  <resId>0</resId>
  <serviceTime>82</serviceTime>
  <node>
    <id>95</id>
    <latitude>9.884007577200471</latitude>
    <longitude>39.14336201088651</longitude>
  </node>
  <region>1</region>
  <timeint>
    <startTime>595</startTime>
    <endTime>1170</endTime>
  </timeint>
  <capacity>1.0</capacity>
</objects.Task>
<objects.Task>
  <id>96</id>
  <Description>Task#96</Description>
  <type>T</type>
  <type__id>1</type__id>
  <priority>4</priority>
  <resId>0</resId>
  <serviceTime>33</serviceTime>
  <node>
    <id>96</id>
    <latitude>9.610673396088492</latitude>
    <longitude>39.37328233383925</longitude>
  </node>
  <region>1</region>
  <timeint>
    <startTime>666</startTime>
    <endTime>1220</endTime>
  </timeint>
  <capacity>0.0</capacity>
</objects.Task>
<objects.Task>
  <id>97</id>
  <Description>Task#97</Description>
  <type>T</type>
  <type__id>1</type__id>
  <priority>4</priority>
  <resId>0</resId>
  <serviceTime>66</serviceTime>
  <node>
    <id>97</id>
    <latitude>7.518692767823997</latitude>
    <longitude>41.14861876759352</longitude>
  </node>
  <region>1</region>
  <timeint>
    <startTime>629</startTime>
    <endTime>1066</endTime>
  </timeint>
  <capacity>7.0</capacity>
</objects.Task>
<objects.Task>
  <id>98</id>
  <Description>Task#98</Description>
  <type>T</type>
  <type__id>1</type__id>
  <priority>4</priority>
  <resId>0</resId>
  <serviceTime>38</serviceTime>
  <node>
    <id>98</id>
    <latitude>10.706211474001256</latitude>
    <longitude>39.87734161624279</longitude>
  </node>
  <region>1</region>
  <timeint>
    <startTime>543</startTime>
    <endTime>1048</endTime>
  </timeint>
  <capacity>7.0</capacity>
</objects.Task>
<objects.Task>
  <id>99</id>
  <Description>Task#99</Description>
  <type>T</type>
  <type__id>1</type__id>
  <priority>3</priority>
  <resId>0</resId>
  <serviceTime>85</serviceTime>
  <node>
    <id>99</id>
    <latitude>10.717782636976318</latitude>
    <longitude>38.90017637952615</longitude>
  </node>
  <region>1</region>
  <timeint>
    <startTime>566</startTime>
    <endTime>831</endTime>
  </timeint>
  <capacity>8.0</capacity>
</objects.Task>
<objects.Resource>
  <id>1</id>
  <description>Technician1</description>
  <region>1</region>
  <availability>
    <startTime>506</startTime>
    <endTime>999</endTime>
  </availability>
  <breakTime>
    <startTime>899</startTime>
    <endTime>1418</endTime>
  </breakTime>
  <origin>
    <id>101</id>
    <latitude>26.586327784305354</latitude>
    <longitude>26.64726182291515</longitude>
  </origin>
  <destination>
    <id>101</id>
    <latitude>26.586327784305354</latitude>
    <longitude>26.64726182291515</longitude>
  </destination>
  <capacity>0.0</capacity>
  <skill>4</skill>
</objects.Resource>
<objects.Resource>
  <id>2</id>
  <description>Technician2</description>
  <region>1</region>
  <availability>
    <startTime>697</startTime>
    <endTime>1258</endTime>
  </availability>
  <breakTime>
    <startTime>968</startTime>
    <endTime>1459</endTime>
  </breakTime>
  <origin>
    <id>103</id>
    <latitude>25.451169084170537</latitude>
    <longitude>26.05454369658022</longitude>
  </origin>
  <destination>
    <id>103</id>
    <latitude>25.451169084170537</latitude>
    <longitude>26.05454369658022</longitude>
  </destination>
  <capacity>0.0</capacity>
  <skill>2</skill>
</objects.Resource>
<objects.Resource>
  <id>3</id>
  <description>Technician3</description>
  <region>1</region>
  <availability>
    <startTime>532</startTime>
    <endTime>1021</endTime>
  </availability>
  <breakTime>
    <startTime>968</startTime>
    <endTime>1106</endTime>
  </breakTime>
  <origin>
    <id>105</id>
    <latitude>25.86289339659159</latitude>
    <longitude>23.272662909858134</longitude>
  </origin>
  <destination>
    <id>105</id>
    <latitude>25.86289339659159</latitude>
    <longitude>23.272662909858134</longitude>
  </destination>
  <capacity>0.0</capacity>
  <skill>5</skill>
</objects.Resource>
<objects.Resource>
  <id>4</id>
  <description>Technician4</description>
  <region>1</region>
  <availability>
    <startTime>638</startTime>
    <endTime>1232</endTime>
  </availability>
  <breakTime>
    <startTime>1021</startTime>
    <endTime>1541</endTime>
  </breakTime>
  <origin>
    <id>107</id>
    <latitude>23.007067776813614</latitude>
    <longitude>26.049321799124176</longitude>
  </origin>
  <destination>
    <id>107</id>
    <latitude>23.007067776813614</latitude>
    <longitude>26.049321799124176</longitude>
  </destination>
  <capacity>0.0</capacity>
  <skill>1</skill>
</objects.Resource>
<objects.Resource>
  <id>5</id>
  <description>Technician5</description>
  <region>1</region>
  <availability>
    <startTime>712</startTime>
    <endTime>1300</endTime>
  </availability>
  <breakTime>
    <startTime>1048</startTime>
    <endTime>1191</endTime>
  </breakTime>
  <origin>
    <id>109</id>
    <latitude>25.878548741359</latitude>
    <longitude>24.403651823028962</longitude>
  </origin>
  <destination>
    <id>109</id>
    <latitude>25.878548741359</latitude>
    <longitude>24.403651823028962</longitude>
  </destination>
  <capacity>0.0</capacity>
  <skill>0</skill>
</objects.Resource>
<objects.Resource>
  <id>6</id>
  <description>Technician6</description>
  <region>1</region>
  <availability>
    <startTime>651</startTime>
    <endTime>1194</endTime>
  </availability>
  <breakTime>
    <startTime>975</startTime>
    <endTime>1436</endTime>
  </breakTime>
  <origin>
    <id>111</id>
    <latitude>25.67061196678734</latitude>
    <longitude>24.023937929831803</longitude>
  </origin>
  <destination>
    <id>111</id>
    <latitude>25.67061196678734</latitude>
    <longitude>24.023937929831803</longitude>
  </destination>
  <capacity>0.0</capacity>
  <skill>6</skill>
</objects.Resource>
<objects.Resource>
  <id>7</id>
  <description>Technician7</description>
  <region>1</region>
  <availability>
    <startTime>530</startTime>
    <endTime>1110</endTime>
  </availability>
  <breakTime>
    <startTime>816</startTime>
    <endTime>1103</endTime>
  </breakTime>
  <origin>
    <id>113</id>
    <latitude>23.264632569364302</latitude>
    <longitude>26.50862360542742</longitude>
  </origin>
  <destination>
    <id>113</id>
    <latitude>23.264632569364302</latitude>
    <longitude>26.50862360542742</longitude>
  </destination>
  <capacity>0.0</capacity>
  <skill>9</skill>
</objects.Resource>
<objects.Resource>
  <id>8</id>
  <description>Technician8</description>
  <region>1</region>
  <availability>
    <startTime>570</startTime>
    <endTime>1098</endTime>
  </availability>
  <breakTime>
    <startTime>968</startTime>
    <endTime>1156</endTime>
  </breakTime>
  <origin>
    <id>115</id>
    <latitude>24.937600877589695</latitude>
    <longitude>24.01197904755615</longitude>
  </origin>
  <destination>
    <id>115</id>
    <latitude>24.937600877589695</latitude>
    <longitude>24.01197904755615</longitude>
  </destination>
  <capacity>0.0</capacity>
  <skill>1</skill>
</objects.Resource>
<objects.Resource>
  <id>9</id>
  <description>Technician9</description>
  <region>1</region>
  <availability>
    <startTime>581</startTime>
    <endTime>1145</endTime>
  </availability>
  <breakTime>
    <startTime>1054</startTime>
    <endTime>1626</endTime>
  </breakTime>
  <origin>
    <id>117</id>
    <latitude>23.373826771616688</latitude>
    <longitude>25.42852561172082</longitude>
  </origin>
  <destination>
    <id>117</id>
    <latitude>23.373826771616688</latitude>
    <longitude>25.42852561172082</longitude>
  </destination>
  <capacity>0.0</capacity>
  <skill>4</skill>
</objects.Resource>
<objects.Resource>
  <id>10</id>
  <description>Technician10</description>
  <region>1</region>
  <availability>
    <startTime>640</startTime>
    <endTime>1193</endTime>
  </availability>
  <breakTime>
    <startTime>907</startTime>
    <endTime>1162</endTime>
  </breakTime>
  <origin>
    <id>119</id>
    <latitude>24.33435327446724</latitude>
    <longitude>26.248062678842775</longitude>
  </origin>
  <destination>
    <id>119</id>
    <latitude>24.33435327446724</latitude>
    <longitude>26.248062678842775</longitude>
  </destination>
  <capacity>0.0</capacity>
  <skill>5</skill>
</objects.Resource>
