<objects.Task>
  <id>0</id>
  <Description>Task#0</Description>
  <type>T</type>
  <type__id>1</type__id>
  <priority>2</priority>
  <resId>0</resId>
  <serviceTime>83</serviceTime>
  <node>
    <id>0</id>
    <latitude>18.836925221254706</latitude>
    <longitude>21.579820599320268</longitude>
  </node>
  <region>1</region>
  <timeint>
    <startTime>487</startTime>
    <endTime>998</endTime>
  </timeint>
  <capacity>9.0</capacity>
</objects.Task>
<objects.Task>
  <id>1</id>
  <Description>Task#1</Description>
  <type>T</type>
  <type__id>1</type__id>
  <priority>1</priority>
  <resId>0</resId>
  <serviceTime>60</serviceTime>
  <node>
    <id>1</id>
    <latitude>18.294042587349768</latitude>
    <longitude>23.88281139990852</longitude>
  </node>
  <region>1</region>
  <timeint>
    <startTime>552</startTime>
    <endTime>1146</endTime>
  </timeint>
  <capacity>5.0</capacity>
</objects.Task>
<objects.Task>
  <id>2</id>
  <Description>Task#2</Description>
  <type>T</type>
  <type__id>1</type__id>
  <priority>4</priority>
  <resId>0</resId>
  <serviceTime>75</serviceTime>
  <node>
    <id>2</id>
    <latitude>20.876163432066107</latitude>
    <longitude>19.978576384218</longitude>
  </node>
  <region>1</region>
  <timeint>
    <startTime>642</startTime>
    <endTime>980</endTime>
  </timeint>
  <capacity>2.0</capacity>
</objects.Task>
<objects.Task>
  <id>3</id>
  <Description>Task#3</Description>
  <type>T</type>
  <type__id>1</type__id>
  <priority>4</priority>
  <resId>0</resId>
  <serviceTime>68</serviceTime>
  <node>
    <id>3</id>
    <latitude>18.791471162464212</latitude>
    <longitude>22.59512321959036</longitude>
  </node>
  <region>1</region>
  <timeint>
    <startTime>508</startTime>
    <endTime>900</endTime>
  </timeint>
  <capacity>6.0</capacity>
</objects.Task>
<objects.Task>
  <id>4</id>
  <Description>Task#4</Description>
  <type>T</type>
  <type__id>1</type__id>
  <priority>3</priority>
  <resId>0</resId>
  <serviceTime>68</serviceTime>
  <node>
    <id>4</id>
    <latitude>11.143186265123838</latitude>
    <longitude>20.64532340964552</longitude>
  </node>
  <region>1</region>
  <timeint>
    <startTime>634</startTime>
    <endTime>1066</endTime>
  </timeint>
  <capacity>0.0</capacity>
</objects.Task>
<objects.Task>
  <id>5</id>
  <Description>Task#5</Description>
  <type>T</type>
  <type__id>1</type__id>
  <priority>1</priority>
  <resId>0</resId>
  <serviceTime>56</serviceTime>
  <node>
    <id>5</id>
    <latitude>18.169587368439068</latitude>
    <longitude>21.786178587294042</longitude>
  </node>
  <region>1</region>
  <timeint>
    <startTime>612</startTime>
    <endTime>926</endTime>
  </timeint>
  <capacity>7.0</capacity>
</objects.Task>
<objects.Task>
  <id>6</id>
  <Description>Task#6</Description>
  <type>T</type>
  <type__id>1</type__id>
  <priority>1</priority>
  <resId>0</resId>
  <serviceTime>88</serviceTime>
  <node>
    <id>6</id>
    <latitude>18.848362311417237</latitude>
    <longitude>21.39374354080914</longitude>
  </node>
  <region>1</region>
  <timeint>
    <startTime>492</startTime>
    <endTime>1006</endTime>
  </timeint>
  <capacity>3.0</capacity>
</objects.Task>
<objects.Task>
  <id>7</id>
  <Description>Task#7</Description>
  <type>T</type>
  <type__id>1</type__id>
  <priority>4</priority>
  <resId>0</resId>
  <serviceTime>51</serviceTime>
  <node>
    <id>7</id>
    <latitude>19.23333763607384</latitude>
    <longitude>21.275130666717217</longitude>
  </node>
  <region>1</region>
  <timeint>
    <startTime>706</startTime>
    <endTime>984</endTime>
  </timeint>
  <capacity>2.0</capacity>
</objects.Task>
<objects.Task>
  <id>8</id>
  <Description>Task#8</Description>
  <type>T</type>
  <type__id>1</type__id>
  <priority>3</priority>
  <resId>0</resId>
  <serviceTime>47</serviceTime>
  <node>
    <id>8</id>
    <latitude>18.829895721372022</latitude>
    <longitude>21.493112911654762</longitude>
  </node>
  <region>1</region>
  <timeint>
    <startTime>653</startTime>
    <endTime>1106</endTime>
  </timeint>
  <capacity>3.0</capacity>
</objects.Task>
<objects.Task>
  <id>9</id>
  <Description>Task#9</Description>
  <type>T</type>
  <type__id>1</type__id>
  <priority>1</priority>
  <resId>0</resId>
  <serviceTime>84</serviceTime>
  <node>
    <id>9</id>
    <latitude>20.40496132276357</latitude>
    <longitude>21.235488044455188</longitude>
  </node>
  <region>1</region>
  <timeint>
    <startTime>566</startTime>
    <endTime>1057</endTime>
  </timeint>
  <capacity>3.0</capacity>
</objects.Task>
<objects.Task>
  <id>10</id>
  <Description>Task#10</Description>
  <type>T</type>
  <type__id>1</type__id>
  <priority>3</priority>
  <resId>0</resId>
  <serviceTime>88</serviceTime>
  <node>
    <id>10</id>
    <latitude>17.672876835148482</latitude>
    <longitude>21.121473928038796</longitude>
  </node>
  <region>1</region>
  <timeint>
    <startTime>528</startTime>
    <endTime>989</endTime>
  </timeint>
  <capacity>2.0</capacity>
</objects.Task>
<objects.Task>
  <id>11</id>
  <Description>Task#11</Description>
  <type>T</type>
  <type__id>1</type__id>
  <priority>3</priority>
  <resId>0</resId>
  <serviceTime>35</serviceTime>
  <node>
    <id>11</id>
    <latitude>19.742380748012554</latitude>
    <longitude>20.464742355074897</longitude>
  </node>
  <region>1</region>
  <timeint>
    <startTime>704</startTime>
    <endTime>1111</endTime>
  </timeint>
  <capacity>6.0</capacity>
</objects.Task>
<objects.Task>
  <id>12</id>
  <Description>Task#12</Description>
  <type>T</type>
  <type__id>1</type__id>
  <priority>1</priority>
  <resId>0</resId>
  <serviceTime>67</serviceTime>
  <node>
    <id>12</id>
    <latitude>18.338908386866898</latitude>
    <longitude>21.584360358129313</longitude>
  </node>
  <region>1</region>
  <timeint>
    <startTime>515</startTime>
    <endTime>878</endTime>
  </timeint>
  <capacity>0.0</capacity>
</objects.Task>
<objects.Task>
  <id>13</id>
  <Description>Task#13</Description>
  <type>T</type>
  <type__id>1</type__id>
  <priority>2</priority>
  <resId>0</resId>
  <serviceTime>70</serviceTime>
  <node>
    <id>13</id>
    <latitude>18.638936623083733</latitude>
    <longitude>17.33586353526204</longitude>
  </node>
  <region>1</region>
  <timeint>
    <startTime>703</startTime>
    <endTime>1120</endTime>
  </timeint>
  <capacity>1.0</capacity>
</objects.Task>
<objects.Task>
  <id>14</id>
  <Description>Task#14</Description>
  <type>T</type>
  <type__id>1</type__id>
  <priority>1</priority>
  <resId>0</resId>
  <serviceTime>60</serviceTime>
  <node>
    <id>14</id>
    <latitude>17.901023682225915</latitude>
    <longitude>21.886135520018634</longitude>
  </node>
  <region>1</region>
  <timeint>
    <startTime>605</startTime>
    <endTime>1012</endTime>
  </timeint>
  <capacity>0.0</capacity>
</objects.Task>
<objects.Task>
  <id>15</id>
  <Description>Task#15</Description>
  <type>T</type>
  <type__id>1</type__id>
  <priority>1</priority>
  <resId>0</resId>
  <serviceTime>85</serviceTime>
  <node>
    <id>15</id>
    <latitude>21.265776604299177</latitude>
    <longitude>22.63359275157482</longitude>
  </node>
  <region>1</region>
  <timeint>
    <startTime>652</startTime>
    <endTime>1174</endTime>
  </timeint>
  <capacity>8.0</capacity>
</objects.Task>
<objects.Task>
  <id>16</id>
  <Description>Task#16</Description>
  <type>T</type>
  <type__id>1</type__id>
  <priority>1</priority>
  <resId>0</resId>
  <serviceTime>54</serviceTime>
  <node>
    <id>16</id>
    <latitude>21.268029619677</latitude>
    <longitude>19.912831888610377</longitude>
  </node>
  <region>1</region>
  <timeint>
    <startTime>718</startTime>
    <endTime>1097</endTime>
  </timeint>
  <capacity>8.0</capacity>
</objects.Task>
<objects.Task>
  <id>17</id>
  <Description>Task#17</Description>
  <type>T</type>
  <type__id>1</type__id>
  <priority>2</priority>
  <resId>0</resId>
  <serviceTime>79</serviceTime>
  <node>
    <id>17</id>
    <latitude>18.44919180790275</latitude>
    <longitude>21.806112963706504</longitude>
  </node>
  <region>1</region>
  <timeint>
    <startTime>576</startTime>
    <endTime>903</endTime>
  </timeint>
  <capacity>1.0</capacity>
</objects.Task>
<objects.Task>
  <id>18</id>
  <Description>Task#18</Description>
  <type>T</type>
  <type__id>1</type__id>
  <priority>1</priority>
  <resId>0</resId>
  <serviceTime>63</serviceTime>
  <node>
    <id>18</id>
    <latitude>17.87155015664242</latitude>
    <longitude>21.03725202372912</longitude>
  </node>
  <region>1</region>
  <timeint>
    <startTime>678</startTime>
    <endTime>959</endTime>
  </timeint>
  <capacity>5.0</capacity>
</objects.Task>
<objects.Task>
  <id>19</id>
  <Description>Task#19</Description>
  <type>T</type>
  <type__id>1</type__id>
  <priority>2</priority>
  <resId>0</resId>
  <serviceTime>58</serviceTime>
  <node>
    <id>19</id>
    <latitude>18.74273372052767</latitude>
    <longitude>21.128814699706087</longitude>
  </node>
  <region>1</region>
  <timeint>
    <startTime>642</startTime>
    <endTime>1013</endTime>
  </timeint>
  <capacity>1.0</capacity>
</objects.Task>
<objects.Task>
  <id>20</id>
  <Description>Task#20</Description>
  <type>T</type>
  <type__id>1</type__id>
  <priority>1</priority>
  <resId>0</resId>
  <serviceTime>74</serviceTime>
  <node>
    <id>20</id>
    <latitude>18.79440841467798</latitude>
    <longitude>21.37901552472328</longitude>
  </node>
  <region>1</region>
  <timeint>
    <startTime>607</startTime>
    <endTime>1003</endTime>
  </timeint>
  <capacity>2.0</capacity>
</objects.Task>
<objects.Task>
  <id>21</id>
  <Description>Task#21</Description>
  <type>T</type>
  <type__id>1</type__id>
  <priority>2</priority>
  <resId>0</resId>
  <serviceTime>85</serviceTime>
  <node>
    <id>21</id>
    <latitude>18.518270188757754</latitude>
    <longitude>19.970500310492028</longitude>
  </node>
  <region>1</region>
  <timeint>
    <startTime>541</startTime>
    <endTime>971</endTime>
  </timeint>
  <capacity>1.0</capacity>
</objects.Task>
<objects.Task>
  <id>22</id>
  <Description>Task#22</Description>
  <type>T</type>
  <type__id>1</type__id>
  <priority>2</priority>
  <resId>0</resId>
  <serviceTime>34</serviceTime>
  <node>
    <id>22</id>
    <latitude>17.00124106513198</latitude>
    <longitude>18.069254609344092</longitude>
  </node>
  <region>1</region>
  <timeint>
    <startTime>536</startTime>
    <endTime>1003</endTime>
  </timeint>
  <capacity>2.0</capacity>
</objects.Task>
<objects.Task>
  <id>23</id>
  <Description>Task#23</Description>
  <type>T</type>
  <type__id>1</type__id>
  <priority>3</priority>
  <resId>0</resId>
  <serviceTime>83</serviceTime>
  <node>
    <id>23</id>
    <latitude>23.355177420945555</latitude>
    <longitude>25.21996495931901</longitude>
  </node>
  <region>1</region>
  <timeint>
    <startTime>673</startTime>
    <endTime>965</endTime>
  </timeint>
  <capacity>4.0</capacity>
</objects.Task>
<objects.Task>
  <id>24</id>
  <Description>Task#24</Description>
  <type>T</type>
  <type__id>1</type__id>
  <priority>2</priority>
  <resId>0</resId>
  <serviceTime>43</serviceTime>
  <node>
    <id>24</id>
    <latitude>19.69235653978752</latitude>
    <longitude>20.89626210208531</longitude>
  </node>
  <region>1</region>
  <timeint>
    <startTime>527</startTime>
    <endTime>947</endTime>
  </timeint>
  <capacity>7.0</capacity>
</objects.Task>
<objects.Task>
  <id>25</id>
  <Description>Task#25</Description>
  <type>T</type>
  <type__id>1</type__id>
  <priority>4</priority>
  <resId>0</resId>
  <serviceTime>60</serviceTime>
  <node>
    <id>25</id>
    <latitude>5.951976929292778</latitude>
    <longitude>15.590416842250981</longitude>
  </node>
  <region>1</region>
  <timeint>
    <startTime>551</startTime>
    <endTime>954</endTime>
  </timeint>
  <capacity>9.0</capacity>
</objects.Task>
<objects.Task>
  <id>26</id>
  <Description>Task#26</Description>
  <type>T</type>
  <type__id>1</type__id>
  <priority>4</priority>
  <resId>0</resId>
  <serviceTime>59</serviceTime>
  <node>
    <id>26</id>
    <latitude>2.101550117103628</latitude>
    <longitude>18.019356673990323</longitude>
  </node>
  <region>1</region>
  <timeint>
    <startTime>541</startTime>
    <endTime>1043</endTime>
  </timeint>
  <capacity>7.0</capacity>
</objects.Task>
<objects.Task>
  <id>27</id>
  <Description>Task#27</Description>
  <type>T</type>
  <type__id>1</type__id>
  <priority>1</priority>
  <resId>0</resId>
  <serviceTime>55</serviceTime>
  <node>
    <id>27</id>
    <latitude>1.0999619869818016</latitude>
    <longitude>19.27617598678548</longitude>
  </node>
  <region>1</region>
  <timeint>
    <startTime>617</startTime>
    <endTime>987</endTime>
  </timeint>
  <capacity>2.0</capacity>
</objects.Task>
<objects.Task>
  <id>28</id>
  <Description>Task#28</Description>
  <type>T</type>
  <type__id>1</type__id>
  <priority>1</priority>
  <resId>0</resId>
  <serviceTime>80</serviceTime>
  <node>
    <id>28</id>
    <latitude>0.716456160885407</latitude>
    <longitude>19.370053749644317</longitude>
  </node>
  <region>1</region>
  <timeint>
    <startTime>667</startTime>
    <endTime>1038</endTime>
  </timeint>
  <capacity>0.0</capacity>
</objects.Task>
<objects.Task>
  <id>29</id>
  <Description>Task#29</Description>
  <type>T</type>
  <type__id>1</type__id>
  <priority>1</priority>
  <resId>0</resId>
  <serviceTime>78</serviceTime>
  <node>
    <id>29</id>
    <latitude>2.219036290049819</latitude>
    <longitude>19.378552013036</longitude>
  </node>
  <region>1</region>
  <timeint>
    <startTime>516</startTime>
    <endTime>797</endTime>
  </timeint>
  <capacity>8.0</capacity>
</objects.Task>
<objects.Task>
  <id>30</id>
  <Description>Task#30</Description>
  <type>T</type>
  <type__id>1</type__id>
  <priority>1</priority>
  <resId>0</resId>
  <serviceTime>43</serviceTime>
  <node>
    <id>30</id>
    <latitude>0.9974977123586516</latitude>
    <longitude>19.24923653435175</longitude>
  </node>
  <region>1</region>
  <timeint>
    <startTime>692</startTime>
    <endTime>1096</endTime>
  </timeint>
  <capacity>0.0</capacity>
</objects.Task>
<objects.Task>
  <id>31</id>
  <Description>Task#31</Description>
  <type>T</type>
  <type__id>1</type__id>
  <priority>3</priority>
  <resId>0</resId>
  <serviceTime>44</serviceTime>
  <node>
    <id>31</id>
    <latitude>0.02048904803355367</latitude>
    <longitude>19.92514298634619</longitude>
  </node>
  <region>1</region>
  <timeint>
    <startTime>566</startTime>
    <endTime>1150</endTime>
  </timeint>
  <capacity>4.0</capacity>
</objects.Task>
<objects.Task>
  <id>32</id>
  <Description>Task#32</Description>
  <type>T</type>
  <type__id>1</type__id>
  <priority>4</priority>
  <resId>0</resId>
  <serviceTime>30</serviceTime>
  <node>
    <id>32</id>
    <latitude>0.0</latitude>
    <longitude>24.34020890748943</longitude>
  </node>
  <region>1</region>
  <timeint>
    <startTime>611</startTime>
    <endTime>936</endTime>
  </timeint>
  <capacity>5.0</capacity>
</objects.Task>
<objects.Task>
  <id>33</id>
  <Description>Task#33</Description>
  <type>T</type>
  <type__id>1</type__id>
  <priority>4</priority>
  <resId>0</resId>
  <serviceTime>30</serviceTime>
  <node>
    <id>33</id>
    <latitude>1.1704097745968762</latitude>
    <longitude>19.500888758948832</longitude>
  </node>
  <region>1</region>
  <timeint>
    <startTime>659</startTime>
    <endTime>1148</endTime>
  </timeint>
  <capacity>7.0</capacity>
</objects.Task>
<objects.Task>
  <id>34</id>
  <Description>Task#34</Description>
  <type>T</type>
  <type__id>1</type__id>
  <priority>3</priority>
  <resId>0</resId>
  <serviceTime>40</serviceTime>
  <node>
    <id>34</id>
    <latitude>0.8843185140691268</latitude>
    <longitude>19.461024021711527</longitude>
  </node>
  <region>1</region>
  <timeint>
    <startTime>538</startTime>
    <endTime>860</endTime>
  </timeint>
  <capacity>3.0</capacity>
</objects.Task>
<objects.Task>
  <id>35</id>
  <Description>Task#35</Description>
  <type>T</type>
  <type__id>1</type__id>
  <priority>4</priority>
  <resId>0</resId>
  <serviceTime>58</serviceTime>
  <node>
    <id>35</id>
    <latitude>0.0</latitude>
    <longitude>19.334399931965002</longitude>
  </node>
  <region>1</region>
  <timeint>
    <startTime>596</startTime>
    <endTime>964</endTime>
  </timeint>
  <capacity>2.0</capacity>
</objects.Task>
<objects.Task>
  <id>36</id>
  <Description>Task#36</Description>
  <type>T</type>
  <type__id>1</type__id>
  <priority>1</priority>
  <resId>0</resId>
  <serviceTime>39</serviceTime>
  <node>
    <id>36</id>
    <latitude>1.0061652560980607</latitude>
    <longitude>19.446420963893924</longitude>
  </node>
  <region>1</region>
  <timeint>
    <startTime>580</startTime>
    <endTime>846</endTime>
  </timeint>
  <capacity>9.0</capacity>
</objects.Task>
<objects.Task>
  <id>37</id>
  <Description>Task#37</Description>
  <type>T</type>
  <type__id>1</type__id>
  <priority>2</priority>
  <resId>0</resId>
  <serviceTime>81</serviceTime>
  <node>
    <id>37</id>
    <latitude>1.4899170616633728</latitude>
    <longitude>19.056432618427742</longitude>
  </node>
  <region>1</region>
  <timeint>
    <startTime>533</startTime>
    <endTime>998</endTime>
  </timeint>
  <capacity>5.0</capacity>
</objects.Task>
<objects.Task>
  <id>38</id>
  <Description>Task#38</Description>
  <type>T</type>
  <type__id>1</type__id>
  <priority>4</priority>
  <resId>0</resId>
  <serviceTime>49</serviceTime>
  <node>
    <id>38</id>
    <latitude>0.8289212432588324</latitude>
    <longitude>19.877272324676472</longitude>
  </node>
  <region>1</region>
  <timeint>
    <startTime>578</startTime>
    <endTime>877</endTime>
  </timeint>
  <capacity>3.0</capacity>
</objects.Task>
<objects.Task>
  <id>39</id>
  <Description>Task#39</Description>
  <type>T</type>
  <type__id>1</type__id>
  <priority>3</priority>
  <resId>0</resId>
  <serviceTime>76</serviceTime>
  <node>
    <id>39</id>
    <latitude>2.059556970977301</latitude>
    <longitude>20.09826058799264</longitude>
  </node>
  <region>1</region>
  <timeint>
    <startTime>523</startTime>
    <endTime>1015</endTime>
  </timeint>
  <capacity>6.0</capacity>
</objects.Task>
<objects.Task>
  <id>40</id>
  <Description>Task#40</Description>
  <type>T</type>
  <type__id>1</type__id>
  <priority>1</priority>
  <resId>0</resId>
  <serviceTime>49</serviceTime>
  <node>
    <id>40</id>
    <latitude>1.8833620234018122</latitude>
    <longitude>18.998637363704805</longitude>
  </node>
  <region>1</region>
  <timeint>
    <startTime>536</startTime>
    <endTime>1117</endTime>
  </timeint>
  <capacity>2.0</capacity>
</objects.Task>
<objects.Task>
  <id>41</id>
  <Description>Task#41</Description>
  <type>T</type>
  <type__id>1</type__id>
  <priority>2</priority>
  <resId>0</resId>
  <serviceTime>80</serviceTime>
  <node>
    <id>41</id>
    <latitude>0.0</latitude>
    <longitude>18.08681105052318</longitude>
  </node>
  <region>1</region>
  <timeint>
    <startTime>654</startTime>
    <endTime>1029</endTime>
  </timeint>
  <capacity>2.0</capacity>
</objects.Task>
<objects.Task>
  <id>42</id>
  <Description>Task#42</Description>
  <type>T</type>
  <type__id>1</type__id>
  <priority>1</priority>
  <resId>0</resId>
  <serviceTime>72</serviceTime>
  <node>
    <id>42</id>
    <latitude>0.7315683525270333</latitude>
    <longitude>20.40282222144749</longitude>
  </node>
  <region>1</region>
  <timeint>
    <startTime>599</startTime>
    <endTime>1172</endTime>
  </timeint>
  <capacity>4.0</capacity>
</objects.Task>
<objects.Task>
  <id>43</id>
  <Description>Task#43</Description>
  <type>T</type>
  <type__id>1</type__id>
  <priority>3</priority>
  <resId>0</resId>
  <serviceTime>64</serviceTime>
  <node>
    <id>43</id>
    <latitude>0.0</latitude>
    <longitude>21.5408998290131</longitude>
  </node>
  <region>1</region>
  <timeint>
    <startTime>505</startTime>
    <endTime>1024</endTime>
  </timeint>
  <capacity>5.0</capacity>
</objects.Task>
<objects.Task>
  <id>44</id>
  <Description>Task#44</Description>
  <type>T</type>
  <type__id>1</type__id>
  <priority>4</priority>
  <resId>0</resId>
  <serviceTime>68</serviceTime>
  <node>
    <id>44</id>
    <latitude>0.0</latitude>
    <longitude>18.949649966901873</longitude>
  </node>
  <region>1</region>
  <timeint>
    <startTime>601</startTime>
    <endTime>900</endTime>
  </timeint>
  <capacity>6.0</capacity>
</objects.Task>
<objects.Task>
  <id>45</id>
  <Description>Task#45</Description>
  <type>T</type>
  <type__id>1</type__id>
  <priority>4</priority>
  <resId>0</resId>
  <serviceTime>55</serviceTime>
  <node>
    <id>45</id>
    <latitude>0.8784822917549403</latitude>
    <longitude>19.545369205092488</longitude>
  </node>
  <region>1</region>
  <timeint>
    <startTime>484</startTime>
    <endTime>897</endTime>
  </timeint>
  <capacity>8.0</capacity>
</objects.Task>
<objects.Task>
  <id>46</id>
  <Description>Task#46</Description>
  <type>T</type>
  <type__id>1</type__id>
  <priority>1</priority>
  <resId>0</resId>
  <serviceTime>53</serviceTime>
  <node>
    <id>46</id>
    <latitude>0.27975552164272266</latitude>
    <longitude>19.994847765170974</longitude>
  </node>
  <region>1</region>
  <timeint>
    <startTime>488</startTime>
    <endTime>790</endTime>
  </timeint>
  <capacity>1.0</capacity>
</objects.Task>
<objects.Task>
  <id>47</id>
  <Description>Task#47</Description>
  <type>T</type>
  <type__id>1</type__id>
  <priority>2</priority>
  <resId>0</resId>
  <serviceTime>85</serviceTime>
  <node>
    <id>47</id>
    <latitude>3.6045762342455085</latitude>
    <longitude>20.66965195105626</longitude>
  </node>
  <region>1</region>
  <timeint>
    <startTime>519</startTime>
    <endTime>820</endTime>
  </timeint>
  <capacity>4.0</capacity>
</objects.Task>
<objects.Task>
  <id>48</id>
  <Description>Task#48</Description>
  <type>T</type>
  <type__id>1</type__id>
  <priority>3</priority>
  <resId>0</resId>
  <serviceTime>69</serviceTime>
  <node>
    <id>48</id>
    <latitude>2.526149575582183</latitude>
    <longitude>21.585944360313242</longitude>
  </node>
  <region>1</region>
  <timeint>
    <startTime>517</startTime>
    <endTime>804</endTime>
  </timeint>
  <capacity>2.0</capacity>
</objects.Task>
<objects.Task>
  <id>49</id>
  <Description>Task#49</Description>
  <type>T</type>
  <type__id>1</type__id>
  <priority>2</priority>
  <resId>0</resId>
  <serviceTime>43</serviceTime>
  <node>
    <id>49</id>
    <latitude>0.0</latitude>
    <longitude>17.874729983832783</longitude>
  </node>
  <region>1</region>
  <timeint>
    <startTime>647</startTime>
    <endTime>900</endTime>
  </timeint>
  <capacity>8.0</capacity>
</objects.Task>
<objects.Task>
  <id>50</id>
  <Description>Task#50</Description>
  <type>T</type>
  <type__id>1</type__id>
  <priority>4</priority>
  <resId>0</resId>
  <serviceTime>37</serviceTime>
  <node>
    <id>50</id>
    <latitude>20.346664715986662</latitude>
    <longitude>7.945652358555013</longitude>
  </node>
  <region>1</region>
  <timeint>
    <startTime>713</startTime>
    <endTime>1278</endTime>
  </timeint>
  <capacity>0.0</capacity>
</objects.Task>
<objects.Task>
  <id>51</id>
  <Description>Task#51</Description>
  <type>T</type>
  <type__id>1</type__id>
  <priority>2</priority>
  <resId>0</resId>
  <serviceTime>35</serviceTime>
  <node>
    <id>51</id>
    <latitude>22.423845085340748</latitude>
    <longitude>3.511639252365175</longitude>
  </node>
  <region>1</region>
  <timeint>
    <startTime>517</startTime>
    <endTime>995</endTime>
  </timeint>
  <capacity>8.0</capacity>
</objects.Task>
<objects.Task>
  <id>52</id>
  <Description>Task#52</Description>
  <type>T</type>
  <type__id>1</type__id>
  <priority>4</priority>
  <resId>0</resId>
  <serviceTime>78</serviceTime>
  <node>
    <id>52</id>
    <latitude>25.645346486951937</latitude>
    <longitude>3.8888578787830164</longitude>
  </node>
  <region>1</region>
  <timeint>
    <startTime>716</startTime>
    <endTime>1181</endTime>
  </timeint>
  <capacity>4.0</capacity>
</objects.Task>
<objects.Task>
  <id>53</id>
  <Description>Task#53</Description>
  <type>T</type>
  <type__id>1</type__id>
  <priority>3</priority>
  <resId>0</resId>
  <serviceTime>39</serviceTime>
  <node>
    <id>53</id>
    <latitude>23.02219462810669</latitude>
    <longitude>4.338932481856954</longitude>
  </node>
  <region>1</region>
  <timeint>
    <startTime>707</startTime>
    <endTime>969</endTime>
  </timeint>
  <capacity>6.0</capacity>
</objects.Task>
<objects.Task>
  <id>54</id>
  <Description>Task#54</Description>
  <type>T</type>
  <type__id>1</type__id>
  <priority>1</priority>
  <resId>0</resId>
  <serviceTime>83</serviceTime>
  <node>
    <id>54</id>
    <latitude>22.908571931883383</latitude>
    <longitude>8.02927391896738</longitude>
  </node>
  <region>1</region>
  <timeint>
    <startTime>573</startTime>
    <endTime>1056</endTime>
  </timeint>
  <capacity>3.0</capacity>
</objects.Task>
<objects.Task>
  <id>55</id>
  <Description>Task#55</Description>
  <type>T</type>
  <type__id>1</type__id>
  <priority>3</priority>
  <resId>0</resId>
  <serviceTime>83</serviceTime>
  <node>
    <id>55</id>
    <latitude>23.401153776435528</latitude>
    <longitude>2.816640097430464</longitude>
  </node>
  <region>1</region>
  <timeint>
    <startTime>560</startTime>
    <endTime>1033</endTime>
  </timeint>
  <capacity>1.0</capacity>
</objects.Task>
<objects.Task>
  <id>56</id>
  <Description>Task#56</Description>
  <type>T</type>
  <type__id>1</type__id>
  <priority>3</priority>
  <resId>0</resId>
  <serviceTime>56</serviceTime>
  <node>
    <id>56</id>
    <latitude>23.606053148837734</latitude>
    <longitude>3.0736326756034664</longitude>
  </node>
  <region>1</region>
  <timeint>
    <startTime>491</startTime>
    <endTime>1007</endTime>
  </timeint>
  <capacity>9.0</capacity>
</objects.Task>
<objects.Task>
  <id>57</id>
  <Description>Task#57</Description>
  <type>T</type>
  <type__id>1</type__id>
  <priority>1</priority>
  <resId>0</resId>
  <serviceTime>52</serviceTime>
  <node>
    <id>57</id>
    <latitude>21.838227734612765</latitude>
    <longitude>2.4788349210100904</longitude>
  </node>
  <region>1</region>
  <timeint>
    <startTime>560</startTime>
    <endTime>964</endTime>
  </timeint>
  <capacity>5.0</capacity>
</objects.Task>
<objects.Task>
  <id>58</id>
  <Description>Task#58</Description>
  <type>T</type>
  <type__id>1</type__id>
  <priority>4</priority>
  <resId>0</resId>
  <serviceTime>30</serviceTime>
  <node>
    <id>58</id>
    <latitude>22.33134301966414</latitude>
    <longitude>3.095910562876345</longitude>
  </node>
  <region>1</region>
  <timeint>
    <startTime>613</startTime>
    <endTime>974</endTime>
  </timeint>
  <capacity>5.0</capacity>
</objects.Task>
<objects.Task>
  <id>59</id>
  <Description>Task#59</Description>
  <type>T</type>
  <type__id>1</type__id>
  <priority>3</priority>
  <resId>0</resId>
  <serviceTime>58</serviceTime>
  <node>
    <id>59</id>
    <latitude>22.466333125663</latitude>
    <longitude>2.5039341223444067</longitude>
  </node>
  <region>1</region>
  <timeint>
    <startTime>515</startTime>
    <endTime>1108</endTime>
  </timeint>
  <capacity>2.0</capacity>
</objects.Task>
<objects.Task>
  <id>60</id>
  <Description>Task#60</Description>
  <type>T</type>
  <type__id>1</type__id>
  <priority>1</priority>
  <resId>0</resId>
  <serviceTime>68</serviceTime>
  <node>
    <id>60</id>
    <latitude>15.17405820002725</latitude>
    <longitude>6.599100032824545</longitude>
  </node>
  <region>1</region>
  <timeint>
    <startTime>494</startTime>
    <endTime>788</endTime>
  </timeint>
  <capacity>7.0</capacity>
</objects.Task>
<objects.Task>
  <id>61</id>
  <Description>Task#61</Description>
  <type>T</type>
  <type__id>1</type__id>
  <priority>4</priority>
  <resId>0</resId>
  <serviceTime>32</serviceTime>
  <node>
    <id>61</id>
    <latitude>22.254042582882555</latitude>
    <longitude>3.3389590569485748</longitude>
  </node>
  <region>1</region>
  <timeint>
    <startTime>539</startTime>
    <endTime>1087</endTime>
  </timeint>
  <capacity>6.0</capacity>
</objects.Task>
<objects.Task>
  <id>62</id>
  <Description>Task#62</Description>
  <type>T</type>
  <type__id>1</type__id>
  <priority>1</priority>
  <resId>0</resId>
  <serviceTime>44</serviceTime>
  <node>
    <id>62</id>
    <latitude>17.819340534776792</latitude>
    <longitude>0.0</longitude>
  </node>
  <region>1</region>
  <timeint>
    <startTime>681</startTime>
    <endTime>991</endTime>
  </timeint>
  <capacity>0.0</capacity>
</objects.Task>
<objects.Task>
  <id>63</id>
  <Description>Task#63</Description>
  <type>T</type>
  <type__id>1</type__id>
  <priority>1</priority>
  <resId>0</resId>
  <serviceTime>57</serviceTime>
  <node>
    <id>63</id>
    <latitude>22.687906360371326</latitude>
    <longitude>4.909188425550912</longitude>
  </node>
  <region>1</region>
  <timeint>
    <startTime>587</startTime>
    <endTime>1137</endTime>
  </timeint>
  <capacity>7.0</capacity>
</objects.Task>
<objects.Task>
  <id>64</id>
  <Description>Task#64</Description>
  <type>T</type>
  <type__id>1</type__id>
  <priority>4</priority>
  <resId>0</resId>
  <serviceTime>43</serviceTime>
  <node>
    <id>64</id>
    <latitude>23.93694079938195</latitude>
    <longitude>6.557185257622383</longitude>
  </node>
  <region>1</region>
  <timeint>
    <startTime>679</startTime>
    <endTime>945</endTime>
  </timeint>
  <capacity>4.0</capacity>
</objects.Task>
<objects.Task>
  <id>65</id>
  <Description>Task#65</Description>
  <type>T</type>
  <type__id>1</type__id>
  <priority>2</priority>
  <resId>0</resId>
  <serviceTime>55</serviceTime>
  <node>
    <id>65</id>
    <latitude>23.352841933238018</latitude>
    <longitude>2.4249478745084394</longitude>
  </node>
  <region>1</region>
  <timeint>
    <startTime>641</startTime>
    <endTime>933</endTime>
  </timeint>
  <capacity>1.0</capacity>
</objects.Task>
<objects.Task>
  <id>66</id>
  <Description>Task#66</Description>
  <type>T</type>
  <type__id>1</type__id>
  <priority>2</priority>
  <resId>0</resId>
  <serviceTime>46</serviceTime>
  <node>
    <id>66</id>
    <latitude>22.357413566667734</latitude>
    <longitude>3.1329193866453835</longitude>
  </node>
  <region>1</region>
  <timeint>
    <startTime>502</startTime>
    <endTime>1092</endTime>
  </timeint>
  <capacity>9.0</capacity>
</objects.Task>
<objects.Task>
  <id>67</id>
  <Description>Task#67</Description>
  <type>T</type>
  <type__id>1</type__id>
  <priority>4</priority>
  <resId>0</resId>
  <serviceTime>66</serviceTime>
  <node>
    <id>67</id>
    <latitude>22.653347475823114</latitude>
    <longitude>2.4100845046745296</longitude>
  </node>
  <region>1</region>
  <timeint>
    <startTime>615</startTime>
    <endTime>1173</endTime>
  </timeint>
  <capacity>0.0</capacity>
</objects.Task>
<objects.Task>
  <id>68</id>
  <Description>Task#68</Description>
  <type>T</type>
  <type__id>1</type__id>
  <priority>3</priority>
  <resId>0</resId>
  <serviceTime>83</serviceTime>
  <node>
    <id>68</id>
    <latitude>22.75044818380408</latitude>
    <longitude>3.4991480813460707</longitude>
  </node>
  <region>1</region>
  <timeint>
    <startTime>621</startTime>
    <endTime>1157</endTime>
  </timeint>
  <capacity>4.0</capacity>
</objects.Task>
<objects.Task>
  <id>69</id>
  <Description>Task#69</Description>
  <type>T</type>
  <type__id>1</type__id>
  <priority>4</priority>
  <resId>0</resId>
  <serviceTime>32</serviceTime>
  <node>
    <id>69</id>
    <latitude>22.004954268314005</latitude>
    <longitude>1.9025181205807784</longitude>
  </node>
  <region>1</region>
  <timeint>
    <startTime>572</startTime>
    <endTime>886</endTime>
  </timeint>
  <capacity>7.0</capacity>
</objects.Task>
<objects.Task>
  <id>70</id>
  <Description>Task#70</Description>
  <type>T</type>
  <type__id>1</type__id>
  <priority>1</priority>
  <resId>0</resId>
  <serviceTime>69</serviceTime>
  <node>
    <id>70</id>
    <latitude>16.899988519036636</latitude>
    <longitude>0.7898244604958427</longitude>
  </node>
  <region>1</region>
  <timeint>
    <startTime>500</startTime>
    <endTime>808</endTime>
  </timeint>
  <capacity>5.0</capacity>
</objects.Task>
<objects.Task>
  <id>71</id>
  <Description>Task#71</Description>
  <type>T</type>
  <type__id>1</type__id>
  <priority>1</priority>
  <resId>0</resId>
  <serviceTime>85</serviceTime>
  <node>
    <id>71</id>
    <latitude>21.604839274498147</latitude>
    <longitude>0.9938639743371533</longitude>
  </node>
  <region>1</region>
  <timeint>
    <startTime>641</startTime>
    <endTime>1022</endTime>
  </timeint>
  <capacity>8.0</capacity>
</objects.Task>
<objects.Task>
  <id>72</id>
  <Description>Task#72</Description>
  <type>T</type>
  <type__id>1</type__id>
  <priority>2</priority>
  <resId>0</resId>
  <serviceTime>89</serviceTime>
  <node>
    <id>72</id>
    <latitude>14.886643351506669</latitude>
    <longitude>1.16600322369646</longitude>
  </node>
  <region>1</region>
  <timeint>
    <startTime>597</startTime>
    <endTime>1185</endTime>
  </timeint>
  <capacity>0.0</capacity>
</objects.Task>
<objects.Task>
  <id>73</id>
  <Description>Task#73</Description>
  <type>T</type>
  <type__id>1</type__id>
  <priority>4</priority>
  <resId>0</resId>
  <serviceTime>71</serviceTime>
  <node>
    <id>73</id>
    <latitude>20.269116130989275</latitude>
    <longitude>4.872698710482368</longitude>
  </node>
  <region>1</region>
  <timeint>
    <startTime>547</startTime>
    <endTime>930</endTime>
  </timeint>
  <capacity>6.0</capacity>
</objects.Task>
<objects.Task>
  <id>74</id>
  <Description>Task#74</Description>
  <type>T</type>
  <type__id>1</type__id>
  <priority>1</priority>
  <resId>0</resId>
  <serviceTime>41</serviceTime>
  <node>
    <id>74</id>
    <latitude>25.97539220765187</latitude>
    <longitude>1.817817458114281</longitude>
  </node>
  <region>1</region>
  <timeint>
    <startTime>685</startTime>
    <endTime>1069</endTime>
  </timeint>
  <capacity>9.0</capacity>
</objects.Task>
<objects.Task>
  <id>75</id>
  <Description>Task#75</Description>
  <type>T</type>
  <type__id>1</type__id>
  <priority>2</priority>
  <resId>0</resId>
  <serviceTime>55</serviceTime>
  <node>
    <id>75</id>
    <latitude>3.9572636795397993</latitude>
    <longitude>27.809592540308486</longitude>
  </node>
  <region>1</region>
  <timeint>
    <startTime>551</startTime>
    <endTime>880</endTime>
  </timeint>
  <capacity>7.0</capacity>
</objects.Task>
<objects.Task>
  <id>76</id>
  <Description>Task#76</Description>
  <type>T</type>
  <type__id>1</type__id>
  <priority>2</priority>
  <resId>0</resId>
  <serviceTime>59</serviceTime>
  <node>
    <id>76</id>
    <latitude>3.5639689945468307</latitude>
    <longitude>27.706495732985253</longitude>
  </node>
  <region>1</region>
  <timeint>
    <startTime>573</startTime>
    <endTime>1164</endTime>
  </timeint>
  <capacity>9.0</capacity>
</objects.Task>
<objects.Task>
  <id>77</id>
  <Description>Task#77</Description>
  <type>T</type>
  <type__id>1</type__id>
  <priority>4</priority>
  <resId>0</resId>
  <serviceTime>74</serviceTime>
  <node>
    <id>77</id>
    <latitude>3.7021638967772743</latitude>
    <longitude>28.81536862853985</longitude>
  </node>
  <region>1</region>
  <timeint>
    <startTime>622</startTime>
    <endTime>991</endTime>
  </timeint>
  <capacity>0.0</capacity>
</objects.Task>
<objects.Task>
  <id>78</id>
  <Description>Task#78</Description>
  <type>T</type>
  <type__id>1</type__id>
  <priority>2</priority>
  <resId>0</resId>
  <serviceTime>43</serviceTime>
  <node>
    <id>78</id>
    <latitude>2.953615243435568</latitude>
    <longitude>27.48873759461663</longitude>
  </node>
  <region>1</region>
  <timeint>
    <startTime>626</startTime>
    <endTime>1128</endTime>
  </timeint>
  <capacity>8.0</capacity>
</objects.Task>
<objects.Task>
  <id>79</id>
  <Description>Task#79</Description>
  <type>T</type>
  <type__id>1</type__id>
  <priority>2</priority>
  <resId>0</resId>
  <serviceTime>87</serviceTime>
  <node>
    <id>79</id>
    <latitude>2.6585601706508655</latitude>
    <longitude>28.137123541087337</longitude>
  </node>
  <region>1</region>
  <timeint>
    <startTime>594</startTime>
    <endTime>875</endTime>
  </timeint>
  <capacity>0.0</capacity>
</objects.Task>
<objects.Task>
  <id>80</id>
  <Description>Task#80</Description>
  <type>T</type>
  <type__id>1</type__id>
  <priority>4</priority>
  <resId>0</resId>
  <serviceTime>71</serviceTime>
  <node>
    <id>80</id>
    <latitude>2.5861566934478515</latitude>
    <longitude>28.42720357156607</longitude>
  </node>
  <region>1</region>
  <timeint>
    <startTime>626</startTime>
    <endTime>980</endTime>
  </timeint>
  <capacity>7.0</capacity>
</objects.Task>
<objects.Task>
  <id>81</id>
  <Description>Task#81</Description>
  <type>T</type>
  <type__id>1</type__id>
  <priority>2</priority>
  <resId>0</resId>
  <serviceTime>84</serviceTime>
  <node>
    <id>81</id>
    <latitude>1.8950175522543546</latitude>
    <longitude>28.073605102106168</longitude>
  </node>
  <region>1</region>
  <timeint>
    <startTime>689</startTime>
    <endTime>1079</endTime>
  </timeint>
  <capacity>6.0</capacity>
</objects.Task>
<objects.Task>
  <id>82</id>
  <Description>Task#82</Description>
  <type>T</type>
  <type__id>1</type__id>
  <priority>1</priority>
  <resId>0</resId>
  <serviceTime>33</serviceTime>
  <node>
    <id>82</id>
    <latitude>3.9196033581344603</latitude>
    <longitude>23.19505751107168</longitude>
  </node>
  <region>1</region>
  <timeint>
    <startTime>680</startTime>
    <endTime>1003</endTime>
  </timeint>
  <capacity>4.0</capacity>
</objects.Task>
<objects.Task>
  <id>83</id>
  <Description>Task#83</Description>
  <type>T</type>
  <type__id>1</type__id>
  <priority>2</priority>
  <resId>0</resId>
  <serviceTime>50</serviceTime>
  <node>
    <id>83</id>
    <latitude>0.7498344307475282</latitude>
    <longitude>25.897881594125973</longitude>
  </node>
  <region>1</region>
  <timeint>
    <startTime>531</startTime>
    <endTime>1086</endTime>
  </timeint>
  <capacity>6.0</capacity>
</objects.Task>
<objects.Task>
  <id>84</id>
  <Description>Task#84</Description>
  <type>T</type>
  <type__id>1</type__id>
  <priority>1</priority>
  <resId>0</resId>
  <serviceTime>42</serviceTime>
  <node>
    <id>84</id>
    <latitude>1.7798027945211627</latitude>
    <longitude>26.15702542160838</longitude>
  </node>
  <region>1</region>
  <timeint>
    <startTime>584</startTime>
    <endTime>896</endTime>
  </timeint>
  <capacity>8.0</capacity>
</objects.Task>
<objects.Task>
  <id>85</id>
  <Description>Task#85</Description>
  <type>T</type>
  <type__id>1</type__id>
  <priority>4</priority>
  <resId>0</resId>
  <serviceTime>51</serviceTime>
  <node>
    <id>85</id>
    <latitude>2.405213005719054</latitude>
    <longitude>27.258641767344745</longitude>
  </node>
  <region>1</region>
  <timeint>
    <startTime>635</startTime>
    <endTime>1087</endTime>
  </timeint>
  <capacity>1.0</capacity>
</objects.Task>
<objects.Task>
  <id>86</id>
  <Description>Task#86</Description>
  <type>T</type>
  <type__id>1</type__id>
  <priority>4</priority>
  <resId>0</resId>
  <serviceTime>31</serviceTime>
  <node>
    <id>86</id>
    <latitude>4.285760127953918</latitude>
    <longitude>26.41950747606893</longitude>
  </node>
  <region>1</region>
  <timeint>
    <startTime>711</startTime>
    <endTime>1252</endTime>
  </timeint>
  <capacity>3.0</capacity>
</objects.Task>
<objects.Task>
  <id>87</id>
  <Description>Task#87</Description>
  <type>T</type>
  <type__id>1</type__id>
  <priority>4</priority>
  <resId>0</resId>
  <serviceTime>79</serviceTime>
  <node>
    <id>87</id>
    <latitude>4.138327985129672</latitude>
    <longitude>26.957494057345126</longitude>
  </node>
  <region>1</region>
  <timeint>
    <startTime>647</startTime>
    <endTime>1057</endTime>
  </timeint>
  <capacity>3.0</capacity>
</objects.Task>
<objects.Task>
  <id>88</id>
  <Description>Task#88</Description>
  <type>T</type>
  <type__id>1</type__id>
  <priority>1</priority>
  <resId>0</resId>
  <serviceTime>84</serviceTime>
  <node>
    <id>88</id>
    <latitude>3.7113401488311757</latitude>
    <longitude>30.0244528708321</longitude>
  </node>
  <region>1</region>
  <timeint>
    <startTime>655</startTime>
    <endTime>1020</endTime>
  </timeint>
  <capacity>9.0</capacity>
</objects.Task>
<objects.Task>
  <id>89</id>
  <Description>Task#89</Description>
  <type>T</type>
  <type__id>1</type__id>
  <priority>1</priority>
  <resId>0</resId>
  <serviceTime>35</serviceTime>
  <node>
    <id>89</id>
    <latitude>6.241470221017387</latitude>
    <longitude>28.291719904758704</longitude>
  </node>
  <region>1</region>
  <timeint>
    <startTime>620</startTime>
    <endTime>1100</endTime>
  </timeint>
  <capacity>0.0</capacity>
</objects.Task>
<objects.Task>
  <id>90</id>
  <Description>Task#90</Description>
  <type>T</type>
  <type__id>1</type__id>
  <priority>3</priority>
  <resId>0</resId>
  <serviceTime>78</serviceTime>
  <node>
    <id>90</id>
    <latitude>2.995411945896773</latitude>
    <longitude>28.103769028747493</longitude>
  </node>
  <region>1</region>
  <timeint>
    <startTime>532</startTime>
    <endTime>889</endTime>
  </timeint>
  <capacity>3.0</capacity>
</objects.Task>
<objects.Task>
  <id>91</id>
  <Description>Task#91</Description>
  <type>T</type>
  <type__id>1</type__id>
  <priority>4</priority>
  <resId>0</resId>
  <serviceTime>34</serviceTime>
  <node>
    <id>91</id>
    <latitude>2.3077278167128963</latitude>
    <longitude>26.21803306475337</longitude>
  </node>
  <region>1</region>
  <timeint>
    <startTime>636</startTime>
    <endTime>1127</endTime>
  </timeint>
  <capacity>9.0</capacity>
</objects.Task>
<objects.Task>
  <id>92</id>
  <Description>Task#92</Description>
  <type>T</type>
  <type__id>1</type__id>
  <priority>1</priority>
  <resId>0</resId>
  <serviceTime>39</serviceTime>
  <node>
    <id>92</id>
    <latitude>6.625972542844979</latitude>
    <longitude>27.8461086851211</longitude>
  </node>
  <region>1</region>
  <timeint>
    <startTime>606</startTime>
    <endTime>908</endTime>
  </timeint>
  <capacity>5.0</capacity>
</objects.Task>
<objects.Task>
  <id>93</id>
  <Description>Task#93</Description>
  <type>T</type>
  <type__id>1</type__id>
  <priority>4</priority>
  <resId>0</resId>
  <serviceTime>66</serviceTime>
  <node>
    <id>93</id>
    <latitude>2.6680420011274</latitude>
    <longitude>28.106644856578537</longitude>
  </node>
  <region>1</region>
  <timeint>
    <startTime>654</startTime>
    <endTime>1019</endTime>
  </timeint>
  <capacity>5.0</capacity>
</objects.Task>
<objects.Task>
  <id>94</id>
  <Description>Task#94</Description>
  <type>T</type>
  <type__id>1</type__id>
  <priority>4</priority>
  <resId>0</resId>
  <serviceTime>47</serviceTime>
  <node>
    <id>94</id>
    <latitude>4.7136400590562815</latitude>
    <longitude>29.571936195855717</longitude>
  </node>
  <region>1</region>
  <timeint>
    <startTime>595</startTime>
    <endTime>854</endTime>
  </timeint>
  <capacity>4.0</capacity>
</objects.Task>
<objects.Task>
  <id>95</id>
  <Description>Task#95</Description>
  <type>T</type>
  <type__id>1</type__id>
  <priority>3</priority>
  <resId>0</resId>
  <serviceTime>48</serviceTime>
  <node>
    <id>95</id>
    <latitude>4.47034208965031</latitude>
    <longitude>25.09131202159508</longitude>
  </node>
  <region>1</region>
  <timeint>
    <startTime>717</startTime>
    <endTime>1062</endTime>
  </timeint>
  <capacity>8.0</capacity>
</objects.Task>
<objects.Task>
  <id>96</id>
  <Description>Task#96</Description>
  <type>T</type>
  <type__id>1</type__id>
  <priority>2</priority>
  <resId>0</resId>
  <serviceTime>81</serviceTime>
  <node>
    <id>96</id>
    <latitude>2.640803007505062</latitude>
    <longitude>26.421619322729573</longitude>
  </node>
  <region>1</region>
  <timeint>
    <startTime>653</startTime>
    <endTime>1084</endTime>
  </timeint>
  <capacity>9.0</capacity>
</objects.Task>
<objects.Task>
  <id>97</id>
  <Description>Task#97</Description>
  <type>T</type>
  <type__id>1</type__id>
  <priority>2</priority>
  <resId>0</resId>
  <serviceTime>61</serviceTime>
  <node>
    <id>97</id>
    <latitude>4.265052741803915</latitude>
    <longitude>28.338095247926095</longitude>
  </node>
  <region>1</region>
  <timeint>
    <startTime>551</startTime>
    <endTime>882</endTime>
  </timeint>
  <capacity>1.0</capacity>
</objects.Task>
<objects.Task>
  <id>98</id>
  <Description>Task#98</Description>
  <type>T</type>
  <type__id>1</type__id>
  <priority>1</priority>
  <resId>0</resId>
  <serviceTime>65</serviceTime>
  <node>
    <id>98</id>
    <latitude>5.044674024029987</latitude>
    <longitude>27.773815624587947</longitude>
  </node>
  <region>1</region>
  <timeint>
    <startTime>495</startTime>
    <endTime>929</endTime>
  </timeint>
  <capacity>2.0</capacity>
</objects.Task>
<objects.Task>
  <id>99</id>
  <Description>Task#99</Description>
  <type>T</type>
  <type__id>1</type__id>
  <priority>1</priority>
  <resId>0</resId>
  <serviceTime>49</serviceTime>
  <node>
    <id>99</id>
    <latitude>5.7511579560909425</latitude>
    <longitude>32.0</longitude>
  </node>
  <region>1</region>
  <timeint>
    <startTime>608</startTime>
    <endTime>944</endTime>
  </timeint>
  <capacity>8.0</capacity>
</objects.Task>
<objects.Resource>
  <id>1</id>
  <description>Technician1</description>
  <region>1</region>
  <availability>
    <startTime>586</startTime>
    <endTime>1072</endTime>
  </availability>
  <breakTime>
    <startTime>855</startTime>
    <endTime>1298</endTime>
  </breakTime>
  <origin>
    <id>101</id>
    <latitude>14.844695031610492</latitude>
    <longitude>15.453280776533658</longitude>
  </origin>
  <destination>
    <id>101</id>
    <latitude>14.844695031610492</latitude>
    <longitude>15.453280776533658</longitude>
  </destination>
  <capacity>0.0</capacity>
  <skill>1</skill>
</objects.Resource>
<objects.Resource>
  <id>2</id>
  <description>Technician2</description>
  <region>1</region>
  <availability>
    <startTime>668</startTime>
    <endTime>1165</endTime>
  </availability>
  <breakTime>
    <startTime>1019</startTime>
    <endTime>1169</endTime>
  </breakTime>
  <origin>
    <id>103</id>
    <latitude>15.151218627942576</latitude>
    <longitude>14.061082975851779</longitude>
  </origin>
  <destination>
    <id>103</id>
    <latitude>15.151218627942576</latitude>
    <longitude>14.061082975851779</longitude>
  </destination>
  <capacity>0.0</capacity>
  <skill>3</skill>
</objects.Resource>
<objects.Resource>
  <id>3</id>
  <description>Technician3</description>
  <region>1</region>
  <availability>
    <startTime>595</startTime>
    <endTime>1174</endTime>
  </availability>
  <breakTime>
    <startTime>1052</startTime>
    <endTime>1561</endTime>
  </breakTime>
  <origin>
    <id>105</id>
    <latitude>15.532709573543507</latitude>
    <longitude>15.365892898648681</longitude>
  </origin>
  <destination>
    <id>105</id>
    <latitude>15.532709573543507</latitude>
    <longitude>15.365892898648681</longitude>
  </destination>
  <capacity>0.0</capacity>
  <skill>8</skill>
</objects.Resource>
<objects.Resource>
  <id>4</id>
  <description>Technician4</description>
  <region>1</region>
  <availability>
    <startTime>529</startTime>
    <endTime>1111</endTime>
  </availability>
  <breakTime>
    <startTime>975</startTime>
    <endTime>1347</endTime>
  </breakTime>
  <origin>
    <id>107</id>
    <latitude>15.971497420745472</latitude>
    <longitude>14.627530953745364</longitude>
  </origin>
  <destination>
    <id>107</id>
    <latitude>15.971497420745472</latitude>
    <longitude>14.627530953745364</longitude>
  </destination>
  <capacity>0.0</capacity>
  <skill>4</skill>
</objects.Resource>
<objects.Resource>
  <id>5</id>
  <description>Technician5</description>
  <region>1</region>
  <availability>
    <startTime>648</startTime>
    <endTime>1141</endTime>
  </availability>
  <breakTime>
    <startTime>1111</startTime>
    <endTime>1598</endTime>
  </breakTime>
  <origin>
    <id>109</id>
    <latitude>14.39633317819556</latitude>
    <longitude>14.230146739437613</longitude>
  </origin>
  <destination>
    <id>109</id>
    <latitude>14.39633317819556</latitude>
    <longitude>14.230146739437613</longitude>
  </destination>
  <capacity>0.0</capacity>
  <skill>6</skill>
</objects.Resource>
<objects.Resource>
  <id>6</id>
  <description>Technician6</description>
  <region>1</region>
  <availability>
    <startTime>576</startTime>
    <endTime>1151</endTime>
  </availability>
  <breakTime>
    <startTime>1029</startTime>
    <endTime>1543</endTime>
  </breakTime>
  <origin>
    <id>111</id>
    <latitude>15.543744408587466</latitude>
    <longitude>16.405450858325544</longitude>
  </origin>
  <destination>
    <id>111</id>
    <latitude>15.543744408587466</latitude>
    <longitude>16.405450858325544</longitude>
  </destination>
  <capacity>0.0</capacity>
  <skill>3</skill>
</objects.Resource>
<objects.Resource>
  <id>7</id>
  <description>Technician7</description>
  <region>1</region>
  <availability>
    <startTime>560</startTime>
    <endTime>1099</endTime>
  </availability>
  <breakTime>
    <startTime>930</startTime>
    <endTime>1179</endTime>
  </breakTime>
  <origin>
    <id>113</id>
    <latitude>17.518733226169093</latitude>
    <longitude>14.078203722773901</longitude>
  </origin>
  <destination>
    <id>113</id>
    <latitude>17.518733226169093</latitude>
    <longitude>14.078203722773901</longitude>
  </destination>
  <capacity>0.0</capacity>
  <skill>0</skill>
</objects.Resource>
<objects.Resource>
  <id>8</id>
  <description>Technician8</description>
  <region>1</region>
  <availability>
    <startTime>545</startTime>
    <endTime>1060</endTime>
  </availability>
  <breakTime>
    <startTime>855</startTime>
    <endTime>942</endTime>
  </breakTime>
  <origin>
    <id>115</id>
    <latitude>14.546157987681893</latitude>
    <longitude>17.259301438915962</longitude>
  </origin>
  <destination>
    <id>115</id>
    <latitude>14.546157987681893</latitude>
    <longitude>17.259301438915962</longitude>
  </destination>
  <capacity>0.0</capacity>
  <skill>2</skill>
</objects.Resource>
<objects.Resource>
  <id>9</id>
  <description>Technician9</description>
  <region>1</region>
  <availability>
    <startTime>717</startTime>
    <endTime>1207</endTime>
  </availability>
  <breakTime>
    <startTime>1056</startTime>
    <endTime>1433</endTime>
  </breakTime>
  <origin>
    <id>117</id>
    <latitude>16.443095873481006</latitude>
    <longitude>14.228708314731998</longitude>
  </origin>
  <destination>
    <id>117</id>
    <latitude>16.443095873481006</latitude>
    <longitude>14.228708314731998</longitude>
  </destination>
  <capacity>0.0</capacity>
  <skill>0</skill>
</objects.Resource>
<objects.Resource>
  <id>10</id>
  <description>Technician10</description>
  <region>1</region>
  <availability>
    <startTime>710</startTime>
    <endTime>1275</endTime>
  </availability>
  <breakTime>
    <startTime>1110</startTime>
    <endTime>1448</endTime>
  </breakTime>
  <origin>
    <id>119</id>
    <latitude>15.407075263266297</latitude>
    <longitude>16.88404507141113</longitude>
  </origin>
  <destination>
    <id>119</id>
    <latitude>15.407075263266297</latitude>
    <longitude>16.88404507141113</longitude>
  </destination>
  <capacity>0.0</capacity>
  <skill>9</skill>
</objects.Resource>
