<objects.Task>
  <id>0</id>
  <Description>Task#0</Description>
  <type>T</type>
  <type__id>1</type__id>
  <priority>2</priority>
  <resId>0</resId>
  <serviceTime>65</serviceTime>
  <node>
    <id>0</id>
    <latitude>14.207364577295104</latitude>
    <longitude>20.67883401369684</longitude>
  </node>
  <region>1</region>
  <timeint>
    <startTime>481</startTime>
    <endTime>1057</endTime>
  </timeint>
  <capacity>4.0</capacity>
</objects.Task>
<objects.Task>
  <id>1</id>
  <Description>Task#1</Description>
  <type>T</type>
  <type__id>1</type__id>
  <priority>3</priority>
  <resId>0</resId>
  <serviceTime>70</serviceTime>
  <node>
    <id>1</id>
    <latitude>13.316592636487858</latitude>
    <longitude>20.857550209901248</longitude>
  </node>
  <region>1</region>
  <timeint>
    <startTime>546</startTime>
    <endTime>1026</endTime>
  </timeint>
  <capacity>6.0</capacity>
</objects.Task>
<objects.Task>
  <id>2</id>
  <Description>Task#2</Description>
  <type>T</type>
  <type__id>1</type__id>
  <priority>1</priority>
  <resId>0</resId>
  <serviceTime>40</serviceTime>
  <node>
    <id>2</id>
    <latitude>12.657020452481257</latitude>
    <longitude>20.133351726456528</longitude>
  </node>
  <region>1</region>
  <timeint>
    <startTime>706</startTime>
    <endTime>968</endTime>
  </timeint>
  <capacity>5.0</capacity>
</objects.Task>
<objects.Task>
  <id>3</id>
  <Description>Task#3</Description>
  <type>T</type>
  <type__id>1</type__id>
  <priority>1</priority>
  <resId>0</resId>
  <serviceTime>58</serviceTime>
  <node>
    <id>3</id>
    <latitude>12.94590560055056</latitude>
    <longitude>21.82322223191141</longitude>
  </node>
  <region>1</region>
  <timeint>
    <startTime>674</startTime>
    <endTime>1228</endTime>
  </timeint>
  <capacity>6.0</capacity>
</objects.Task>
<objects.Task>
  <id>4</id>
  <Description>Task#4</Description>
  <type>T</type>
  <type__id>1</type__id>
  <priority>3</priority>
  <resId>0</resId>
  <serviceTime>56</serviceTime>
  <node>
    <id>4</id>
    <latitude>14.334314166897304</latitude>
    <longitude>21.004416437102808</longitude>
  </node>
  <region>1</region>
  <timeint>
    <startTime>622</startTime>
    <endTime>1079</endTime>
  </timeint>
  <capacity>8.0</capacity>
</objects.Task>
<objects.Task>
  <id>5</id>
  <Description>Task#5</Description>
  <type>T</type>
  <type__id>1</type__id>
  <priority>4</priority>
  <resId>0</resId>
  <serviceTime>85</serviceTime>
  <node>
    <id>5</id>
    <latitude>14.12640934015281</latitude>
    <longitude>20.794626891089845</longitude>
  </node>
  <region>1</region>
  <timeint>
    <startTime>534</startTime>
    <endTime>889</endTime>
  </timeint>
  <capacity>5.0</capacity>
</objects.Task>
<objects.Task>
  <id>6</id>
  <Description>Task#6</Description>
  <type>T</type>
  <type__id>1</type__id>
  <priority>4</priority>
  <resId>0</resId>
  <serviceTime>34</serviceTime>
  <node>
    <id>6</id>
    <latitude>14.227528634577116</latitude>
    <longitude>20.700321073300575</longitude>
  </node>
  <region>1</region>
  <timeint>
    <startTime>640</startTime>
    <endTime>1038</endTime>
  </timeint>
  <capacity>2.0</capacity>
</objects.Task>
<objects.Task>
  <id>7</id>
  <Description>Task#7</Description>
  <type>T</type>
  <type__id>1</type__id>
  <priority>4</priority>
  <resId>0</resId>
  <serviceTime>87</serviceTime>
  <node>
    <id>7</id>
    <latitude>14.132260350287781</latitude>
    <longitude>20.8894515112931</longitude>
  </node>
  <region>1</region>
  <timeint>
    <startTime>549</startTime>
    <endTime>1122</endTime>
  </timeint>
  <capacity>2.0</capacity>
</objects.Task>
<objects.Task>
  <id>8</id>
  <Description>Task#8</Description>
  <type>T</type>
  <type__id>1</type__id>
  <priority>3</priority>
  <resId>0</resId>
  <serviceTime>60</serviceTime>
  <node>
    <id>8</id>
    <latitude>13.828102550433353</latitude>
    <longitude>20.84236052926627</longitude>
  </node>
  <region>1</region>
  <timeint>
    <startTime>632</startTime>
    <endTime>955</endTime>
  </timeint>
  <capacity>6.0</capacity>
</objects.Task>
<objects.Task>
  <id>9</id>
  <Description>Task#9</Description>
  <type>T</type>
  <type__id>1</type__id>
  <priority>3</priority>
  <resId>0</resId>
  <serviceTime>57</serviceTime>
  <node>
    <id>9</id>
    <latitude>13.984368658727139</latitude>
    <longitude>20.700949514774532</longitude>
  </node>
  <region>1</region>
  <timeint>
    <startTime>529</startTime>
    <endTime>853</endTime>
  </timeint>
  <capacity>2.0</capacity>
</objects.Task>
<objects.Task>
  <id>10</id>
  <Description>Task#10</Description>
  <type>T</type>
  <type__id>1</type__id>
  <priority>1</priority>
  <resId>0</resId>
  <serviceTime>41</serviceTime>
  <node>
    <id>10</id>
    <latitude>14.181011162767724</latitude>
    <longitude>20.809244657271257</longitude>
  </node>
  <region>1</region>
  <timeint>
    <startTime>581</startTime>
    <endTime>906</endTime>
  </timeint>
  <capacity>8.0</capacity>
</objects.Task>
<objects.Task>
  <id>11</id>
  <Description>Task#11</Description>
  <type>T</type>
  <type__id>1</type__id>
  <priority>4</priority>
  <resId>0</resId>
  <serviceTime>56</serviceTime>
  <node>
    <id>11</id>
    <latitude>13.917443280813933</latitude>
    <longitude>21.645183612657032</longitude>
  </node>
  <region>1</region>
  <timeint>
    <startTime>550</startTime>
    <endTime>972</endTime>
  </timeint>
  <capacity>5.0</capacity>
</objects.Task>
<objects.Task>
  <id>12</id>
  <Description>Task#12</Description>
  <type>T</type>
  <type__id>1</type__id>
  <priority>4</priority>
  <resId>0</resId>
  <serviceTime>60</serviceTime>
  <node>
    <id>12</id>
    <latitude>14.095716455171406</latitude>
    <longitude>21.092859929564128</longitude>
  </node>
  <region>1</region>
  <timeint>
    <startTime>585</startTime>
    <endTime>1053</endTime>
  </timeint>
  <capacity>1.0</capacity>
</objects.Task>
<objects.Task>
  <id>13</id>
  <Description>Task#13</Description>
  <type>T</type>
  <type__id>1</type__id>
  <priority>1</priority>
  <resId>0</resId>
  <serviceTime>59</serviceTime>
  <node>
    <id>13</id>
    <latitude>13.779822418899284</latitude>
    <longitude>20.821967419373838</longitude>
  </node>
  <region>1</region>
  <timeint>
    <startTime>561</startTime>
    <endTime>1088</endTime>
  </timeint>
  <capacity>1.0</capacity>
</objects.Task>
<objects.Task>
  <id>14</id>
  <Description>Task#14</Description>
  <type>T</type>
  <type__id>1</type__id>
  <priority>2</priority>
  <resId>0</resId>
  <serviceTime>37</serviceTime>
  <node>
    <id>14</id>
    <latitude>13.486095633224522</latitude>
    <longitude>20.00221520556191</longitude>
  </node>
  <region>1</region>
  <timeint>
    <startTime>714</startTime>
    <endTime>1083</endTime>
  </timeint>
  <capacity>4.0</capacity>
</objects.Task>
<objects.Task>
  <id>15</id>
  <Description>Task#15</Description>
  <type>T</type>
  <type__id>1</type__id>
  <priority>3</priority>
  <resId>0</resId>
  <serviceTime>33</serviceTime>
  <node>
    <id>15</id>
    <latitude>13.767710486555618</latitude>
    <longitude>20.440248006343026</longitude>
  </node>
  <region>1</region>
  <timeint>
    <startTime>637</startTime>
    <endTime>996</endTime>
  </timeint>
  <capacity>0.0</capacity>
</objects.Task>
<objects.Task>
  <id>16</id>
  <Description>Task#16</Description>
  <type>T</type>
  <type__id>1</type__id>
  <priority>4</priority>
  <resId>0</resId>
  <serviceTime>57</serviceTime>
  <node>
    <id>16</id>
    <latitude>14.01586229700988</latitude>
    <longitude>20.93696866337255</longitude>
  </node>
  <region>1</region>
  <timeint>
    <startTime>694</startTime>
    <endTime>1245</endTime>
  </timeint>
  <capacity>7.0</capacity>
</objects.Task>
<objects.Task>
  <id>17</id>
  <Description>Task#17</Description>
  <type>T</type>
  <type__id>1</type__id>
  <priority>3</priority>
  <resId>0</resId>
  <serviceTime>35</serviceTime>
  <node>
    <id>17</id>
    <latitude>12.844301291804129</latitude>
    <longitude>20.46913319780033</longitude>
  </node>
  <region>1</region>
  <timeint>
    <startTime>627</startTime>
    <endTime>981</endTime>
  </timeint>
  <capacity>5.0</capacity>
</objects.Task>
<objects.Task>
  <id>18</id>
  <Description>Task#18</Description>
  <type>T</type>
  <type__id>1</type__id>
  <priority>1</priority>
  <resId>0</resId>
  <serviceTime>86</serviceTime>
  <node>
    <id>18</id>
    <latitude>14.180243506082642</latitude>
    <longitude>20.854818230658537</longitude>
  </node>
  <region>1</region>
  <timeint>
    <startTime>530</startTime>
    <endTime>824</endTime>
  </timeint>
  <capacity>1.0</capacity>
</objects.Task>
<objects.Task>
  <id>19</id>
  <Description>Task#19</Description>
  <type>T</type>
  <type__id>1</type__id>
  <priority>1</priority>
  <resId>0</resId>
  <serviceTime>66</serviceTime>
  <node>
    <id>19</id>
    <latitude>15.01749491339921</latitude>
    <longitude>20.384987585841287</longitude>
  </node>
  <region>1</region>
  <timeint>
    <startTime>633</startTime>
    <endTime>1014</endTime>
  </timeint>
  <capacity>4.0</capacity>
</objects.Task>
<objects.Task>
  <id>20</id>
  <Description>Task#20</Description>
  <type>T</type>
  <type__id>1</type__id>
  <priority>1</priority>
  <resId>0</resId>
  <serviceTime>52</serviceTime>
  <node>
    <id>20</id>
    <latitude>14.104350304485527</latitude>
    <longitude>20.832130625302526</longitude>
  </node>
  <region>1</region>
  <timeint>
    <startTime>646</startTime>
    <endTime>1136</endTime>
  </timeint>
  <capacity>2.0</capacity>
</objects.Task>
<objects.Task>
  <id>21</id>
  <Description>Task#21</Description>
  <type>T</type>
  <type__id>1</type__id>
  <priority>2</priority>
  <resId>0</resId>
  <serviceTime>32</serviceTime>
  <node>
    <id>21</id>
    <latitude>13.687647057809363</latitude>
    <longitude>20.064630265674328</longitude>
  </node>
  <region>1</region>
  <timeint>
    <startTime>692</startTime>
    <endTime>934</endTime>
  </timeint>
  <capacity>1.0</capacity>
</objects.Task>
<objects.Task>
  <id>22</id>
  <Description>Task#22</Description>
  <type>T</type>
  <type__id>1</type__id>
  <priority>4</priority>
  <resId>0</resId>
  <serviceTime>41</serviceTime>
  <node>
    <id>22</id>
    <latitude>14.018143161545888</latitude>
    <longitude>20.869989581859546</longitude>
  </node>
  <region>1</region>
  <timeint>
    <startTime>541</startTime>
    <endTime>953</endTime>
  </timeint>
  <capacity>6.0</capacity>
</objects.Task>
<objects.Task>
  <id>23</id>
  <Description>Task#23</Description>
  <type>T</type>
  <type__id>1</type__id>
  <priority>1</priority>
  <resId>0</resId>
  <serviceTime>45</serviceTime>
  <node>
    <id>23</id>
    <latitude>14.74507275261439</latitude>
    <longitude>20.467040240382712</longitude>
  </node>
  <region>1</region>
  <timeint>
    <startTime>570</startTime>
    <endTime>1141</endTime>
  </timeint>
  <capacity>9.0</capacity>
</objects.Task>
<objects.Task>
  <id>24</id>
  <Description>Task#24</Description>
  <type>T</type>
  <type__id>1</type__id>
  <priority>1</priority>
  <resId>0</resId>
  <serviceTime>48</serviceTime>
  <node>
    <id>24</id>
    <latitude>13.322789146187302</latitude>
    <longitude>19.77043783585279</longitude>
  </node>
  <region>1</region>
  <timeint>
    <startTime>682</startTime>
    <endTime>1187</endTime>
  </timeint>
  <capacity>4.0</capacity>
</objects.Task>
<objects.Task>
  <id>25</id>
  <Description>Task#25</Description>
  <type>T</type>
  <type__id>1</type__id>
  <priority>3</priority>
  <resId>0</resId>
  <serviceTime>79</serviceTime>
  <node>
    <id>25</id>
    <latitude>20.424360622742388</latitude>
    <longitude>23.518278882216276</longitude>
  </node>
  <region>1</region>
  <timeint>
    <startTime>548</startTime>
    <endTime>873</endTime>
  </timeint>
  <capacity>7.0</capacity>
</objects.Task>
<objects.Task>
  <id>26</id>
  <Description>Task#26</Description>
  <type>T</type>
  <type__id>1</type__id>
  <priority>2</priority>
  <resId>0</resId>
  <serviceTime>41</serviceTime>
  <node>
    <id>26</id>
    <latitude>20.37130668882457</latitude>
    <longitude>23.457818329761462</longitude>
  </node>
  <region>1</region>
  <timeint>
    <startTime>521</startTime>
    <endTime>1040</endTime>
  </timeint>
  <capacity>0.0</capacity>
</objects.Task>
<objects.Task>
  <id>27</id>
  <Description>Task#27</Description>
  <type>T</type>
  <type__id>1</type__id>
  <priority>1</priority>
  <resId>0</resId>
  <serviceTime>69</serviceTime>
  <node>
    <id>27</id>
    <latitude>20.452303086552956</latitude>
    <longitude>23.558722696092467</longitude>
  </node>
  <region>1</region>
  <timeint>
    <startTime>548</startTime>
    <endTime>1051</endTime>
  </timeint>
  <capacity>2.0</capacity>
</objects.Task>
<objects.Task>
  <id>28</id>
  <Description>Task#28</Description>
  <type>T</type>
  <type__id>1</type__id>
  <priority>1</priority>
  <resId>0</resId>
  <serviceTime>59</serviceTime>
  <node>
    <id>28</id>
    <latitude>20.473987729351304</latitude>
    <longitude>23.260842362247736</longitude>
  </node>
  <region>1</region>
  <timeint>
    <startTime>559</startTime>
    <endTime>926</endTime>
  </timeint>
  <capacity>5.0</capacity>
</objects.Task>
<objects.Task>
  <id>29</id>
  <Description>Task#29</Description>
  <type>T</type>
  <type__id>1</type__id>
  <priority>3</priority>
  <resId>0</resId>
  <serviceTime>50</serviceTime>
  <node>
    <id>29</id>
    <latitude>20.28113502386245</latitude>
    <longitude>23.681295370921283</longitude>
  </node>
  <region>1</region>
  <timeint>
    <startTime>649</startTime>
    <endTime>1142</endTime>
  </timeint>
  <capacity>2.0</capacity>
</objects.Task>
<objects.Task>
  <id>30</id>
  <Description>Task#30</Description>
  <type>T</type>
  <type__id>1</type__id>
  <priority>1</priority>
  <resId>0</resId>
  <serviceTime>72</serviceTime>
  <node>
    <id>30</id>
    <latitude>20.643193167422567</latitude>
    <longitude>23.538001999841928</longitude>
  </node>
  <region>1</region>
  <timeint>
    <startTime>698</startTime>
    <endTime>953</endTime>
  </timeint>
  <capacity>4.0</capacity>
</objects.Task>
<objects.Task>
  <id>31</id>
  <Description>Task#31</Description>
  <type>T</type>
  <type__id>1</type__id>
  <priority>3</priority>
  <resId>0</resId>
  <serviceTime>51</serviceTime>
  <node>
    <id>31</id>
    <latitude>20.43177675515863</latitude>
    <longitude>23.467233086829893</longitude>
  </node>
  <region>1</region>
  <timeint>
    <startTime>513</startTime>
    <endTime>849</endTime>
  </timeint>
  <capacity>5.0</capacity>
</objects.Task>
<objects.Task>
  <id>32</id>
  <Description>Task#32</Description>
  <type>T</type>
  <type__id>1</type__id>
  <priority>3</priority>
  <resId>0</resId>
  <serviceTime>41</serviceTime>
  <node>
    <id>32</id>
    <latitude>20.16771450759798</latitude>
    <longitude>23.56374561255796</longitude>
  </node>
  <region>1</region>
  <timeint>
    <startTime>705</startTime>
    <endTime>1278</endTime>
  </timeint>
  <capacity>4.0</capacity>
</objects.Task>
<objects.Task>
  <id>33</id>
  <Description>Task#33</Description>
  <type>T</type>
  <type__id>1</type__id>
  <priority>3</priority>
  <resId>0</resId>
  <serviceTime>89</serviceTime>
  <node>
    <id>33</id>
    <latitude>20.302947857094257</latitude>
    <longitude>23.551865522390376</longitude>
  </node>
  <region>1</region>
  <timeint>
    <startTime>528</startTime>
    <endTime>1000</endTime>
  </timeint>
  <capacity>9.0</capacity>
</objects.Task>
<objects.Task>
  <id>34</id>
  <Description>Task#34</Description>
  <type>T</type>
  <type__id>1</type__id>
  <priority>4</priority>
  <resId>0</resId>
  <serviceTime>66</serviceTime>
  <node>
    <id>34</id>
    <latitude>20.353488462005938</latitude>
    <longitude>23.27899678287935</longitude>
  </node>
  <region>1</region>
  <timeint>
    <startTime>541</startTime>
    <endTime>796</endTime>
  </timeint>
  <capacity>9.0</capacity>
</objects.Task>
<objects.Task>
  <id>35</id>
  <Description>Task#35</Description>
  <type>T</type>
  <type__id>1</type__id>
  <priority>4</priority>
  <resId>0</resId>
  <serviceTime>56</serviceTime>
  <node>
    <id>35</id>
    <latitude>20.93889374078831</latitude>
    <longitude>24.732447121346233</longitude>
  </node>
  <region>1</region>
  <timeint>
    <startTime>609</startTime>
    <endTime>975</endTime>
  </timeint>
  <capacity>1.0</capacity>
</objects.Task>
<objects.Task>
  <id>36</id>
  <Description>Task#36</Description>
  <type>T</type>
  <type__id>1</type__id>
  <priority>1</priority>
  <resId>0</resId>
  <serviceTime>80</serviceTime>
  <node>
    <id>36</id>
    <latitude>20.006560940865427</latitude>
    <longitude>23.422346134662767</longitude>
  </node>
  <region>1</region>
  <timeint>
    <startTime>492</startTime>
    <endTime>962</endTime>
  </timeint>
  <capacity>9.0</capacity>
</objects.Task>
<objects.Task>
  <id>37</id>
  <Description>Task#37</Description>
  <type>T</type>
  <type__id>1</type__id>
  <priority>3</priority>
  <resId>0</resId>
  <serviceTime>69</serviceTime>
  <node>
    <id>37</id>
    <latitude>20.405241613165412</latitude>
    <longitude>23.51142774463515</longitude>
  </node>
  <region>1</region>
  <timeint>
    <startTime>535</startTime>
    <endTime>881</endTime>
  </timeint>
  <capacity>3.0</capacity>
</objects.Task>
<objects.Task>
  <id>38</id>
  <Description>Task#38</Description>
  <type>T</type>
  <type__id>1</type__id>
  <priority>1</priority>
  <resId>0</resId>
  <serviceTime>80</serviceTime>
  <node>
    <id>38</id>
    <latitude>20.09930746994942</latitude>
    <longitude>23.248751617776527</longitude>
  </node>
  <region>1</region>
  <timeint>
    <startTime>534</startTime>
    <endTime>824</endTime>
  </timeint>
  <capacity>9.0</capacity>
</objects.Task>
<objects.Task>
  <id>39</id>
  <Description>Task#39</Description>
  <type>T</type>
  <type__id>1</type__id>
  <priority>3</priority>
  <resId>0</resId>
  <serviceTime>85</serviceTime>
  <node>
    <id>39</id>
    <latitude>20.436962244816577</latitude>
    <longitude>23.555482153955218</longitude>
  </node>
  <region>1</region>
  <timeint>
    <startTime>554</startTime>
    <endTime>1022</endTime>
  </timeint>
  <capacity>1.0</capacity>
</objects.Task>
<objects.Task>
  <id>40</id>
  <Description>Task#40</Description>
  <type>T</type>
  <type__id>1</type__id>
  <priority>4</priority>
  <resId>0</resId>
  <serviceTime>59</serviceTime>
  <node>
    <id>40</id>
    <latitude>20.684316327837777</latitude>
    <longitude>23.47600301293732</longitude>
  </node>
  <region>1</region>
  <timeint>
    <startTime>697</startTime>
    <endTime>959</endTime>
  </timeint>
  <capacity>0.0</capacity>
</objects.Task>
<objects.Task>
  <id>41</id>
  <Description>Task#41</Description>
  <type>T</type>
  <type__id>1</type__id>
  <priority>4</priority>
  <resId>0</resId>
  <serviceTime>87</serviceTime>
  <node>
    <id>41</id>
    <latitude>20.58145923336119</latitude>
    <longitude>23.330040584204436</longitude>
  </node>
  <region>1</region>
  <timeint>
    <startTime>586</startTime>
    <endTime>1084</endTime>
  </timeint>
  <capacity>9.0</capacity>
</objects.Task>
<objects.Task>
  <id>42</id>
  <Description>Task#42</Description>
  <type>T</type>
  <type__id>1</type__id>
  <priority>1</priority>
  <resId>0</resId>
  <serviceTime>32</serviceTime>
  <node>
    <id>42</id>
    <latitude>21.063923232103022</latitude>
    <longitude>24.573340646019755</longitude>
  </node>
  <region>1</region>
  <timeint>
    <startTime>558</startTime>
    <endTime>859</endTime>
  </timeint>
  <capacity>3.0</capacity>
</objects.Task>
<objects.Task>
  <id>43</id>
  <Description>Task#43</Description>
  <type>T</type>
  <type__id>1</type__id>
  <priority>1</priority>
  <resId>0</resId>
  <serviceTime>47</serviceTime>
  <node>
    <id>43</id>
    <latitude>18.228340532215157</latitude>
    <longitude>22.135742726060865</longitude>
  </node>
  <region>1</region>
  <timeint>
    <startTime>575</startTime>
    <endTime>933</endTime>
  </timeint>
  <capacity>1.0</capacity>
</objects.Task>
<objects.Task>
  <id>44</id>
  <Description>Task#44</Description>
  <type>T</type>
  <type__id>1</type__id>
  <priority>3</priority>
  <resId>0</resId>
  <serviceTime>57</serviceTime>
  <node>
    <id>44</id>
    <latitude>20.93154924966701</latitude>
    <longitude>24.266910623440406</longitude>
  </node>
  <region>1</region>
  <timeint>
    <startTime>626</startTime>
    <endTime>1128</endTime>
  </timeint>
  <capacity>1.0</capacity>
</objects.Task>
<objects.Task>
  <id>45</id>
  <Description>Task#45</Description>
  <type>T</type>
  <type__id>1</type__id>
  <priority>1</priority>
  <resId>0</resId>
  <serviceTime>44</serviceTime>
  <node>
    <id>45</id>
    <latitude>20.70215496603824</latitude>
    <longitude>23.73864091775452</longitude>
  </node>
  <region>1</region>
  <timeint>
    <startTime>666</startTime>
    <endTime>939</endTime>
  </timeint>
  <capacity>2.0</capacity>
</objects.Task>
<objects.Task>
  <id>46</id>
  <Description>Task#46</Description>
  <type>T</type>
  <type__id>1</type__id>
  <priority>3</priority>
  <resId>0</resId>
  <serviceTime>46</serviceTime>
  <node>
    <id>46</id>
    <latitude>20.426816154885294</latitude>
    <longitude>23.56821656008248</longitude>
  </node>
  <region>1</region>
  <timeint>
    <startTime>541</startTime>
    <endTime>945</endTime>
  </timeint>
  <capacity>0.0</capacity>
</objects.Task>
<objects.Task>
  <id>47</id>
  <Description>Task#47</Description>
  <type>T</type>
  <type__id>1</type__id>
  <priority>3</priority>
  <resId>0</resId>
  <serviceTime>81</serviceTime>
  <node>
    <id>47</id>
    <latitude>20.12029571570478</latitude>
    <longitude>23.86038842046516</longitude>
  </node>
  <region>1</region>
  <timeint>
    <startTime>658</startTime>
    <endTime>1091</endTime>
  </timeint>
  <capacity>1.0</capacity>
</objects.Task>
<objects.Task>
  <id>48</id>
  <Description>Task#48</Description>
  <type>T</type>
  <type__id>1</type__id>
  <priority>3</priority>
  <resId>0</resId>
  <serviceTime>43</serviceTime>
  <node>
    <id>48</id>
    <latitude>20.235002162887227</latitude>
    <longitude>23.530682672724282</longitude>
  </node>
  <region>1</region>
  <timeint>
    <startTime>592</startTime>
    <endTime>970</endTime>
  </timeint>
  <capacity>2.0</capacity>
</objects.Task>
<objects.Task>
  <id>49</id>
  <Description>Task#49</Description>
  <type>T</type>
  <type__id>1</type__id>
  <priority>4</priority>
  <resId>0</resId>
  <serviceTime>55</serviceTime>
  <node>
    <id>49</id>
    <latitude>21.158440494681773</latitude>
    <longitude>23.481842556422688</longitude>
  </node>
  <region>1</region>
  <timeint>
    <startTime>681</startTime>
    <endTime>963</endTime>
  </timeint>
  <capacity>2.0</capacity>
</objects.Task>
<objects.Task>
  <id>50</id>
  <Description>Task#50</Description>
  <type>T</type>
  <type__id>1</type__id>
  <priority>3</priority>
  <resId>0</resId>
  <serviceTime>52</serviceTime>
  <node>
    <id>50</id>
    <latitude>4.772189141065718</latitude>
    <longitude>11.561555660335866</longitude>
  </node>
  <region>1</region>
  <timeint>
    <startTime>567</startTime>
    <endTime>942</endTime>
  </timeint>
  <capacity>2.0</capacity>
</objects.Task>
<objects.Task>
  <id>51</id>
  <Description>Task#51</Description>
  <type>T</type>
  <type__id>1</type__id>
  <priority>4</priority>
  <resId>0</resId>
  <serviceTime>44</serviceTime>
  <node>
    <id>51</id>
    <latitude>6.452510835162792</latitude>
    <longitude>12.08892633146457</longitude>
  </node>
  <region>1</region>
  <timeint>
    <startTime>543</startTime>
    <endTime>949</endTime>
  </timeint>
  <capacity>9.0</capacity>
</objects.Task>
<objects.Task>
  <id>52</id>
  <Description>Task#52</Description>
  <type>T</type>
  <type__id>1</type__id>
  <priority>1</priority>
  <resId>0</resId>
  <serviceTime>34</serviceTime>
  <node>
    <id>52</id>
    <latitude>5.928401203416943</latitude>
    <longitude>12.932725629934126</longitude>
  </node>
  <region>1</region>
  <timeint>
    <startTime>691</startTime>
    <endTime>1163</endTime>
  </timeint>
  <capacity>3.0</capacity>
</objects.Task>
<objects.Task>
  <id>53</id>
  <Description>Task#53</Description>
  <type>T</type>
  <type__id>1</type__id>
  <priority>2</priority>
  <resId>0</resId>
  <serviceTime>79</serviceTime>
  <node>
    <id>53</id>
    <latitude>6.447796354474389</latitude>
    <longitude>12.358756746162449</longitude>
  </node>
  <region>1</region>
  <timeint>
    <startTime>538</startTime>
    <endTime>1017</endTime>
  </timeint>
  <capacity>9.0</capacity>
</objects.Task>
<objects.Task>
  <id>54</id>
  <Description>Task#54</Description>
  <type>T</type>
  <type__id>1</type__id>
  <priority>4</priority>
  <resId>0</resId>
  <serviceTime>88</serviceTime>
  <node>
    <id>54</id>
    <latitude>6.424872351046062</latitude>
    <longitude>12.692431690511503</longitude>
  </node>
  <region>1</region>
  <timeint>
    <startTime>655</startTime>
    <endTime>1148</endTime>
  </timeint>
  <capacity>6.0</capacity>
</objects.Task>
<objects.Task>
  <id>55</id>
  <Description>Task#55</Description>
  <type>T</type>
  <type__id>1</type__id>
  <priority>4</priority>
  <resId>0</resId>
  <serviceTime>41</serviceTime>
  <node>
    <id>55</id>
    <latitude>6.294430530802429</latitude>
    <longitude>12.498835942724291</longitude>
  </node>
  <region>1</region>
  <timeint>
    <startTime>590</startTime>
    <endTime>1006</endTime>
  </timeint>
  <capacity>8.0</capacity>
</objects.Task>
<objects.Task>
  <id>56</id>
  <Description>Task#56</Description>
  <type>T</type>
  <type__id>1</type__id>
  <priority>2</priority>
  <resId>0</resId>
  <serviceTime>59</serviceTime>
  <node>
    <id>56</id>
    <latitude>6.285631820247042</latitude>
    <longitude>12.578610319044094</longitude>
  </node>
  <region>1</region>
  <timeint>
    <startTime>553</startTime>
    <endTime>1059</endTime>
  </timeint>
  <capacity>4.0</capacity>
</objects.Task>
<objects.Task>
  <id>57</id>
  <Description>Task#57</Description>
  <type>T</type>
  <type__id>1</type__id>
  <priority>1</priority>
  <resId>0</resId>
  <serviceTime>32</serviceTime>
  <node>
    <id>57</id>
    <latitude>5.492120997718031</latitude>
    <longitude>12.331200557863536</longitude>
  </node>
  <region>1</region>
  <timeint>
    <startTime>512</startTime>
    <endTime>1090</endTime>
  </timeint>
  <capacity>1.0</capacity>
</objects.Task>
<objects.Task>
  <id>58</id>
  <Description>Task#58</Description>
  <type>T</type>
  <type__id>1</type__id>
  <priority>3</priority>
  <resId>0</resId>
  <serviceTime>64</serviceTime>
  <node>
    <id>58</id>
    <latitude>6.849406982967812</latitude>
    <longitude>13.329832871956675</longitude>
  </node>
  <region>1</region>
  <timeint>
    <startTime>499</startTime>
    <endTime>991</endTime>
  </timeint>
  <capacity>2.0</capacity>
</objects.Task>
<objects.Task>
  <id>59</id>
  <Description>Task#59</Description>
  <type>T</type>
  <type__id>1</type__id>
  <priority>1</priority>
  <resId>0</resId>
  <serviceTime>70</serviceTime>
  <node>
    <id>59</id>
    <latitude>5.833998281715491</latitude>
    <longitude>12.537772698578522</longitude>
  </node>
  <region>1</region>
  <timeint>
    <startTime>569</startTime>
    <endTime>947</endTime>
  </timeint>
  <capacity>1.0</capacity>
</objects.Task>
<objects.Task>
  <id>60</id>
  <Description>Task#60</Description>
  <type>T</type>
  <type__id>1</type__id>
  <priority>4</priority>
  <resId>0</resId>
  <serviceTime>75</serviceTime>
  <node>
    <id>60</id>
    <latitude>6.293076557762601</latitude>
    <longitude>12.538656251036421</longitude>
  </node>
  <region>1</region>
  <timeint>
    <startTime>484</startTime>
    <endTime>832</endTime>
  </timeint>
  <capacity>4.0</capacity>
</objects.Task>
<objects.Task>
  <id>61</id>
  <Description>Task#61</Description>
  <type>T</type>
  <type__id>1</type__id>
  <priority>2</priority>
  <resId>0</resId>
  <serviceTime>34</serviceTime>
  <node>
    <id>61</id>
    <latitude>6.229134441127351</latitude>
    <longitude>12.653202121505553</longitude>
  </node>
  <region>1</region>
  <timeint>
    <startTime>517</startTime>
    <endTime>1059</endTime>
  </timeint>
  <capacity>0.0</capacity>
</objects.Task>
<objects.Task>
  <id>62</id>
  <Description>Task#62</Description>
  <type>T</type>
  <type__id>1</type__id>
  <priority>4</priority>
  <resId>0</resId>
  <serviceTime>76</serviceTime>
  <node>
    <id>62</id>
    <latitude>6.389320663584368</latitude>
    <longitude>12.601444656888237</longitude>
  </node>
  <region>1</region>
  <timeint>
    <startTime>570</startTime>
    <endTime>1090</endTime>
  </timeint>
  <capacity>2.0</capacity>
</objects.Task>
<objects.Task>
  <id>63</id>
  <Description>Task#63</Description>
  <type>T</type>
  <type__id>1</type__id>
  <priority>2</priority>
  <resId>0</resId>
  <serviceTime>61</serviceTime>
  <node>
    <id>63</id>
    <latitude>6.515988399030688</latitude>
    <longitude>12.708211921417412</longitude>
  </node>
  <region>1</region>
  <timeint>
    <startTime>646</startTime>
    <endTime>1134</endTime>
  </timeint>
  <capacity>7.0</capacity>
</objects.Task>
<objects.Task>
  <id>64</id>
  <Description>Task#64</Description>
  <type>T</type>
  <type__id>1</type__id>
  <priority>2</priority>
  <resId>0</resId>
  <serviceTime>49</serviceTime>
  <node>
    <id>64</id>
    <latitude>6.279386282404891</latitude>
    <longitude>12.524265889651922</longitude>
  </node>
  <region>1</region>
  <timeint>
    <startTime>623</startTime>
    <endTime>1106</endTime>
  </timeint>
  <capacity>4.0</capacity>
</objects.Task>
<objects.Task>
  <id>65</id>
  <Description>Task#65</Description>
  <type>T</type>
  <type__id>1</type__id>
  <priority>3</priority>
  <resId>0</resId>
  <serviceTime>49</serviceTime>
  <node>
    <id>65</id>
    <latitude>5.797895758595433</latitude>
    <longitude>10.855571629589182</longitude>
  </node>
  <region>1</region>
  <timeint>
    <startTime>582</startTime>
    <endTime>990</endTime>
  </timeint>
  <capacity>4.0</capacity>
</objects.Task>
<objects.Task>
  <id>66</id>
  <Description>Task#66</Description>
  <type>T</type>
  <type__id>1</type__id>
  <priority>1</priority>
  <resId>0</resId>
  <serviceTime>38</serviceTime>
  <node>
    <id>66</id>
    <latitude>6.13600826631225</latitude>
    <longitude>12.605769766878216</longitude>
  </node>
  <region>1</region>
  <timeint>
    <startTime>516</startTime>
    <endTime>1005</endTime>
  </timeint>
  <capacity>7.0</capacity>
</objects.Task>
<objects.Task>
  <id>67</id>
  <Description>Task#67</Description>
  <type>T</type>
  <type__id>1</type__id>
  <priority>1</priority>
  <resId>0</resId>
  <serviceTime>59</serviceTime>
  <node>
    <id>67</id>
    <latitude>6.370088483071904</latitude>
    <longitude>11.890659373331207</longitude>
  </node>
  <region>1</region>
  <timeint>
    <startTime>558</startTime>
    <endTime>1042</endTime>
  </timeint>
  <capacity>4.0</capacity>
</objects.Task>
<objects.Task>
  <id>68</id>
  <Description>Task#68</Description>
  <type>T</type>
  <type__id>1</type__id>
  <priority>4</priority>
  <resId>0</resId>
  <serviceTime>43</serviceTime>
  <node>
    <id>68</id>
    <latitude>6.205696650809047</latitude>
    <longitude>12.386665330466643</longitude>
  </node>
  <region>1</region>
  <timeint>
    <startTime>663</startTime>
    <endTime>1156</endTime>
  </timeint>
  <capacity>6.0</capacity>
</objects.Task>
<objects.Task>
  <id>69</id>
  <Description>Task#69</Description>
  <type>T</type>
  <type__id>1</type__id>
  <priority>3</priority>
  <resId>0</resId>
  <serviceTime>86</serviceTime>
  <node>
    <id>69</id>
    <latitude>6.408853465942071</latitude>
    <longitude>12.568737553367408</longitude>
  </node>
  <region>1</region>
  <timeint>
    <startTime>639</startTime>
    <endTime>913</endTime>
  </timeint>
  <capacity>3.0</capacity>
</objects.Task>
<objects.Task>
  <id>70</id>
  <Description>Task#70</Description>
  <type>T</type>
  <type__id>1</type__id>
  <priority>4</priority>
  <resId>0</resId>
  <serviceTime>65</serviceTime>
  <node>
    <id>70</id>
    <latitude>5.857171041632988</latitude>
    <longitude>11.743696073687666</longitude>
  </node>
  <region>1</region>
  <timeint>
    <startTime>589</startTime>
    <endTime>1105</endTime>
  </timeint>
  <capacity>7.0</capacity>
</objects.Task>
<objects.Task>
  <id>71</id>
  <Description>Task#71</Description>
  <type>T</type>
  <type__id>1</type__id>
  <priority>4</priority>
  <resId>0</resId>
  <serviceTime>61</serviceTime>
  <node>
    <id>71</id>
    <latitude>5.706719295012745</latitude>
    <longitude>12.864183079934769</longitude>
  </node>
  <region>1</region>
  <timeint>
    <startTime>615</startTime>
    <endTime>1135</endTime>
  </timeint>
  <capacity>9.0</capacity>
</objects.Task>
<objects.Task>
  <id>72</id>
  <Description>Task#72</Description>
  <type>T</type>
  <type__id>1</type__id>
  <priority>1</priority>
  <resId>0</resId>
  <serviceTime>65</serviceTime>
  <node>
    <id>72</id>
    <latitude>6.149249070577286</latitude>
    <longitude>12.526530279819687</longitude>
  </node>
  <region>1</region>
  <timeint>
    <startTime>593</startTime>
    <endTime>1185</endTime>
  </timeint>
  <capacity>4.0</capacity>
</objects.Task>
<objects.Task>
  <id>73</id>
  <Description>Task#73</Description>
  <type>T</type>
  <type__id>1</type__id>
  <priority>4</priority>
  <resId>0</resId>
  <serviceTime>55</serviceTime>
  <node>
    <id>73</id>
    <latitude>6.226827885654344</latitude>
    <longitude>12.607182204300406</longitude>
  </node>
  <region>1</region>
  <timeint>
    <startTime>685</startTime>
    <endTime>1017</endTime>
  </timeint>
  <capacity>8.0</capacity>
</objects.Task>
<objects.Task>
  <id>74</id>
  <Description>Task#74</Description>
  <type>T</type>
  <type__id>1</type__id>
  <priority>2</priority>
  <resId>0</resId>
  <serviceTime>35</serviceTime>
  <node>
    <id>74</id>
    <latitude>6.468254749059072</latitude>
    <longitude>12.959548608883326</longitude>
  </node>
  <region>1</region>
  <timeint>
    <startTime>635</startTime>
    <endTime>1183</endTime>
  </timeint>
  <capacity>7.0</capacity>
</objects.Task>
<objects.Task>
  <id>75</id>
  <Description>Task#75</Description>
  <type>T</type>
  <type__id>1</type__id>
  <priority>3</priority>
  <resId>0</resId>
  <serviceTime>30</serviceTime>
  <node>
    <id>75</id>
    <latitude>12.812465591900452</latitude>
    <longitude>6.766626432526465</longitude>
  </node>
  <region>1</region>
  <timeint>
    <startTime>571</startTime>
    <endTime>991</endTime>
  </timeint>
  <capacity>0.0</capacity>
</objects.Task>
<objects.Task>
  <id>76</id>
  <Description>Task#76</Description>
  <type>T</type>
  <type__id>1</type__id>
  <priority>4</priority>
  <resId>0</resId>
  <serviceTime>67</serviceTime>
  <node>
    <id>76</id>
    <latitude>13.45967349945144</latitude>
    <longitude>7.279453039832365</longitude>
  </node>
  <region>1</region>
  <timeint>
    <startTime>624</startTime>
    <endTime>1182</endTime>
  </timeint>
  <capacity>3.0</capacity>
</objects.Task>
<objects.Task>
  <id>77</id>
  <Description>Task#77</Description>
  <type>T</type>
  <type__id>1</type__id>
  <priority>2</priority>
  <resId>0</resId>
  <serviceTime>32</serviceTime>
  <node>
    <id>77</id>
    <latitude>13.217091301758026</latitude>
    <longitude>7.208090332957796</longitude>
  </node>
  <region>1</region>
  <timeint>
    <startTime>629</startTime>
    <endTime>917</endTime>
  </timeint>
  <capacity>6.0</capacity>
</objects.Task>
<objects.Task>
  <id>78</id>
  <Description>Task#78</Description>
  <type>T</type>
  <type__id>1</type__id>
  <priority>2</priority>
  <resId>0</resId>
  <serviceTime>75</serviceTime>
  <node>
    <id>78</id>
    <latitude>13.781295746416548</latitude>
    <longitude>7.40896217174108</longitude>
  </node>
  <region>1</region>
  <timeint>
    <startTime>505</startTime>
    <endTime>1018</endTime>
  </timeint>
  <capacity>5.0</capacity>
</objects.Task>
<objects.Task>
  <id>79</id>
  <Description>Task#79</Description>
  <type>T</type>
  <type__id>1</type__id>
  <priority>2</priority>
  <resId>0</resId>
  <serviceTime>32</serviceTime>
  <node>
    <id>79</id>
    <latitude>13.159810568958505</latitude>
    <longitude>7.1362579226220495</longitude>
  </node>
  <region>1</region>
  <timeint>
    <startTime>650</startTime>
    <endTime>1111</endTime>
  </timeint>
  <capacity>9.0</capacity>
</objects.Task>
<objects.Task>
  <id>80</id>
  <Description>Task#80</Description>
  <type>T</type>
  <type__id>1</type__id>
  <priority>4</priority>
  <resId>0</resId>
  <serviceTime>64</serviceTime>
  <node>
    <id>80</id>
    <latitude>13.549063013337937</latitude>
    <longitude>7.413180756006952</longitude>
  </node>
  <region>1</region>
  <timeint>
    <startTime>573</startTime>
    <endTime>1030</endTime>
  </timeint>
  <capacity>7.0</capacity>
</objects.Task>
<objects.Task>
  <id>81</id>
  <Description>Task#81</Description>
  <type>T</type>
  <type__id>1</type__id>
  <priority>2</priority>
  <resId>0</resId>
  <serviceTime>75</serviceTime>
  <node>
    <id>81</id>
    <latitude>12.77743035708971</latitude>
    <longitude>7.184095091357396</longitude>
  </node>
  <region>1</region>
  <timeint>
    <startTime>525</startTime>
    <endTime>894</endTime>
  </timeint>
  <capacity>3.0</capacity>
</objects.Task>
<objects.Task>
  <id>82</id>
  <Description>Task#82</Description>
  <type>T</type>
  <type__id>1</type__id>
  <priority>3</priority>
  <resId>0</resId>
  <serviceTime>55</serviceTime>
  <node>
    <id>82</id>
    <latitude>13.456640870055217</latitude>
    <longitude>7.448011213221756</longitude>
  </node>
  <region>1</region>
  <timeint>
    <startTime>514</startTime>
    <endTime>859</endTime>
  </timeint>
  <capacity>7.0</capacity>
</objects.Task>
<objects.Task>
  <id>83</id>
  <Description>Task#83</Description>
  <type>T</type>
  <type__id>1</type__id>
  <priority>3</priority>
  <resId>0</resId>
  <serviceTime>33</serviceTime>
  <node>
    <id>83</id>
    <latitude>13.712472586071497</latitude>
    <longitude>7.003482815914922</longitude>
  </node>
  <region>1</region>
  <timeint>
    <startTime>670</startTime>
    <endTime>1154</endTime>
  </timeint>
  <capacity>8.0</capacity>
</objects.Task>
<objects.Task>
  <id>84</id>
  <Description>Task#84</Description>
  <type>T</type>
  <type__id>1</type__id>
  <priority>3</priority>
  <resId>0</resId>
  <serviceTime>31</serviceTime>
  <node>
    <id>84</id>
    <latitude>12.927560662086169</latitude>
    <longitude>7.091212818128979</longitude>
  </node>
  <region>1</region>
  <timeint>
    <startTime>588</startTime>
    <endTime>1177</endTime>
  </timeint>
  <capacity>1.0</capacity>
</objects.Task>
<objects.Task>
  <id>85</id>
  <Description>Task#85</Description>
  <type>T</type>
  <type__id>1</type__id>
  <priority>4</priority>
  <resId>0</resId>
  <serviceTime>46</serviceTime>
  <node>
    <id>85</id>
    <latitude>14.723530811633145</latitude>
    <longitude>7.273605740201592</longitude>
  </node>
  <region>1</region>
  <timeint>
    <startTime>693</startTime>
    <endTime>1139</endTime>
  </timeint>
  <capacity>3.0</capacity>
</objects.Task>
<objects.Task>
  <id>86</id>
  <Description>Task#86</Description>
  <type>T</type>
  <type__id>1</type__id>
  <priority>3</priority>
  <resId>0</resId>
  <serviceTime>38</serviceTime>
  <node>
    <id>86</id>
    <latitude>12.845010152370055</latitude>
    <longitude>7.204578161975531</longitude>
  </node>
  <region>1</region>
  <timeint>
    <startTime>496</startTime>
    <endTime>840</endTime>
  </timeint>
  <capacity>4.0</capacity>
</objects.Task>
<objects.Task>
  <id>87</id>
  <Description>Task#87</Description>
  <type>T</type>
  <type__id>1</type__id>
  <priority>3</priority>
  <resId>0</resId>
  <serviceTime>48</serviceTime>
  <node>
    <id>87</id>
    <latitude>13.70908853559711</latitude>
    <longitude>7.743599150075669</longitude>
  </node>
  <region>1</region>
  <timeint>
    <startTime>626</startTime>
    <endTime>1085</endTime>
  </timeint>
  <capacity>3.0</capacity>
</objects.Task>
<objects.Task>
  <id>88</id>
  <Description>Task#88</Description>
  <type>T</type>
  <type__id>1</type__id>
  <priority>1</priority>
  <resId>0</resId>
  <serviceTime>68</serviceTime>
  <node>
    <id>88</id>
    <latitude>13.455305174900518</latitude>
    <longitude>7.446469222776877</longitude>
  </node>
  <region>1</region>
  <timeint>
    <startTime>512</startTime>
    <endTime>802</endTime>
  </timeint>
  <capacity>1.0</capacity>
</objects.Task>
<objects.Task>
  <id>89</id>
  <Description>Task#89</Description>
  <type>T</type>
  <type__id>1</type__id>
  <priority>4</priority>
  <resId>0</resId>
  <serviceTime>55</serviceTime>
  <node>
    <id>89</id>
    <latitude>13.37732144203372</latitude>
    <longitude>7.803451164268741</longitude>
  </node>
  <region>1</region>
  <timeint>
    <startTime>690</startTime>
    <endTime>1099</endTime>
  </timeint>
  <capacity>7.0</capacity>
</objects.Task>
<objects.Task>
  <id>90</id>
  <Description>Task#90</Description>
  <type>T</type>
  <type__id>1</type__id>
  <priority>4</priority>
  <resId>0</resId>
  <serviceTime>48</serviceTime>
  <node>
    <id>90</id>
    <latitude>13.440459978616172</latitude>
    <longitude>8.124410105367307</longitude>
  </node>
  <region>1</region>
  <timeint>
    <startTime>543</startTime>
    <endTime>839</endTime>
  </timeint>
  <capacity>6.0</capacity>
</objects.Task>
<objects.Task>
  <id>91</id>
  <Description>Task#91</Description>
  <type>T</type>
  <type__id>1</type__id>
  <priority>4</priority>
  <resId>0</resId>
  <serviceTime>68</serviceTime>
  <node>
    <id>91</id>
    <latitude>13.909345681262241</latitude>
    <longitude>7.413550639415798</longitude>
  </node>
  <region>1</region>
  <timeint>
    <startTime>570</startTime>
    <endTime>878</endTime>
  </timeint>
  <capacity>4.0</capacity>
</objects.Task>
<objects.Task>
  <id>92</id>
  <Description>Task#92</Description>
  <type>T</type>
  <type__id>1</type__id>
  <priority>1</priority>
  <resId>0</resId>
  <serviceTime>81</serviceTime>
  <node>
    <id>92</id>
    <latitude>13.504375212705694</latitude>
    <longitude>7.409751416563165</longitude>
  </node>
  <region>1</region>
  <timeint>
    <startTime>509</startTime>
    <endTime>828</endTime>
  </timeint>
  <capacity>0.0</capacity>
</objects.Task>
<objects.Task>
  <id>93</id>
  <Description>Task#93</Description>
  <type>T</type>
  <type__id>1</type__id>
  <priority>4</priority>
  <resId>0</resId>
  <serviceTime>72</serviceTime>
  <node>
    <id>93</id>
    <latitude>13.46722895863223</latitude>
    <longitude>7.895881752680836</longitude>
  </node>
  <region>1</region>
  <timeint>
    <startTime>516</startTime>
    <endTime>788</endTime>
  </timeint>
  <capacity>1.0</capacity>
</objects.Task>
<objects.Task>
  <id>94</id>
  <Description>Task#94</Description>
  <type>T</type>
  <type__id>1</type__id>
  <priority>2</priority>
  <resId>0</resId>
  <serviceTime>62</serviceTime>
  <node>
    <id>94</id>
    <latitude>13.529248016577359</latitude>
    <longitude>7.39105634620049</longitude>
  </node>
  <region>1</region>
  <timeint>
    <startTime>634</startTime>
    <endTime>975</endTime>
  </timeint>
  <capacity>1.0</capacity>
</objects.Task>
<objects.Task>
  <id>95</id>
  <Description>Task#95</Description>
  <type>T</type>
  <type__id>1</type__id>
  <priority>4</priority>
  <resId>0</resId>
  <serviceTime>54</serviceTime>
  <node>
    <id>95</id>
    <latitude>13.138149985805255</latitude>
    <longitude>7.149344195050245</longitude>
  </node>
  <region>1</region>
  <timeint>
    <startTime>529</startTime>
    <endTime>994</endTime>
  </timeint>
  <capacity>9.0</capacity>
</objects.Task>
<objects.Task>
  <id>96</id>
  <Description>Task#96</Description>
  <type>T</type>
  <type__id>1</type__id>
  <priority>4</priority>
  <resId>0</resId>
  <serviceTime>68</serviceTime>
  <node>
    <id>96</id>
    <latitude>13.93968189756902</latitude>
    <longitude>7.8643652066652825</longitude>
  </node>
  <region>1</region>
  <timeint>
    <startTime>648</startTime>
    <endTime>980</endTime>
  </timeint>
  <capacity>8.0</capacity>
</objects.Task>
<objects.Task>
  <id>97</id>
  <Description>Task#97</Description>
  <type>T</type>
  <type__id>1</type__id>
  <priority>2</priority>
  <resId>0</resId>
  <serviceTime>37</serviceTime>
  <node>
    <id>97</id>
    <latitude>13.562036310408658</latitude>
    <longitude>7.487204990938424</longitude>
  </node>
  <region>1</region>
  <timeint>
    <startTime>613</startTime>
    <endTime>981</endTime>
  </timeint>
  <capacity>8.0</capacity>
</objects.Task>
<objects.Task>
  <id>98</id>
  <Description>Task#98</Description>
  <type>T</type>
  <type__id>1</type__id>
  <priority>4</priority>
  <resId>0</resId>
  <serviceTime>53</serviceTime>
  <node>
    <id>98</id>
    <latitude>13.24496122986047</latitude>
    <longitude>7.1342847637880205</longitude>
  </node>
  <region>1</region>
  <timeint>
    <startTime>540</startTime>
    <endTime>878</endTime>
  </timeint>
  <capacity>7.0</capacity>
</objects.Task>
<objects.Task>
  <id>99</id>
  <Description>Task#99</Description>
  <type>T</type>
  <type__id>1</type__id>
  <priority>2</priority>
  <resId>0</resId>
  <serviceTime>40</serviceTime>
  <node>
    <id>99</id>
    <latitude>12.966128405349734</latitude>
    <longitude>7.812782151920693</longitude>
  </node>
  <region>1</region>
  <timeint>
    <startTime>593</startTime>
    <endTime>1030</endTime>
  </timeint>
  <capacity>3.0</capacity>
</objects.Task>
<objects.Resource>
  <id>1</id>
  <description>Technician1</description>
  <region>1</region>
  <availability>
    <startTime>654</startTime>
    <endTime>1150</endTime>
  </availability>
  <breakTime>
    <startTime>907</startTime>
    <endTime>1173</endTime>
  </breakTime>
  <origin>
    <id>101</id>
    <latitude>14.32419698078518</latitude>
    <longitude>14.064968705462269</longitude>
  </origin>
  <destination>
    <id>101</id>
    <latitude>14.32419698078518</latitude>
    <longitude>14.064968705462269</longitude>
  </destination>
  <capacity>0.0</capacity>
  <skill>9</skill>
</objects.Resource>
<objects.Resource>
  <id>2</id>
  <description>Technician2</description>
  <region>1</region>
  <availability>
    <startTime>530</startTime>
    <endTime>1095</endTime>
  </availability>
  <breakTime>
    <startTime>880</startTime>
    <endTime>1289</endTime>
  </breakTime>
  <origin>
    <id>103</id>
    <latitude>15.466578633754423</latitude>
    <longitude>17.71694023339907</longitude>
  </origin>
  <destination>
    <id>103</id>
    <latitude>15.466578633754423</latitude>
    <longitude>17.71694023339907</longitude>
  </destination>
  <capacity>0.0</capacity>
  <skill>7</skill>
</objects.Resource>
<objects.Resource>
  <id>3</id>
  <description>Technician3</description>
  <region>1</region>
  <availability>
    <startTime>680</startTime>
    <endTime>1175</endTime>
  </availability>
  <breakTime>
    <startTime>1012</startTime>
    <endTime>1606</endTime>
  </breakTime>
  <origin>
    <id>105</id>
    <latitude>14.313969808333686</latitude>
    <longitude>17.888952488252183</longitude>
  </origin>
  <destination>
    <id>105</id>
    <latitude>14.313969808333686</latitude>
    <longitude>17.888952488252183</longitude>
  </destination>
  <capacity>0.0</capacity>
  <skill>7</skill>
</objects.Resource>
<objects.Resource>
  <id>4</id>
  <description>Technician4</description>
  <region>1</region>
  <availability>
    <startTime>489</startTime>
    <endTime>1058</endTime>
  </availability>
  <breakTime>
    <startTime>901</startTime>
    <endTime>1087</endTime>
  </breakTime>
  <origin>
    <id>107</id>
    <latitude>15.308518364422154</latitude>
    <longitude>16.550998339763993</longitude>
  </origin>
  <destination>
    <id>107</id>
    <latitude>15.308518364422154</latitude>
    <longitude>16.550998339763993</longitude>
  </destination>
  <capacity>0.0</capacity>
  <skill>4</skill>
</objects.Resource>
<objects.Resource>
  <id>5</id>
  <description>Technician5</description>
  <region>1</region>
  <availability>
    <startTime>498</startTime>
    <endTime>1035</endTime>
  </availability>
  <breakTime>
    <startTime>813</startTime>
    <endTime>1284</endTime>
  </breakTime>
  <origin>
    <id>109</id>
    <latitude>17.630408660172755</latitude>
    <longitude>14.70037263373175</longitude>
  </origin>
  <destination>
    <id>109</id>
    <latitude>17.630408660172755</latitude>
    <longitude>14.70037263373175</longitude>
  </destination>
  <capacity>0.0</capacity>
  <skill>1</skill>
</objects.Resource>
<objects.Resource>
  <id>6</id>
  <description>Technician6</description>
  <region>1</region>
  <availability>
    <startTime>666</startTime>
    <endTime>1240</endTime>
  </availability>
  <breakTime>
    <startTime>1069</startTime>
    <endTime>1534</endTime>
  </breakTime>
  <origin>
    <id>111</id>
    <latitude>15.734121636406902</latitude>
    <longitude>15.17393526764425</longitude>
  </origin>
  <destination>
    <id>111</id>
    <latitude>15.734121636406902</latitude>
    <longitude>15.17393526764425</longitude>
  </destination>
  <capacity>0.0</capacity>
  <skill>3</skill>
</objects.Resource>
<objects.Resource>
  <id>7</id>
  <description>Technician7</description>
  <region>1</region>
  <availability>
    <startTime>587</startTime>
    <endTime>1103</endTime>
  </availability>
  <breakTime>
    <startTime>1003</startTime>
    <endTime>1231</endTime>
  </breakTime>
  <origin>
    <id>113</id>
    <latitude>14.397869377571272</latitude>
    <longitude>15.946301895831368</longitude>
  </origin>
  <destination>
    <id>113</id>
    <latitude>14.397869377571272</latitude>
    <longitude>15.946301895831368</longitude>
  </destination>
  <capacity>0.0</capacity>
  <skill>9</skill>
</objects.Resource>
<objects.Resource>
  <id>8</id>
  <description>Technician8</description>
  <region>1</region>
  <availability>
    <startTime>674</startTime>
    <endTime>1173</endTime>
  </availability>
  <breakTime>
    <startTime>1035</startTime>
    <endTime>1486</endTime>
  </breakTime>
  <origin>
    <id>115</id>
    <latitude>16.643288091799</latitude>
    <longitude>17.541010782929828</longitude>
  </origin>
  <destination>
    <id>115</id>
    <latitude>16.643288091799</latitude>
    <longitude>17.541010782929828</longitude>
  </destination>
  <capacity>0.0</capacity>
  <skill>0</skill>
</objects.Resource>
<objects.Resource>
  <id>9</id>
  <description>Technician9</description>
  <region>1</region>
  <availability>
    <startTime>556</startTime>
    <endTime>1140</endTime>
  </availability>
  <breakTime>
    <startTime>991</startTime>
    <endTime>1287</endTime>
  </breakTime>
  <origin>
    <id>117</id>
    <latitude>16.612163061389705</latitude>
    <longitude>17.807035534303274</longitude>
  </origin>
  <destination>
    <id>117</id>
    <latitude>16.612163061389705</latitude>
    <longitude>17.807035534303274</longitude>
  </destination>
  <capacity>0.0</capacity>
  <skill>0</skill>
</objects.Resource>
<objects.Resource>
  <id>10</id>
  <description>Technician10</description>
  <region>1</region>
  <availability>
    <startTime>607</startTime>
    <endTime>1151</endTime>
  </availability>
  <breakTime>
    <startTime>893</startTime>
    <endTime>1274</endTime>
  </breakTime>
  <origin>
    <id>119</id>
    <latitude>16.96591724879662</latitude>
    <longitude>14.73643087948092</longitude>
  </origin>
  <destination>
    <id>119</id>
    <latitude>16.96591724879662</latitude>
    <longitude>14.73643087948092</longitude>
  </destination>
  <capacity>0.0</capacity>
  <skill>4</skill>
</objects.Resource>
