<objects.Task>
  <id>0</id>
  <Description>Task#0</Description>
  <type>T</type>
  <type__id>1</type__id>
  <priority>2</priority>
  <resId>0</resId>
  <serviceTime>70</serviceTime>
  <node>
    <id>0</id>
    <latitude>3.2873694405516796</latitude>
    <longitude>9.729951462202099</longitude>
  </node>
  <region>1</region>
  <timeint>
    <startTime>526</startTime>
    <endTime>882</endTime>
  </timeint>
  <capacity>4.0</capacity>
</objects.Task>
<objects.Task>
  <id>1</id>
  <Description>Task#1</Description>
  <type>T</type>
  <type__id>1</type__id>
  <priority>1</priority>
  <resId>0</resId>
  <serviceTime>31</serviceTime>
  <node>
    <id>1</id>
    <latitude>2.7738157777361896</latitude>
    <longitude>9.203578688899258</longitude>
  </node>
  <region>1</region>
  <timeint>
    <startTime>670</startTime>
    <endTime>952</endTime>
  </timeint>
  <capacity>3.0</capacity>
</objects.Task>
<objects.Task>
  <id>2</id>
  <Description>Task#2</Description>
  <type>T</type>
  <type__id>1</type__id>
  <priority>4</priority>
  <resId>0</resId>
  <serviceTime>39</serviceTime>
  <node>
    <id>2</id>
    <latitude>5.148710658856637</latitude>
    <longitude>10.068220956439516</longitude>
  </node>
  <region>1</region>
  <timeint>
    <startTime>678</startTime>
    <endTime>1012</endTime>
  </timeint>
  <capacity>3.0</capacity>
</objects.Task>
<objects.Task>
  <id>3</id>
  <Description>Task#3</Description>
  <type>T</type>
  <type__id>1</type__id>
  <priority>3</priority>
  <resId>0</resId>
  <serviceTime>42</serviceTime>
  <node>
    <id>3</id>
    <latitude>4.492064500359025</latitude>
    <longitude>6.022789576191995</longitude>
  </node>
  <region>1</region>
  <timeint>
    <startTime>621</startTime>
    <endTime>1107</endTime>
  </timeint>
  <capacity>3.0</capacity>
</objects.Task>
<objects.Task>
  <id>4</id>
  <Description>Task#4</Description>
  <type>T</type>
  <type__id>1</type__id>
  <priority>3</priority>
  <resId>0</resId>
  <serviceTime>46</serviceTime>
  <node>
    <id>4</id>
    <latitude>2.2924237258936833</latitude>
    <longitude>14.942400567117554</longitude>
  </node>
  <region>1</region>
  <timeint>
    <startTime>528</startTime>
    <endTime>1069</endTime>
  </timeint>
  <capacity>1.0</capacity>
</objects.Task>
<objects.Task>
  <id>5</id>
  <Description>Task#5</Description>
  <type>T</type>
  <type__id>1</type__id>
  <priority>4</priority>
  <resId>0</resId>
  <serviceTime>69</serviceTime>
  <node>
    <id>5</id>
    <latitude>2.356868356544094</latitude>
    <longitude>11.164458619888508</longitude>
  </node>
  <region>1</region>
  <timeint>
    <startTime>652</startTime>
    <endTime>1187</endTime>
  </timeint>
  <capacity>8.0</capacity>
</objects.Task>
<objects.Task>
  <id>6</id>
  <Description>Task#6</Description>
  <type>T</type>
  <type__id>1</type__id>
  <priority>2</priority>
  <resId>0</resId>
  <serviceTime>35</serviceTime>
  <node>
    <id>6</id>
    <latitude>3.4701506555118784</latitude>
    <longitude>12.319611574932306</longitude>
  </node>
  <region>1</region>
  <timeint>
    <startTime>567</startTime>
    <endTime>954</endTime>
  </timeint>
  <capacity>6.0</capacity>
</objects.Task>
<objects.Task>
  <id>7</id>
  <Description>Task#7</Description>
  <type>T</type>
  <type__id>1</type__id>
  <priority>3</priority>
  <resId>0</resId>
  <serviceTime>83</serviceTime>
  <node>
    <id>7</id>
    <latitude>4.508039174716203</latitude>
    <longitude>8.501546077278045</longitude>
  </node>
  <region>1</region>
  <timeint>
    <startTime>618</startTime>
    <endTime>951</endTime>
  </timeint>
  <capacity>5.0</capacity>
</objects.Task>
<objects.Task>
  <id>8</id>
  <Description>Task#8</Description>
  <type>T</type>
  <type__id>1</type__id>
  <priority>1</priority>
  <resId>0</resId>
  <serviceTime>71</serviceTime>
  <node>
    <id>8</id>
    <latitude>1.8033224904897007</latitude>
    <longitude>12.916870605689878</longitude>
  </node>
  <region>1</region>
  <timeint>
    <startTime>670</startTime>
    <endTime>1170</endTime>
  </timeint>
  <capacity>1.0</capacity>
</objects.Task>
<objects.Task>
  <id>9</id>
  <Description>Task#9</Description>
  <type>T</type>
  <type__id>1</type__id>
  <priority>3</priority>
  <resId>0</resId>
  <serviceTime>70</serviceTime>
  <node>
    <id>9</id>
    <latitude>7.0627392284892085</latitude>
    <longitude>4.045260338858953</longitude>
  </node>
  <region>1</region>
  <timeint>
    <startTime>673</startTime>
    <endTime>1131</endTime>
  </timeint>
  <capacity>5.0</capacity>
</objects.Task>
<objects.Task>
  <id>10</id>
  <Description>Task#10</Description>
  <type>T</type>
  <type__id>1</type__id>
  <priority>3</priority>
  <resId>0</resId>
  <serviceTime>35</serviceTime>
  <node>
    <id>10</id>
    <latitude>5.530308049722201</latitude>
    <longitude>18.769825214868817</longitude>
  </node>
  <region>1</region>
  <timeint>
    <startTime>497</startTime>
    <endTime>980</endTime>
  </timeint>
  <capacity>8.0</capacity>
</objects.Task>
<objects.Task>
  <id>11</id>
  <Description>Task#11</Description>
  <type>T</type>
  <type__id>1</type__id>
  <priority>3</priority>
  <resId>0</resId>
  <serviceTime>45</serviceTime>
  <node>
    <id>11</id>
    <latitude>2.035558654921925</latitude>
    <longitude>11.258781788599567</longitude>
  </node>
  <region>1</region>
  <timeint>
    <startTime>608</startTime>
    <endTime>1091</endTime>
  </timeint>
  <capacity>9.0</capacity>
</objects.Task>
<objects.Task>
  <id>12</id>
  <Description>Task#12</Description>
  <type>T</type>
  <type__id>1</type__id>
  <priority>4</priority>
  <resId>0</resId>
  <serviceTime>44</serviceTime>
  <node>
    <id>12</id>
    <latitude>0.9890553738877426</latitude>
    <longitude>12.255941996484832</longitude>
  </node>
  <region>1</region>
  <timeint>
    <startTime>568</startTime>
    <endTime>1010</endTime>
  </timeint>
  <capacity>7.0</capacity>
</objects.Task>
<objects.Task>
  <id>13</id>
  <Description>Task#13</Description>
  <type>T</type>
  <type__id>1</type__id>
  <priority>4</priority>
  <resId>0</resId>
  <serviceTime>47</serviceTime>
  <node>
    <id>13</id>
    <latitude>4.245639065369826</latitude>
    <longitude>10.516520750779899</longitude>
  </node>
  <region>1</region>
  <timeint>
    <startTime>700</startTime>
    <endTime>1296</endTime>
  </timeint>
  <capacity>2.0</capacity>
</objects.Task>
<objects.Task>
  <id>14</id>
  <Description>Task#14</Description>
  <type>T</type>
  <type__id>1</type__id>
  <priority>2</priority>
  <resId>0</resId>
  <serviceTime>55</serviceTime>
  <node>
    <id>14</id>
    <latitude>1.4682060995005768</latitude>
    <longitude>11.048780404111866</longitude>
  </node>
  <region>1</region>
  <timeint>
    <startTime>609</startTime>
    <endTime>960</endTime>
  </timeint>
  <capacity>1.0</capacity>
</objects.Task>
<objects.Task>
  <id>15</id>
  <Description>Task#15</Description>
  <type>T</type>
  <type__id>1</type__id>
  <priority>2</priority>
  <resId>0</resId>
  <serviceTime>80</serviceTime>
  <node>
    <id>15</id>
    <latitude>5.641572869664186</latitude>
    <longitude>8.274292338987554</longitude>
  </node>
  <region>1</region>
  <timeint>
    <startTime>499</startTime>
    <endTime>872</endTime>
  </timeint>
  <capacity>0.0</capacity>
</objects.Task>
<objects.Task>
  <id>16</id>
  <Description>Task#16</Description>
  <type>T</type>
  <type__id>1</type__id>
  <priority>2</priority>
  <resId>0</resId>
  <serviceTime>32</serviceTime>
  <node>
    <id>16</id>
    <latitude>2.8004930299849593</latitude>
    <longitude>10.326988153959801</longitude>
  </node>
  <region>1</region>
  <timeint>
    <startTime>523</startTime>
    <endTime>1087</endTime>
  </timeint>
  <capacity>4.0</capacity>
</objects.Task>
<objects.Task>
  <id>17</id>
  <Description>Task#17</Description>
  <type>T</type>
  <type__id>1</type__id>
  <priority>1</priority>
  <resId>0</resId>
  <serviceTime>63</serviceTime>
  <node>
    <id>17</id>
    <latitude>4.948126312066218</latitude>
    <longitude>11.173872133173408</longitude>
  </node>
  <region>1</region>
  <timeint>
    <startTime>671</startTime>
    <endTime>1027</endTime>
  </timeint>
  <capacity>8.0</capacity>
</objects.Task>
<objects.Task>
  <id>18</id>
  <Description>Task#18</Description>
  <type>T</type>
  <type__id>1</type__id>
  <priority>1</priority>
  <resId>0</resId>
  <serviceTime>37</serviceTime>
  <node>
    <id>18</id>
    <latitude>2.809441492007576</latitude>
    <longitude>15.853640848969178</longitude>
  </node>
  <region>1</region>
  <timeint>
    <startTime>569</startTime>
    <endTime>855</endTime>
  </timeint>
  <capacity>7.0</capacity>
</objects.Task>
<objects.Task>
  <id>19</id>
  <Description>Task#19</Description>
  <type>T</type>
  <type__id>1</type__id>
  <priority>1</priority>
  <resId>0</resId>
  <serviceTime>86</serviceTime>
  <node>
    <id>19</id>
    <latitude>2.7770189823311773</latitude>
    <longitude>8.380317120303863</longitude>
  </node>
  <region>1</region>
  <timeint>
    <startTime>569</startTime>
    <endTime>813</endTime>
  </timeint>
  <capacity>6.0</capacity>
</objects.Task>
<objects.Task>
  <id>20</id>
  <Description>Task#20</Description>
  <type>T</type>
  <type__id>1</type__id>
  <priority>2</priority>
  <resId>0</resId>
  <serviceTime>56</serviceTime>
  <node>
    <id>20</id>
    <latitude>3.299601233534456</latitude>
    <longitude>9.712033945497373</longitude>
  </node>
  <region>1</region>
  <timeint>
    <startTime>663</startTime>
    <endTime>1145</endTime>
  </timeint>
  <capacity>7.0</capacity>
</objects.Task>
<objects.Task>
  <id>21</id>
  <Description>Task#21</Description>
  <type>T</type>
  <type__id>1</type__id>
  <priority>4</priority>
  <resId>0</resId>
  <serviceTime>70</serviceTime>
  <node>
    <id>21</id>
    <latitude>3.336617680238617</latitude>
    <longitude>9.466351378641159</longitude>
  </node>
  <region>1</region>
  <timeint>
    <startTime>486</startTime>
    <endTime>761</endTime>
  </timeint>
  <capacity>3.0</capacity>
</objects.Task>
<objects.Task>
  <id>22</id>
  <Description>Task#22</Description>
  <type>T</type>
  <type__id>1</type__id>
  <priority>1</priority>
  <resId>0</resId>
  <serviceTime>48</serviceTime>
  <node>
    <id>22</id>
    <latitude>2.6010270578262533</latitude>
    <longitude>9.331174401253946</longitude>
  </node>
  <region>1</region>
  <timeint>
    <startTime>609</startTime>
    <endTime>1042</endTime>
  </timeint>
  <capacity>6.0</capacity>
</objects.Task>
<objects.Task>
  <id>23</id>
  <Description>Task#23</Description>
  <type>T</type>
  <type__id>1</type__id>
  <priority>4</priority>
  <resId>0</resId>
  <serviceTime>55</serviceTime>
  <node>
    <id>23</id>
    <latitude>3.303297459486934</latitude>
    <longitude>10.292467477999272</longitude>
  </node>
  <region>1</region>
  <timeint>
    <startTime>601</startTime>
    <endTime>857</endTime>
  </timeint>
  <capacity>2.0</capacity>
</objects.Task>
<objects.Task>
  <id>24</id>
  <Description>Task#24</Description>
  <type>T</type>
  <type__id>1</type__id>
  <priority>3</priority>
  <resId>0</resId>
  <serviceTime>49</serviceTime>
  <node>
    <id>24</id>
    <latitude>4.980105723192349</latitude>
    <longitude>8.131395637586554</longitude>
  </node>
  <region>1</region>
  <timeint>
    <startTime>706</startTime>
    <endTime>1240</endTime>
  </timeint>
  <capacity>5.0</capacity>
</objects.Task>
<objects.Task>
  <id>25</id>
  <Description>Task#25</Description>
  <type>T</type>
  <type__id>1</type__id>
  <priority>4</priority>
  <resId>0</resId>
  <serviceTime>48</serviceTime>
  <node>
    <id>25</id>
    <latitude>26.841984475713353</latitude>
    <longitude>19.595269221065468</longitude>
  </node>
  <region>1</region>
  <timeint>
    <startTime>483</startTime>
    <endTime>1042</endTime>
  </timeint>
  <capacity>1.0</capacity>
</objects.Task>
<objects.Task>
  <id>26</id>
  <Description>Task#26</Description>
  <type>T</type>
  <type__id>1</type__id>
  <priority>2</priority>
  <resId>0</resId>
  <serviceTime>35</serviceTime>
  <node>
    <id>26</id>
    <latitude>23.469673417163627</latitude>
    <longitude>20.275167958670426</longitude>
  </node>
  <region>1</region>
  <timeint>
    <startTime>588</startTime>
    <endTime>1005</endTime>
  </timeint>
  <capacity>0.0</capacity>
</objects.Task>
<objects.Task>
  <id>27</id>
  <Description>Task#27</Description>
  <type>T</type>
  <type__id>1</type__id>
  <priority>3</priority>
  <resId>0</resId>
  <serviceTime>49</serviceTime>
  <node>
    <id>27</id>
    <latitude>23.24814256789202</latitude>
    <longitude>27.743346288663616</longitude>
  </node>
  <region>1</region>
  <timeint>
    <startTime>709</startTime>
    <endTime>979</endTime>
  </timeint>
  <capacity>7.0</capacity>
</objects.Task>
<objects.Task>
  <id>28</id>
  <Description>Task#28</Description>
  <type>T</type>
  <type__id>1</type__id>
  <priority>4</priority>
  <resId>0</resId>
  <serviceTime>38</serviceTime>
  <node>
    <id>28</id>
    <latitude>23.865147936163265</latitude>
    <longitude>20.33888845064367</longitude>
  </node>
  <region>1</region>
  <timeint>
    <startTime>681</startTime>
    <endTime>1003</endTime>
  </timeint>
  <capacity>7.0</capacity>
</objects.Task>
<objects.Task>
  <id>29</id>
  <Description>Task#29</Description>
  <type>T</type>
  <type__id>1</type__id>
  <priority>2</priority>
  <resId>0</resId>
  <serviceTime>65</serviceTime>
  <node>
    <id>29</id>
    <latitude>23.839254381080483</latitude>
    <longitude>20.33374758204364</longitude>
  </node>
  <region>1</region>
  <timeint>
    <startTime>570</startTime>
    <endTime>877</endTime>
  </timeint>
  <capacity>8.0</capacity>
</objects.Task>
<objects.Task>
  <id>30</id>
  <Description>Task#30</Description>
  <type>T</type>
  <type__id>1</type__id>
  <priority>2</priority>
  <resId>0</resId>
  <serviceTime>85</serviceTime>
  <node>
    <id>30</id>
    <latitude>22.558293780004625</latitude>
    <longitude>21.247959818733744</longitude>
  </node>
  <region>1</region>
  <timeint>
    <startTime>557</startTime>
    <endTime>839</endTime>
  </timeint>
  <capacity>3.0</capacity>
</objects.Task>
<objects.Task>
  <id>31</id>
  <Description>Task#31</Description>
  <type>T</type>
  <type__id>1</type__id>
  <priority>1</priority>
  <resId>0</resId>
  <serviceTime>53</serviceTime>
  <node>
    <id>31</id>
    <latitude>24.170572659199347</latitude>
    <longitude>21.2691079776112</longitude>
  </node>
  <region>1</region>
  <timeint>
    <startTime>597</startTime>
    <endTime>1090</endTime>
  </timeint>
  <capacity>3.0</capacity>
</objects.Task>
<objects.Task>
  <id>32</id>
  <Description>Task#32</Description>
  <type>T</type>
  <type__id>1</type__id>
  <priority>1</priority>
  <resId>0</resId>
  <serviceTime>72</serviceTime>
  <node>
    <id>32</id>
    <latitude>23.876811565186053</latitude>
    <longitude>19.17200667815138</longitude>
  </node>
  <region>1</region>
  <timeint>
    <startTime>565</startTime>
    <endTime>1031</endTime>
  </timeint>
  <capacity>8.0</capacity>
</objects.Task>
<objects.Task>
  <id>33</id>
  <Description>Task#33</Description>
  <type>T</type>
  <type__id>1</type__id>
  <priority>1</priority>
  <resId>0</resId>
  <serviceTime>33</serviceTime>
  <node>
    <id>33</id>
    <latitude>22.63650183832864</latitude>
    <longitude>20.86936494553313</longitude>
  </node>
  <region>1</region>
  <timeint>
    <startTime>643</startTime>
    <endTime>1198</endTime>
  </timeint>
  <capacity>2.0</capacity>
</objects.Task>
<objects.Task>
  <id>34</id>
  <Description>Task#34</Description>
  <type>T</type>
  <type__id>1</type__id>
  <priority>3</priority>
  <resId>0</resId>
  <serviceTime>55</serviceTime>
  <node>
    <id>34</id>
    <latitude>24.390946268475023</latitude>
    <longitude>20.104556424576764</longitude>
  </node>
  <region>1</region>
  <timeint>
    <startTime>674</startTime>
    <endTime>1025</endTime>
  </timeint>
  <capacity>4.0</capacity>
</objects.Task>
<objects.Task>
  <id>35</id>
  <Description>Task#35</Description>
  <type>T</type>
  <type__id>1</type__id>
  <priority>4</priority>
  <resId>0</resId>
  <serviceTime>48</serviceTime>
  <node>
    <id>35</id>
    <latitude>23.698025074409685</latitude>
    <longitude>20.440115119375825</longitude>
  </node>
  <region>1</region>
  <timeint>
    <startTime>564</startTime>
    <endTime>1132</endTime>
  </timeint>
  <capacity>8.0</capacity>
</objects.Task>
<objects.Task>
  <id>36</id>
  <Description>Task#36</Description>
  <type>T</type>
  <type__id>1</type__id>
  <priority>3</priority>
  <resId>0</resId>
  <serviceTime>69</serviceTime>
  <node>
    <id>36</id>
    <latitude>23.726455306657343</latitude>
    <longitude>20.41515599700489</longitude>
  </node>
  <region>1</region>
  <timeint>
    <startTime>484</startTime>
    <endTime>923</endTime>
  </timeint>
  <capacity>2.0</capacity>
</objects.Task>
<objects.Task>
  <id>37</id>
  <Description>Task#37</Description>
  <type>T</type>
  <type__id>1</type__id>
  <priority>1</priority>
  <resId>0</resId>
  <serviceTime>53</serviceTime>
  <node>
    <id>37</id>
    <latitude>20.304768516275224</latitude>
    <longitude>21.5071728579195</longitude>
  </node>
  <region>1</region>
  <timeint>
    <startTime>519</startTime>
    <endTime>1031</endTime>
  </timeint>
  <capacity>7.0</capacity>
</objects.Task>
<objects.Task>
  <id>38</id>
  <Description>Task#38</Description>
  <type>T</type>
  <type__id>1</type__id>
  <priority>1</priority>
  <resId>0</resId>
  <serviceTime>70</serviceTime>
  <node>
    <id>38</id>
    <latitude>23.5357394627538</latitude>
    <longitude>20.46239006112255</longitude>
  </node>
  <region>1</region>
  <timeint>
    <startTime>599</startTime>
    <endTime>1114</endTime>
  </timeint>
  <capacity>3.0</capacity>
</objects.Task>
<objects.Task>
  <id>39</id>
  <Description>Task#39</Description>
  <type>T</type>
  <type__id>1</type__id>
  <priority>3</priority>
  <resId>0</resId>
  <serviceTime>52</serviceTime>
  <node>
    <id>39</id>
    <latitude>23.873710892187763</latitude>
    <longitude>20.21003138918552</longitude>
  </node>
  <region>1</region>
  <timeint>
    <startTime>620</startTime>
    <endTime>989</endTime>
  </timeint>
  <capacity>8.0</capacity>
</objects.Task>
<objects.Task>
  <id>40</id>
  <Description>Task#40</Description>
  <type>T</type>
  <type__id>1</type__id>
  <priority>4</priority>
  <resId>0</resId>
  <serviceTime>46</serviceTime>
  <node>
    <id>40</id>
    <latitude>21.001479591423625</latitude>
    <longitude>16.174535014223643</longitude>
  </node>
  <region>1</region>
  <timeint>
    <startTime>709</startTime>
    <endTime>1010</endTime>
  </timeint>
  <capacity>1.0</capacity>
</objects.Task>
<objects.Task>
  <id>41</id>
  <Description>Task#41</Description>
  <type>T</type>
  <type__id>1</type__id>
  <priority>4</priority>
  <resId>0</resId>
  <serviceTime>73</serviceTime>
  <node>
    <id>41</id>
    <latitude>27.246185147934945</latitude>
    <longitude>19.9535997367947</longitude>
  </node>
  <region>1</region>
  <timeint>
    <startTime>616</startTime>
    <endTime>1145</endTime>
  </timeint>
  <capacity>3.0</capacity>
</objects.Task>
<objects.Task>
  <id>42</id>
  <Description>Task#42</Description>
  <type>T</type>
  <type__id>1</type__id>
  <priority>3</priority>
  <resId>0</resId>
  <serviceTime>88</serviceTime>
  <node>
    <id>42</id>
    <latitude>24.830583623630147</latitude>
    <longitude>19.08708959663197</longitude>
  </node>
  <region>1</region>
  <timeint>
    <startTime>671</startTime>
    <endTime>1124</endTime>
  </timeint>
  <capacity>7.0</capacity>
</objects.Task>
<objects.Task>
  <id>43</id>
  <Description>Task#43</Description>
  <type>T</type>
  <type__id>1</type__id>
  <priority>2</priority>
  <resId>0</resId>
  <serviceTime>87</serviceTime>
  <node>
    <id>43</id>
    <latitude>25.49237272186146</latitude>
    <longitude>18.43936134026453</longitude>
  </node>
  <region>1</region>
  <timeint>
    <startTime>700</startTime>
    <endTime>1184</endTime>
  </timeint>
  <capacity>1.0</capacity>
</objects.Task>
<objects.Task>
  <id>44</id>
  <Description>Task#44</Description>
  <type>T</type>
  <type__id>1</type__id>
  <priority>1</priority>
  <resId>0</resId>
  <serviceTime>87</serviceTime>
  <node>
    <id>44</id>
    <latitude>23.963840002362765</latitude>
    <longitude>25.00513934913231</longitude>
  </node>
  <region>1</region>
  <timeint>
    <startTime>553</startTime>
    <endTime>850</endTime>
  </timeint>
  <capacity>2.0</capacity>
</objects.Task>
<objects.Task>
  <id>45</id>
  <Description>Task#45</Description>
  <type>T</type>
  <type__id>1</type__id>
  <priority>2</priority>
  <resId>0</resId>
  <serviceTime>80</serviceTime>
  <node>
    <id>45</id>
    <latitude>23.78731659609193</latitude>
    <longitude>20.36450450911685</longitude>
  </node>
  <region>1</region>
  <timeint>
    <startTime>501</startTime>
    <endTime>892</endTime>
  </timeint>
  <capacity>8.0</capacity>
</objects.Task>
<objects.Task>
  <id>46</id>
  <Description>Task#46</Description>
  <type>T</type>
  <type__id>1</type__id>
  <priority>2</priority>
  <resId>0</resId>
  <serviceTime>62</serviceTime>
  <node>
    <id>46</id>
    <latitude>20.415162574730928</latitude>
    <longitude>16.522447253472418</longitude>
  </node>
  <region>1</region>
  <timeint>
    <startTime>569</startTime>
    <endTime>840</endTime>
  </timeint>
  <capacity>2.0</capacity>
</objects.Task>
<objects.Task>
  <id>47</id>
  <Description>Task#47</Description>
  <type>T</type>
  <type__id>1</type__id>
  <priority>3</priority>
  <resId>0</resId>
  <serviceTime>80</serviceTime>
  <node>
    <id>47</id>
    <latitude>24.290257182769377</latitude>
    <longitude>19.742138135887124</longitude>
  </node>
  <region>1</region>
  <timeint>
    <startTime>627</startTime>
    <endTime>1208</endTime>
  </timeint>
  <capacity>8.0</capacity>
</objects.Task>
<objects.Task>
  <id>48</id>
  <Description>Task#48</Description>
  <type>T</type>
  <type__id>1</type__id>
  <priority>1</priority>
  <resId>0</resId>
  <serviceTime>65</serviceTime>
  <node>
    <id>48</id>
    <latitude>23.934850511592245</latitude>
    <longitude>19.754227321120283</longitude>
  </node>
  <region>1</region>
  <timeint>
    <startTime>710</startTime>
    <endTime>1297</endTime>
  </timeint>
  <capacity>0.0</capacity>
</objects.Task>
<objects.Task>
  <id>49</id>
  <Description>Task#49</Description>
  <type>T</type>
  <type__id>1</type__id>
  <priority>1</priority>
  <resId>0</resId>
  <serviceTime>72</serviceTime>
  <node>
    <id>49</id>
    <latitude>21.968636423541643</latitude>
    <longitude>25.887140890434793</longitude>
  </node>
  <region>1</region>
  <timeint>
    <startTime>716</startTime>
    <endTime>1103</endTime>
  </timeint>
  <capacity>9.0</capacity>
</objects.Task>
<objects.Task>
  <id>50</id>
  <Description>Task#50</Description>
  <type>T</type>
  <type__id>1</type__id>
  <priority>3</priority>
  <resId>0</resId>
  <serviceTime>61</serviceTime>
  <node>
    <id>50</id>
    <latitude>33.71334520734984</latitude>
    <longitude>16.28289456840597</longitude>
  </node>
  <region>1</region>
  <timeint>
    <startTime>517</startTime>
    <endTime>1031</endTime>
  </timeint>
  <capacity>4.0</capacity>
</objects.Task>
<objects.Task>
  <id>51</id>
  <Description>Task#51</Description>
  <type>T</type>
  <type__id>1</type__id>
  <priority>1</priority>
  <resId>0</resId>
  <serviceTime>43</serviceTime>
  <node>
    <id>51</id>
    <latitude>30.649747414772346</latitude>
    <longitude>14.798258629746684</longitude>
  </node>
  <region>1</region>
  <timeint>
    <startTime>697</startTime>
    <endTime>996</endTime>
  </timeint>
  <capacity>3.0</capacity>
</objects.Task>
<objects.Task>
  <id>52</id>
  <Description>Task#52</Description>
  <type>T</type>
  <type__id>1</type__id>
  <priority>3</priority>
  <resId>0</resId>
  <serviceTime>42</serviceTime>
  <node>
    <id>52</id>
    <latitude>30.745088618141132</latitude>
    <longitude>14.829280699678325</longitude>
  </node>
  <region>1</region>
  <timeint>
    <startTime>575</startTime>
    <endTime>1020</endTime>
  </timeint>
  <capacity>5.0</capacity>
</objects.Task>
<objects.Task>
  <id>53</id>
  <Description>Task#53</Description>
  <type>T</type>
  <type__id>1</type__id>
  <priority>4</priority>
  <resId>0</resId>
  <serviceTime>70</serviceTime>
  <node>
    <id>53</id>
    <latitude>31.464293030212637</latitude>
    <longitude>14.507426171486959</longitude>
  </node>
  <region>1</region>
  <timeint>
    <startTime>492</startTime>
    <endTime>807</endTime>
  </timeint>
  <capacity>3.0</capacity>
</objects.Task>
<objects.Task>
  <id>54</id>
  <Description>Task#54</Description>
  <type>T</type>
  <type__id>1</type__id>
  <priority>1</priority>
  <resId>0</resId>
  <serviceTime>49</serviceTime>
  <node>
    <id>54</id>
    <latitude>30.22055697706323</latitude>
    <longitude>15.918461367327312</longitude>
  </node>
  <region>1</region>
  <timeint>
    <startTime>563</startTime>
    <endTime>898</endTime>
  </timeint>
  <capacity>6.0</capacity>
</objects.Task>
<objects.Task>
  <id>55</id>
  <Description>Task#55</Description>
  <type>T</type>
  <type__id>1</type__id>
  <priority>1</priority>
  <resId>0</resId>
  <serviceTime>34</serviceTime>
  <node>
    <id>55</id>
    <latitude>30.75314130312443</latitude>
    <longitude>13.474541240574379</longitude>
  </node>
  <region>1</region>
  <timeint>
    <startTime>671</startTime>
    <endTime>935</endTime>
  </timeint>
  <capacity>3.0</capacity>
</objects.Task>
<objects.Task>
  <id>56</id>
  <Description>Task#56</Description>
  <type>T</type>
  <type__id>1</type__id>
  <priority>4</priority>
  <resId>0</resId>
  <serviceTime>49</serviceTime>
  <node>
    <id>56</id>
    <latitude>30.58353645029589</latitude>
    <longitude>14.638195827525506</longitude>
  </node>
  <region>1</region>
  <timeint>
    <startTime>614</startTime>
    <endTime>1150</endTime>
  </timeint>
  <capacity>2.0</capacity>
</objects.Task>
<objects.Task>
  <id>57</id>
  <Description>Task#57</Description>
  <type>T</type>
  <type__id>1</type__id>
  <priority>3</priority>
  <resId>0</resId>
  <serviceTime>77</serviceTime>
  <node>
    <id>57</id>
    <latitude>30.20836898644206</latitude>
    <longitude>14.884223018339174</longitude>
  </node>
  <region>1</region>
  <timeint>
    <startTime>628</startTime>
    <endTime>1155</endTime>
  </timeint>
  <capacity>1.0</capacity>
</objects.Task>
<objects.Task>
  <id>58</id>
  <Description>Task#58</Description>
  <type>T</type>
  <type__id>1</type__id>
  <priority>3</priority>
  <resId>0</resId>
  <serviceTime>65</serviceTime>
  <node>
    <id>58</id>
    <latitude>32.55379585416584</latitude>
    <longitude>17.07827699940827</longitude>
  </node>
  <region>1</region>
  <timeint>
    <startTime>521</startTime>
    <endTime>1083</endTime>
  </timeint>
  <capacity>1.0</capacity>
</objects.Task>
<objects.Task>
  <id>59</id>
  <Description>Task#59</Description>
  <type>T</type>
  <type__id>1</type__id>
  <priority>4</priority>
  <resId>0</resId>
  <serviceTime>45</serviceTime>
  <node>
    <id>59</id>
    <latitude>34.42427500128004</latitude>
    <longitude>10.851837768893558</longitude>
  </node>
  <region>1</region>
  <timeint>
    <startTime>565</startTime>
    <endTime>917</endTime>
  </timeint>
  <capacity>4.0</capacity>
</objects.Task>
<objects.Task>
  <id>60</id>
  <Description>Task#60</Description>
  <type>T</type>
  <type__id>1</type__id>
  <priority>2</priority>
  <resId>0</resId>
  <serviceTime>33</serviceTime>
  <node>
    <id>60</id>
    <latitude>25.313793962903976</latitude>
    <longitude>14.028032464280791</longitude>
  </node>
  <region>1</region>
  <timeint>
    <startTime>663</startTime>
    <endTime>1024</endTime>
  </timeint>
  <capacity>3.0</capacity>
</objects.Task>
<objects.Task>
  <id>61</id>
  <Description>Task#61</Description>
  <type>T</type>
  <type__id>1</type__id>
  <priority>2</priority>
  <resId>0</resId>
  <serviceTime>56</serviceTime>
  <node>
    <id>61</id>
    <latitude>29.57992865938697</latitude>
    <longitude>12.68107673031455</longitude>
  </node>
  <region>1</region>
  <timeint>
    <startTime>611</startTime>
    <endTime>950</endTime>
  </timeint>
  <capacity>6.0</capacity>
</objects.Task>
<objects.Task>
  <id>62</id>
  <Description>Task#62</Description>
  <type>T</type>
  <type__id>1</type__id>
  <priority>2</priority>
  <resId>0</resId>
  <serviceTime>45</serviceTime>
  <node>
    <id>62</id>
    <latitude>29.971765460625615</latitude>
    <longitude>14.290536751555418</longitude>
  </node>
  <region>1</region>
  <timeint>
    <startTime>532</startTime>
    <endTime>910</endTime>
  </timeint>
  <capacity>4.0</capacity>
</objects.Task>
<objects.Task>
  <id>63</id>
  <Description>Task#63</Description>
  <type>T</type>
  <type__id>1</type__id>
  <priority>2</priority>
  <resId>0</resId>
  <serviceTime>46</serviceTime>
  <node>
    <id>63</id>
    <latitude>30.3234847244298</latitude>
    <longitude>15.725858806247693</longitude>
  </node>
  <region>1</region>
  <timeint>
    <startTime>552</startTime>
    <endTime>1119</endTime>
  </timeint>
  <capacity>0.0</capacity>
</objects.Task>
<objects.Task>
  <id>64</id>
  <Description>Task#64</Description>
  <type>T</type>
  <type__id>1</type__id>
  <priority>1</priority>
  <resId>0</resId>
  <serviceTime>43</serviceTime>
  <node>
    <id>64</id>
    <latitude>31.382175228633983</latitude>
    <longitude>13.50749055672903</longitude>
  </node>
  <region>1</region>
  <timeint>
    <startTime>558</startTime>
    <endTime>913</endTime>
  </timeint>
  <capacity>0.0</capacity>
</objects.Task>
<objects.Task>
  <id>65</id>
  <Description>Task#65</Description>
  <type>T</type>
  <type__id>1</type__id>
  <priority>4</priority>
  <resId>0</resId>
  <serviceTime>36</serviceTime>
  <node>
    <id>65</id>
    <latitude>29.041113749840047</latitude>
    <longitude>16.06377499707649</longitude>
  </node>
  <region>1</region>
  <timeint>
    <startTime>650</startTime>
    <endTime>916</endTime>
  </timeint>
  <capacity>3.0</capacity>
</objects.Task>
<objects.Task>
  <id>66</id>
  <Description>Task#66</Description>
  <type>T</type>
  <type__id>1</type__id>
  <priority>1</priority>
  <resId>0</resId>
  <serviceTime>74</serviceTime>
  <node>
    <id>66</id>
    <latitude>30.8475039604468</latitude>
    <longitude>13.431606421591738</longitude>
  </node>
  <region>1</region>
  <timeint>
    <startTime>640</startTime>
    <endTime>1162</endTime>
  </timeint>
  <capacity>8.0</capacity>
</objects.Task>
<objects.Task>
  <id>67</id>
  <Description>Task#67</Description>
  <type>T</type>
  <type__id>1</type__id>
  <priority>1</priority>
  <resId>0</resId>
  <serviceTime>35</serviceTime>
  <node>
    <id>67</id>
    <latitude>30.203195717205293</latitude>
    <longitude>14.63387582808829</longitude>
  </node>
  <region>1</region>
  <timeint>
    <startTime>521</startTime>
    <endTime>1053</endTime>
  </timeint>
  <capacity>0.0</capacity>
</objects.Task>
<objects.Task>
  <id>68</id>
  <Description>Task#68</Description>
  <type>T</type>
  <type__id>1</type__id>
  <priority>1</priority>
  <resId>0</resId>
  <serviceTime>67</serviceTime>
  <node>
    <id>68</id>
    <latitude>30.60515699669848</latitude>
    <longitude>18.619834925679005</longitude>
  </node>
  <region>1</region>
  <timeint>
    <startTime>562</startTime>
    <endTime>858</endTime>
  </timeint>
  <capacity>3.0</capacity>
</objects.Task>
<objects.Task>
  <id>69</id>
  <Description>Task#69</Description>
  <type>T</type>
  <type__id>1</type__id>
  <priority>3</priority>
  <resId>0</resId>
  <serviceTime>38</serviceTime>
  <node>
    <id>69</id>
    <latitude>30.42959125599095</latitude>
    <longitude>14.904631941268116</longitude>
  </node>
  <region>1</region>
  <timeint>
    <startTime>509</startTime>
    <endTime>940</endTime>
  </timeint>
  <capacity>9.0</capacity>
</objects.Task>
<objects.Task>
  <id>70</id>
  <Description>Task#70</Description>
  <type>T</type>
  <type__id>1</type__id>
  <priority>4</priority>
  <resId>0</resId>
  <serviceTime>69</serviceTime>
  <node>
    <id>70</id>
    <latitude>33.760823254243306</latitude>
    <longitude>11.773630200326325</longitude>
  </node>
  <region>1</region>
  <timeint>
    <startTime>512</startTime>
    <endTime>1010</endTime>
  </timeint>
  <capacity>6.0</capacity>
</objects.Task>
<objects.Task>
  <id>71</id>
  <Description>Task#71</Description>
  <type>T</type>
  <type__id>1</type__id>
  <priority>2</priority>
  <resId>0</resId>
  <serviceTime>83</serviceTime>
  <node>
    <id>71</id>
    <latitude>32.16550631994856</latitude>
    <longitude>21.568660634260695</longitude>
  </node>
  <region>1</region>
  <timeint>
    <startTime>695</startTime>
    <endTime>956</endTime>
  </timeint>
  <capacity>3.0</capacity>
</objects.Task>
<objects.Task>
  <id>72</id>
  <Description>Task#72</Description>
  <type>T</type>
  <type__id>1</type__id>
  <priority>3</priority>
  <resId>0</resId>
  <serviceTime>66</serviceTime>
  <node>
    <id>72</id>
    <latitude>30.519729899199582</latitude>
    <longitude>14.502625360713019</longitude>
  </node>
  <region>1</region>
  <timeint>
    <startTime>567</startTime>
    <endTime>1141</endTime>
  </timeint>
  <capacity>8.0</capacity>
</objects.Task>
<objects.Task>
  <id>73</id>
  <Description>Task#73</Description>
  <type>T</type>
  <type__id>1</type__id>
  <priority>2</priority>
  <resId>0</resId>
  <serviceTime>35</serviceTime>
  <node>
    <id>73</id>
    <latitude>30.099371124703477</latitude>
    <longitude>14.546726597280859</longitude>
  </node>
  <region>1</region>
  <timeint>
    <startTime>635</startTime>
    <endTime>968</endTime>
  </timeint>
  <capacity>8.0</capacity>
</objects.Task>
<objects.Task>
  <id>74</id>
  <Description>Task#74</Description>
  <type>T</type>
  <type__id>1</type__id>
  <priority>4</priority>
  <resId>0</resId>
  <serviceTime>78</serviceTime>
  <node>
    <id>74</id>
    <latitude>34.03864919482112</latitude>
    <longitude>16.281374456217478</longitude>
  </node>
  <region>1</region>
  <timeint>
    <startTime>578</startTime>
    <endTime>1032</endTime>
  </timeint>
  <capacity>6.0</capacity>
</objects.Task>
<objects.Task>
  <id>75</id>
  <Description>Task#75</Description>
  <type>T</type>
  <type__id>1</type__id>
  <priority>4</priority>
  <resId>0</resId>
  <serviceTime>31</serviceTime>
  <node>
    <id>75</id>
    <latitude>19.541367564247622</latitude>
    <longitude>40.69702237050451</longitude>
  </node>
  <region>1</region>
  <timeint>
    <startTime>686</startTime>
    <endTime>1258</endTime>
  </timeint>
  <capacity>7.0</capacity>
</objects.Task>
<objects.Task>
  <id>76</id>
  <Description>Task#76</Description>
  <type>T</type>
  <type__id>1</type__id>
  <priority>4</priority>
  <resId>0</resId>
  <serviceTime>52</serviceTime>
  <node>
    <id>76</id>
    <latitude>20.6743900762821</latitude>
    <longitude>37.78732247513333</longitude>
  </node>
  <region>1</region>
  <timeint>
    <startTime>608</startTime>
    <endTime>992</endTime>
  </timeint>
  <capacity>4.0</capacity>
</objects.Task>
<objects.Task>
  <id>77</id>
  <Description>Task#77</Description>
  <type>T</type>
  <type__id>1</type__id>
  <priority>1</priority>
  <resId>0</resId>
  <serviceTime>30</serviceTime>
  <node>
    <id>77</id>
    <latitude>19.190017512040694</latitude>
    <longitude>40.79415086724615</longitude>
  </node>
  <region>1</region>
  <timeint>
    <startTime>688</startTime>
    <endTime>967</endTime>
  </timeint>
  <capacity>2.0</capacity>
</objects.Task>
<objects.Task>
  <id>78</id>
  <Description>Task#78</Description>
  <type>T</type>
  <type__id>1</type__id>
  <priority>3</priority>
  <resId>0</resId>
  <serviceTime>81</serviceTime>
  <node>
    <id>78</id>
    <latitude>19.31142941620959</latitude>
    <longitude>44.50587799924439</longitude>
  </node>
  <region>1</region>
  <timeint>
    <startTime>548</startTime>
    <endTime>965</endTime>
  </timeint>
  <capacity>2.0</capacity>
</objects.Task>
<objects.Task>
  <id>79</id>
  <Description>Task#79</Description>
  <type>T</type>
  <type__id>1</type__id>
  <priority>3</priority>
  <resId>0</resId>
  <serviceTime>47</serviceTime>
  <node>
    <id>79</id>
    <latitude>19.936795882158933</latitude>
    <longitude>40.464875610692474</longitude>
  </node>
  <region>1</region>
  <timeint>
    <startTime>709</startTime>
    <endTime>995</endTime>
  </timeint>
  <capacity>9.0</capacity>
</objects.Task>
<objects.Task>
  <id>80</id>
  <Description>Task#80</Description>
  <type>T</type>
  <type__id>1</type__id>
  <priority>1</priority>
  <resId>0</resId>
  <serviceTime>50</serviceTime>
  <node>
    <id>80</id>
    <latitude>19.186844040788294</latitude>
    <longitude>40.790557010863644</longitude>
  </node>
  <region>1</region>
  <timeint>
    <startTime>655</startTime>
    <endTime>992</endTime>
  </timeint>
  <capacity>1.0</capacity>
</objects.Task>
<objects.Task>
  <id>81</id>
  <Description>Task#81</Description>
  <type>T</type>
  <type__id>1</type__id>
  <priority>4</priority>
  <resId>0</resId>
  <serviceTime>67</serviceTime>
  <node>
    <id>81</id>
    <latitude>18.939366472402313</latitude>
    <longitude>41.436849227582464</longitude>
  </node>
  <region>1</region>
  <timeint>
    <startTime>630</startTime>
    <endTime>1004</endTime>
  </timeint>
  <capacity>0.0</capacity>
</objects.Task>
<objects.Task>
  <id>82</id>
  <Description>Task#82</Description>
  <type>T</type>
  <type__id>1</type__id>
  <priority>2</priority>
  <resId>0</resId>
  <serviceTime>37</serviceTime>
  <node>
    <id>82</id>
    <latitude>16.76830232570323</latitude>
    <longitude>44.23453329376469</longitude>
  </node>
  <region>1</region>
  <timeint>
    <startTime>619</startTime>
    <endTime>1134</endTime>
  </timeint>
  <capacity>0.0</capacity>
</objects.Task>
<objects.Task>
  <id>83</id>
  <Description>Task#83</Description>
  <type>T</type>
  <type__id>1</type__id>
  <priority>3</priority>
  <resId>0</resId>
  <serviceTime>87</serviceTime>
  <node>
    <id>83</id>
    <latitude>19.157768536049257</latitude>
    <longitude>40.79974836604245</longitude>
  </node>
  <region>1</region>
  <timeint>
    <startTime>517</startTime>
    <endTime>864</endTime>
  </timeint>
  <capacity>9.0</capacity>
</objects.Task>
<objects.Task>
  <id>84</id>
  <Description>Task#84</Description>
  <type>T</type>
  <type__id>1</type__id>
  <priority>2</priority>
  <resId>0</resId>
  <serviceTime>67</serviceTime>
  <node>
    <id>84</id>
    <latitude>19.306399712280864</latitude>
    <longitude>41.20342502247129</longitude>
  </node>
  <region>1</region>
  <timeint>
    <startTime>711</startTime>
    <endTime>1173</endTime>
  </timeint>
  <capacity>9.0</capacity>
</objects.Task>
<objects.Task>
  <id>85</id>
  <Description>Task#85</Description>
  <type>T</type>
  <type__id>1</type__id>
  <priority>1</priority>
  <resId>0</resId>
  <serviceTime>57</serviceTime>
  <node>
    <id>85</id>
    <latitude>16.333150237850464</latitude>
    <longitude>44.192935233671314</longitude>
  </node>
  <region>1</region>
  <timeint>
    <startTime>500</startTime>
    <endTime>953</endTime>
  </timeint>
  <capacity>4.0</capacity>
</objects.Task>
<objects.Task>
  <id>86</id>
  <Description>Task#86</Description>
  <type>T</type>
  <type__id>1</type__id>
  <priority>2</priority>
  <resId>0</resId>
  <serviceTime>68</serviceTime>
  <node>
    <id>86</id>
    <latitude>19.70841489210736</latitude>
    <longitude>39.01555141321934</longitude>
  </node>
  <region>1</region>
  <timeint>
    <startTime>589</startTime>
    <endTime>1052</endTime>
  </timeint>
  <capacity>7.0</capacity>
</objects.Task>
<objects.Task>
  <id>87</id>
  <Description>Task#87</Description>
  <type>T</type>
  <type__id>1</type__id>
  <priority>3</priority>
  <resId>0</resId>
  <serviceTime>80</serviceTime>
  <node>
    <id>87</id>
    <latitude>14.74473227982437</latitude>
    <longitude>43.890612175742376</longitude>
  </node>
  <region>1</region>
  <timeint>
    <startTime>687</startTime>
    <endTime>1101</endTime>
  </timeint>
  <capacity>3.0</capacity>
</objects.Task>
<objects.Task>
  <id>88</id>
  <Description>Task#88</Description>
  <type>T</type>
  <type__id>1</type__id>
  <priority>1</priority>
  <resId>0</resId>
  <serviceTime>78</serviceTime>
  <node>
    <id>88</id>
    <latitude>20.311042856951104</latitude>
    <longitude>41.63766460038186</longitude>
  </node>
  <region>1</region>
  <timeint>
    <startTime>643</startTime>
    <endTime>1002</endTime>
  </timeint>
  <capacity>8.0</capacity>
</objects.Task>
<objects.Task>
  <id>89</id>
  <Description>Task#89</Description>
  <type>T</type>
  <type__id>1</type__id>
  <priority>4</priority>
  <resId>0</resId>
  <serviceTime>37</serviceTime>
  <node>
    <id>89</id>
    <latitude>18.706322066115664</latitude>
    <longitude>40.630012080152994</longitude>
  </node>
  <region>1</region>
  <timeint>
    <startTime>538</startTime>
    <endTime>1046</endTime>
  </timeint>
  <capacity>5.0</capacity>
</objects.Task>
<objects.Task>
  <id>90</id>
  <Description>Task#90</Description>
  <type>T</type>
  <type__id>1</type__id>
  <priority>4</priority>
  <resId>0</resId>
  <serviceTime>70</serviceTime>
  <node>
    <id>90</id>
    <latitude>18.07987687018397</latitude>
    <longitude>42.17494238229201</longitude>
  </node>
  <region>1</region>
  <timeint>
    <startTime>621</startTime>
    <endTime>1074</endTime>
  </timeint>
  <capacity>9.0</capacity>
</objects.Task>
<objects.Task>
  <id>91</id>
  <Description>Task#91</Description>
  <type>T</type>
  <type__id>1</type__id>
  <priority>1</priority>
  <resId>0</resId>
  <serviceTime>32</serviceTime>
  <node>
    <id>91</id>
    <latitude>20.476097529468664</latitude>
    <longitude>40.18441482966567</longitude>
  </node>
  <region>1</region>
  <timeint>
    <startTime>653</startTime>
    <endTime>1222</endTime>
  </timeint>
  <capacity>3.0</capacity>
</objects.Task>
<objects.Task>
  <id>92</id>
  <Description>Task#92</Description>
  <type>T</type>
  <type__id>1</type__id>
  <priority>4</priority>
  <resId>0</resId>
  <serviceTime>71</serviceTime>
  <node>
    <id>92</id>
    <latitude>19.434380786493623</latitude>
    <longitude>36.5083669561018</longitude>
  </node>
  <region>1</region>
  <timeint>
    <startTime>712</startTime>
    <endTime>976</endTime>
  </timeint>
  <capacity>3.0</capacity>
</objects.Task>
<objects.Task>
  <id>93</id>
  <Description>Task#93</Description>
  <type>T</type>
  <type__id>1</type__id>
  <priority>3</priority>
  <resId>0</resId>
  <serviceTime>33</serviceTime>
  <node>
    <id>93</id>
    <latitude>21.400108853005833</latitude>
    <longitude>39.001058879625795</longitude>
  </node>
  <region>1</region>
  <timeint>
    <startTime>554</startTime>
    <endTime>872</endTime>
  </timeint>
  <capacity>8.0</capacity>
</objects.Task>
<objects.Task>
  <id>94</id>
  <Description>Task#94</Description>
  <type>T</type>
  <type__id>1</type__id>
  <priority>2</priority>
  <resId>0</resId>
  <serviceTime>59</serviceTime>
  <node>
    <id>94</id>
    <latitude>21.23178668352686</latitude>
    <longitude>38.08176895885044</longitude>
  </node>
  <region>1</region>
  <timeint>
    <startTime>584</startTime>
    <endTime>1158</endTime>
  </timeint>
  <capacity>0.0</capacity>
</objects.Task>
<objects.Task>
  <id>95</id>
  <Description>Task#95</Description>
  <type>T</type>
  <type__id>1</type__id>
  <priority>3</priority>
  <resId>0</resId>
  <serviceTime>57</serviceTime>
  <node>
    <id>95</id>
    <latitude>19.243895538890143</latitude>
    <longitude>40.83367081245908</longitude>
  </node>
  <region>1</region>
  <timeint>
    <startTime>601</startTime>
    <endTime>1059</endTime>
  </timeint>
  <capacity>8.0</capacity>
</objects.Task>
<objects.Task>
  <id>96</id>
  <Description>Task#96</Description>
  <type>T</type>
  <type__id>1</type__id>
  <priority>4</priority>
  <resId>0</resId>
  <serviceTime>89</serviceTime>
  <node>
    <id>96</id>
    <latitude>23.140033820057138</latitude>
    <longitude>41.89155381990959</longitude>
  </node>
  <region>1</region>
  <timeint>
    <startTime>632</startTime>
    <endTime>1175</endTime>
  </timeint>
  <capacity>7.0</capacity>
</objects.Task>
<objects.Task>
  <id>97</id>
  <Description>Task#97</Description>
  <type>T</type>
  <type__id>1</type__id>
  <priority>3</priority>
  <resId>0</resId>
  <serviceTime>35</serviceTime>
  <node>
    <id>97</id>
    <latitude>21.53628270033479</latitude>
    <longitude>40.02379764520975</longitude>
  </node>
  <region>1</region>
  <timeint>
    <startTime>551</startTime>
    <endTime>1096</endTime>
  </timeint>
  <capacity>1.0</capacity>
</objects.Task>
<objects.Task>
  <id>98</id>
  <Description>Task#98</Description>
  <type>T</type>
  <type__id>1</type__id>
  <priority>4</priority>
  <resId>0</resId>
  <serviceTime>81</serviceTime>
  <node>
    <id>98</id>
    <latitude>20.879799544145854</latitude>
    <longitude>39.66188969182403</longitude>
  </node>
  <region>1</region>
  <timeint>
    <startTime>591</startTime>
    <endTime>866</endTime>
  </timeint>
  <capacity>8.0</capacity>
</objects.Task>
<objects.Task>
  <id>99</id>
  <Description>Task#99</Description>
  <type>T</type>
  <type__id>1</type__id>
  <priority>2</priority>
  <resId>0</resId>
  <serviceTime>78</serviceTime>
  <node>
    <id>99</id>
    <latitude>20.954604158582622</latitude>
    <longitude>41.035110768320045</longitude>
  </node>
  <region>1</region>
  <timeint>
    <startTime>667</startTime>
    <endTime>929</endTime>
  </timeint>
  <capacity>0.0</capacity>
</objects.Task>
<objects.Resource>
  <id>1</id>
  <description>Technician1</description>
  <region>1</region>
  <availability>
    <startTime>495</startTime>
    <endTime>1064</endTime>
  </availability>
  <breakTime>
    <startTime>895</startTime>
    <endTime>1454</endTime>
  </breakTime>
  <origin>
    <id>101</id>
    <latitude>23.503211920876456</latitude>
    <longitude>24.034101463548005</longitude>
  </origin>
  <destination>
    <id>101</id>
    <latitude>23.503211920876456</latitude>
    <longitude>24.034101463548005</longitude>
  </destination>
  <capacity>0.0</capacity>
  <skill>8</skill>
</objects.Resource>
<objects.Resource>
  <id>2</id>
  <description>Technician2</description>
  <region>1</region>
  <availability>
    <startTime>716</startTime>
    <endTime>1237</endTime>
  </availability>
  <breakTime>
    <startTime>1149</startTime>
    <endTime>1689</endTime>
  </breakTime>
  <origin>
    <id>103</id>
    <latitude>23.586765355359255</latitude>
    <longitude>24.124014327784696</longitude>
  </origin>
  <destination>
    <id>103</id>
    <latitude>23.586765355359255</latitude>
    <longitude>24.124014327784696</longitude>
  </destination>
  <capacity>0.0</capacity>
  <skill>7</skill>
</objects.Resource>
<objects.Resource>
  <id>3</id>
  <description>Technician3</description>
  <region>1</region>
  <availability>
    <startTime>483</startTime>
    <endTime>1037</endTime>
  </availability>
  <breakTime>
    <startTime>742</startTime>
    <endTime>974</endTime>
  </breakTime>
  <origin>
    <id>105</id>
    <latitude>23.737995092560567</latitude>
    <longitude>26.82053447245459</longitude>
  </origin>
  <destination>
    <id>105</id>
    <latitude>23.737995092560567</latitude>
    <longitude>26.82053447245459</longitude>
  </destination>
  <capacity>0.0</capacity>
  <skill>7</skill>
</objects.Resource>
<objects.Resource>
  <id>4</id>
  <description>Technician4</description>
  <region>1</region>
  <availability>
    <startTime>530</startTime>
    <endTime>1035</endTime>
  </availability>
  <breakTime>
    <startTime>959</startTime>
    <endTime>1539</endTime>
  </breakTime>
  <origin>
    <id>107</id>
    <latitude>25.01427226182353</latitude>
    <longitude>26.689508743222994</longitude>
  </origin>
  <destination>
    <id>107</id>
    <latitude>25.01427226182353</latitude>
    <longitude>26.689508743222994</longitude>
  </destination>
  <capacity>0.0</capacity>
  <skill>7</skill>
</objects.Resource>
<objects.Resource>
  <id>5</id>
  <description>Technician5</description>
  <region>1</region>
  <availability>
    <startTime>509</startTime>
    <endTime>995</endTime>
  </availability>
  <breakTime>
    <startTime>839</startTime>
    <endTime>1216</endTime>
  </breakTime>
  <origin>
    <id>109</id>
    <latitude>23.537623085017984</latitude>
    <longitude>24.639348960664453</longitude>
  </origin>
  <destination>
    <id>109</id>
    <latitude>23.537623085017984</latitude>
    <longitude>24.639348960664453</longitude>
  </destination>
  <capacity>0.0</capacity>
  <skill>6</skill>
</objects.Resource>
<objects.Resource>
  <id>6</id>
  <description>Technician6</description>
  <region>1</region>
  <availability>
    <startTime>604</startTime>
    <endTime>1118</endTime>
  </availability>
  <breakTime>
    <startTime>880</startTime>
    <endTime>942</endTime>
  </breakTime>
  <origin>
    <id>111</id>
    <latitude>26.960915276596666</latitude>
    <longitude>25.518190469072863</longitude>
  </origin>
  <destination>
    <id>111</id>
    <latitude>26.960915276596666</latitude>
    <longitude>25.518190469072863</longitude>
  </destination>
  <capacity>0.0</capacity>
  <skill>5</skill>
</objects.Resource>
<objects.Resource>
  <id>7</id>
  <description>Technician7</description>
  <region>1</region>
  <availability>
    <startTime>639</startTime>
    <endTime>1125</endTime>
  </availability>
  <breakTime>
    <startTime>1070</startTime>
    <endTime>1338</endTime>
  </breakTime>
  <origin>
    <id>113</id>
    <latitude>24.044320713006613</latitude>
    <longitude>23.973613171552135</longitude>
  </origin>
  <destination>
    <id>113</id>
    <latitude>24.044320713006613</latitude>
    <longitude>23.973613171552135</longitude>
  </destination>
  <capacity>0.0</capacity>
  <skill>6</skill>
</objects.Resource>
<objects.Resource>
  <id>8</id>
  <description>Technician8</description>
  <region>1</region>
  <availability>
    <startTime>583</startTime>
    <endTime>1175</endTime>
  </availability>
  <breakTime>
    <startTime>844</startTime>
    <endTime>1249</endTime>
  </breakTime>
  <origin>
    <id>115</id>
    <latitude>26.334129400530163</latitude>
    <longitude>26.452167519626073</longitude>
  </origin>
  <destination>
    <id>115</id>
    <latitude>26.334129400530163</latitude>
    <longitude>26.452167519626073</longitude>
  </destination>
  <capacity>0.0</capacity>
  <skill>2</skill>
</objects.Resource>
<objects.Resource>
  <id>9</id>
  <description>Technician9</description>
  <region>1</region>
  <availability>
    <startTime>529</startTime>
    <endTime>1048</endTime>
  </availability>
  <breakTime>
    <startTime>804</startTime>
    <endTime>1120</endTime>
  </breakTime>
  <origin>
    <id>117</id>
    <latitude>24.799162254028456</latitude>
    <longitude>24.575829682436506</longitude>
  </origin>
  <destination>
    <id>117</id>
    <latitude>24.799162254028456</latitude>
    <longitude>24.575829682436506</longitude>
  </destination>
  <capacity>0.0</capacity>
  <skill>4</skill>
</objects.Resource>
<objects.Resource>
  <id>10</id>
  <description>Technician10</description>
  <region>1</region>
  <availability>
    <startTime>638</startTime>
    <endTime>1213</endTime>
  </availability>
  <breakTime>
    <startTime>1011</startTime>
    <endTime>1251</endTime>
  </breakTime>
  <origin>
    <id>119</id>
    <latitude>26.356341003601045</latitude>
    <longitude>24.496535813278946</longitude>
  </origin>
  <destination>
    <id>119</id>
    <latitude>26.356341003601045</latitude>
    <longitude>24.496535813278946</longitude>
  </destination>
  <capacity>0.0</capacity>
  <skill>5</skill>
</objects.Resource>
