<objects.SolStats>
  <numResources>10</numResources>
  <numTasks>100</numTasks>
  <dbMaxX>0.0</dbMaxX>
  <dbMaxY>0.0</dbMaxY>
  <dbTasksDensity>0.0</dbTasksDensity>
  <numSolutionsFound>2</numSolutionsFound>
  <dblExecutionTime>6.862</dblExecutionTime>
  <iNumThreads>24</iNumThreads>
  <iTotServiced>91</iTotServiced>
  <iTotUnserviced>9</iTotUnserviced>
  <dbTraveledDistance>201.13045837827588</dbTraveledDistance>
  <dbTotalCosts>382.14787091872415</dbTotalCosts>
  <dbTimeWinViolation>0.0</dbTimeWinViolation>
  <iNumVehiclesUsed>10</iNumVehiclesUsed>
  <dbOperationTime>5287.4557314367885</dbOperationTime>
  <dbTransportTime>201.13045837827565</dbTransportTime>
  <dbServiceTime>5025.0</dbServiceTime>
  <dbWaitingTime>61.325273058512266</dbWaitingTime>
</objects.SolStats>
