<objects.SolStats>
  <numResources>10</numResources>
  <numTasks>100</numTasks>
  <dbMaxX>0.0</dbMaxX>
  <dbMaxY>0.0</dbMaxY>
  <dbTasksDensity>0.0</dbTasksDensity>
  <numSolutionsFound>2</numSolutionsFound>
  <dblExecutionTime>7.369</dblExecutionTime>
  <iNumThreads>24</iNumThreads>
  <iTotServiced>84</iTotServiced>
  <iTotUnserviced>16</iTotUnserviced>
  <dbTraveledDistance>551.5314001556267</dbTraveledDistance>
  <dbTotalCosts>1433.9816404046294</dbTotalCosts>
  <dbTimeWinViolation>0.0</dbTimeWinViolation>
  <iNumVehiclesUsed>10</iNumVehiclesUsed>
  <dbOperationTime>5351.655257747699</dbOperationTime>
  <dbTransportTime>551.5314001556262</dbTransportTime>
  <dbServiceTime>4761.0</dbServiceTime>
  <dbWaitingTime>39.12385759207166</dbWaitingTime>
</objects.SolStats>
