<objects.SolStats>
  <numResources>10</numResources>
  <numTasks>100</numTasks>
  <dbMaxX>0.0</dbMaxX>
  <dbMaxY>0.0</dbMaxY>
  <dbTasksDensity>0.0</dbTasksDensity>
  <numSolutionsFound>2</numSolutionsFound>
  <dblExecutionTime>7.509</dblExecutionTime>
  <iNumThreads>24</iNumThreads>
  <iTotServiced>84</iTotServiced>
  <iTotUnserviced>16</iTotUnserviced>
  <dbTraveledDistance>454.22798843691675</dbTraveledDistance>
  <dbTotalCosts>1180.9927699359837</dbTotalCosts>
  <dbTimeWinViolation>0.0</dbTimeWinViolation>
  <iNumVehiclesUsed>10</iNumVehiclesUsed>
  <dbOperationTime>5255.507518095254</dbOperationTime>
  <dbTransportTime>454.22798843691714</dbTransportTime>
  <dbServiceTime>4791.0</dbServiceTime>
  <dbWaitingTime>10.279529658337765</dbWaitingTime>
</objects.SolStats>
