<objects.SolStats>
  <numResources>10</numResources>
  <numTasks>100</numTasks>
  <dbMaxX>0.0</dbMaxX>
  <dbMaxY>0.0</dbMaxY>
  <dbTasksDensity>0.0</dbTasksDensity>
  <numSolutionsFound>2</numSolutionsFound>
  <dblExecutionTime>6.787</dblExecutionTime>
  <iNumThreads>24</iNumThreads>
  <iTotServiced>89</iTotServiced>
  <iTotUnserviced>11</iTotUnserviced>
  <dbTraveledDistance>355.28783436985134</dbTraveledDistance>
  <dbTotalCosts>746.1044521766878</dbTotalCosts>
  <dbTimeWinViolation>0.0</dbTimeWinViolation>
  <iNumVehiclesUsed>10</iNumVehiclesUsed>
  <dbOperationTime>5501.513597994088</dbOperationTime>
  <dbTransportTime>355.2878343698511</dbTransportTime>
  <dbServiceTime>5139.0</dbServiceTime>
  <dbWaitingTime>7.225763624236492</dbWaitingTime>
</objects.SolStats>
