<objects.SolStats>
  <numResources>10</numResources>
  <numTasks>100</numTasks>
  <dbMaxX>0.0</dbMaxX>
  <dbMaxY>0.0</dbMaxY>
  <dbTasksDensity>0.0</dbTasksDensity>
  <numSolutionsFound>2</numSolutionsFound>
  <dblExecutionTime>8.065</dblExecutionTime>
  <iNumThreads>24</iNumThreads>
  <iTotServiced>88</iTotServiced>
  <iTotUnserviced>12</iTotUnserviced>
  <dbTraveledDistance>343.16634728232054</dbTraveledDistance>
  <dbTotalCosts>754.9659640211052</dbTotalCosts>
  <dbTimeWinViolation>0.0</dbTimeWinViolation>
  <iNumVehiclesUsed>10</iNumVehiclesUsed>
  <dbOperationTime>5230.06365495032</dbOperationTime>
  <dbTransportTime>343.16634728232077</dbTransportTime>
  <dbServiceTime>4878.0</dbServiceTime>
  <dbWaitingTime>8.897307668000508</dbWaitingTime>
</objects.SolStats>
