<objects.Task>
  <id>0</id>
  <Description>Task#0</Description>
  <type>T</type>
  <type__id>1</type__id>
  <priority>3</priority>
  <resId>0</resId>
  <serviceTime>51</serviceTime>
  <node>
    <id>0</id>
    <latitude>9.395550583533776</latitude>
    <longitude>19.673877617086312</longitude>
  </node>
  <region>1</region>
  <timeint>
    <startTime>529</startTime>
    <endTime>979</endTime>
  </timeint>
  <capacity>0.0</capacity>
</objects.Task>
<objects.Task>
  <id>1</id>
  <Description>Task#1</Description>
  <type>T</type>
  <type__id>1</type__id>
  <priority>3</priority>
  <resId>0</resId>
  <serviceTime>84</serviceTime>
  <node>
    <id>1</id>
    <latitude>28.458813614086008</latitude>
    <longitude>25.820878669626193</longitude>
  </node>
  <region>1</region>
  <timeint>
    <startTime>567</startTime>
    <endTime>1119</endTime>
  </timeint>
  <capacity>4.0</capacity>
</objects.Task>
<objects.Task>
  <id>2</id>
  <Description>Task#2</Description>
  <type>T</type>
  <type__id>1</type__id>
  <priority>1</priority>
  <resId>0</resId>
  <serviceTime>85</serviceTime>
  <node>
    <id>2</id>
    <latitude>23.178737288349367</latitude>
    <longitude>31.74572181445904</longitude>
  </node>
  <region>1</region>
  <timeint>
    <startTime>607</startTime>
    <endTime>1144</endTime>
  </timeint>
  <capacity>9.0</capacity>
</objects.Task>
<objects.Task>
  <id>3</id>
  <Description>Task#3</Description>
  <type>T</type>
  <type__id>1</type__id>
  <priority>2</priority>
  <resId>0</resId>
  <serviceTime>83</serviceTime>
  <node>
    <id>3</id>
    <latitude>7.30998286282129</latitude>
    <longitude>5.195966153555037</longitude>
  </node>
  <region>1</region>
  <timeint>
    <startTime>578</startTime>
    <endTime>1043</endTime>
  </timeint>
  <capacity>6.0</capacity>
</objects.Task>
<objects.Task>
  <id>4</id>
  <Description>Task#4</Description>
  <type>T</type>
  <type__id>1</type__id>
  <priority>1</priority>
  <resId>0</resId>
  <serviceTime>72</serviceTime>
  <node>
    <id>4</id>
    <latitude>22.23509674249916</latitude>
    <longitude>20.813069540982866</longitude>
  </node>
  <region>1</region>
  <timeint>
    <startTime>627</startTime>
    <endTime>919</endTime>
  </timeint>
  <capacity>6.0</capacity>
</objects.Task>
<objects.Task>
  <id>5</id>
  <Description>Task#5</Description>
  <type>T</type>
  <type__id>1</type__id>
  <priority>3</priority>
  <resId>0</resId>
  <serviceTime>59</serviceTime>
  <node>
    <id>5</id>
    <latitude>25.634162841696522</latitude>
    <longitude>6.56478997342656</longitude>
  </node>
  <region>1</region>
  <timeint>
    <startTime>488</startTime>
    <endTime>768</endTime>
  </timeint>
  <capacity>4.0</capacity>
</objects.Task>
<objects.Task>
  <id>6</id>
  <Description>Task#6</Description>
  <type>T</type>
  <type__id>1</type__id>
  <priority>2</priority>
  <resId>0</resId>
  <serviceTime>78</serviceTime>
  <node>
    <id>6</id>
    <latitude>21.962391109851186</latitude>
    <longitude>0.8269635709781333</longitude>
  </node>
  <region>1</region>
  <timeint>
    <startTime>506</startTime>
    <endTime>882</endTime>
  </timeint>
  <capacity>2.0</capacity>
</objects.Task>
<objects.Task>
  <id>7</id>
  <Description>Task#7</Description>
  <type>T</type>
  <type__id>1</type__id>
  <priority>2</priority>
  <resId>0</resId>
  <serviceTime>57</serviceTime>
  <node>
    <id>7</id>
    <latitude>27.910335235608617</latitude>
    <longitude>5.722486020564787</longitude>
  </node>
  <region>1</region>
  <timeint>
    <startTime>567</startTime>
    <endTime>1159</endTime>
  </timeint>
  <capacity>5.0</capacity>
</objects.Task>
<objects.Task>
  <id>8</id>
  <Description>Task#8</Description>
  <type>T</type>
  <type__id>1</type__id>
  <priority>3</priority>
  <resId>0</resId>
  <serviceTime>78</serviceTime>
  <node>
    <id>8</id>
    <latitude>20.05932595122914</latitude>
    <longitude>28.732522011112643</longitude>
  </node>
  <region>1</region>
  <timeint>
    <startTime>534</startTime>
    <endTime>889</endTime>
  </timeint>
  <capacity>7.0</capacity>
</objects.Task>
<objects.Task>
  <id>9</id>
  <Description>Task#9</Description>
  <type>T</type>
  <type__id>1</type__id>
  <priority>2</priority>
  <resId>0</resId>
  <serviceTime>56</serviceTime>
  <node>
    <id>9</id>
    <latitude>4.236299913349534</latitude>
    <longitude>14.239402604495503</longitude>
  </node>
  <region>1</region>
  <timeint>
    <startTime>578</startTime>
    <endTime>996</endTime>
  </timeint>
  <capacity>2.0</capacity>
</objects.Task>
<objects.Task>
  <id>10</id>
  <Description>Task#10</Description>
  <type>T</type>
  <type__id>1</type__id>
  <priority>2</priority>
  <resId>0</resId>
  <serviceTime>36</serviceTime>
  <node>
    <id>10</id>
    <latitude>0.031859270984817556</latitude>
    <longitude>30.56603997215935</longitude>
  </node>
  <region>1</region>
  <timeint>
    <startTime>582</startTime>
    <endTime>1167</endTime>
  </timeint>
  <capacity>6.0</capacity>
</objects.Task>
<objects.Task>
  <id>11</id>
  <Description>Task#11</Description>
  <type>T</type>
  <type__id>1</type__id>
  <priority>3</priority>
  <resId>0</resId>
  <serviceTime>79</serviceTime>
  <node>
    <id>11</id>
    <latitude>25.775215105255672</latitude>
    <longitude>13.730739076154482</longitude>
  </node>
  <region>1</region>
  <timeint>
    <startTime>646</startTime>
    <endTime>1032</endTime>
  </timeint>
  <capacity>3.0</capacity>
</objects.Task>
<objects.Task>
  <id>12</id>
  <Description>Task#12</Description>
  <type>T</type>
  <type__id>1</type__id>
  <priority>4</priority>
  <resId>0</resId>
  <serviceTime>76</serviceTime>
  <node>
    <id>12</id>
    <latitude>28.300144644828553</latitude>
    <longitude>28.649409779515796</longitude>
  </node>
  <region>1</region>
  <timeint>
    <startTime>665</startTime>
    <endTime>1049</endTime>
  </timeint>
  <capacity>6.0</capacity>
</objects.Task>
<objects.Task>
  <id>13</id>
  <Description>Task#13</Description>
  <type>T</type>
  <type__id>1</type__id>
  <priority>2</priority>
  <resId>0</resId>
  <serviceTime>60</serviceTime>
  <node>
    <id>13</id>
    <latitude>7.7788607358456865</latitude>
    <longitude>3.214791733997462</longitude>
  </node>
  <region>1</region>
  <timeint>
    <startTime>688</startTime>
    <endTime>1249</endTime>
  </timeint>
  <capacity>8.0</capacity>
</objects.Task>
<objects.Task>
  <id>14</id>
  <Description>Task#14</Description>
  <type>T</type>
  <type__id>1</type__id>
  <priority>3</priority>
  <resId>0</resId>
  <serviceTime>81</serviceTime>
  <node>
    <id>14</id>
    <latitude>26.05413440588485</latitude>
    <longitude>23.66714022786422</longitude>
  </node>
  <region>1</region>
  <timeint>
    <startTime>481</startTime>
    <endTime>987</endTime>
  </timeint>
  <capacity>1.0</capacity>
</objects.Task>
<objects.Task>
  <id>15</id>
  <Description>Task#15</Description>
  <type>T</type>
  <type__id>1</type__id>
  <priority>2</priority>
  <resId>0</resId>
  <serviceTime>47</serviceTime>
  <node>
    <id>15</id>
    <latitude>18.81035709956534</latitude>
    <longitude>21.34673324554476</longitude>
  </node>
  <region>1</region>
  <timeint>
    <startTime>585</startTime>
    <endTime>908</endTime>
  </timeint>
  <capacity>0.0</capacity>
</objects.Task>
<objects.Task>
  <id>16</id>
  <Description>Task#16</Description>
  <type>T</type>
  <type__id>1</type__id>
  <priority>2</priority>
  <resId>0</resId>
  <serviceTime>56</serviceTime>
  <node>
    <id>16</id>
    <latitude>16.951667830640755</latitude>
    <longitude>22.443126209426858</longitude>
  </node>
  <region>1</region>
  <timeint>
    <startTime>617</startTime>
    <endTime>1052</endTime>
  </timeint>
  <capacity>4.0</capacity>
</objects.Task>
<objects.Task>
  <id>17</id>
  <Description>Task#17</Description>
  <type>T</type>
  <type__id>1</type__id>
  <priority>3</priority>
  <resId>0</resId>
  <serviceTime>36</serviceTime>
  <node>
    <id>17</id>
    <latitude>4.575591646182616</latitude>
    <longitude>25.597864689037827</longitude>
  </node>
  <region>1</region>
  <timeint>
    <startTime>619</startTime>
    <endTime>1006</endTime>
  </timeint>
  <capacity>3.0</capacity>
</objects.Task>
<objects.Task>
  <id>18</id>
  <Description>Task#18</Description>
  <type>T</type>
  <type__id>1</type__id>
  <priority>1</priority>
  <resId>0</resId>
  <serviceTime>63</serviceTime>
  <node>
    <id>18</id>
    <latitude>29.15588349372981</latitude>
    <longitude>11.941939102452285</longitude>
  </node>
  <region>1</region>
  <timeint>
    <startTime>644</startTime>
    <endTime>1036</endTime>
  </timeint>
  <capacity>5.0</capacity>
</objects.Task>
<objects.Task>
  <id>19</id>
  <Description>Task#19</Description>
  <type>T</type>
  <type__id>1</type__id>
  <priority>1</priority>
  <resId>0</resId>
  <serviceTime>31</serviceTime>
  <node>
    <id>19</id>
    <latitude>25.026001439453395</latitude>
    <longitude>6.503612686699629</longitude>
  </node>
  <region>1</region>
  <timeint>
    <startTime>508</startTime>
    <endTime>809</endTime>
  </timeint>
  <capacity>2.0</capacity>
</objects.Task>
<objects.Task>
  <id>20</id>
  <Description>Task#20</Description>
  <type>T</type>
  <type__id>1</type__id>
  <priority>2</priority>
  <resId>0</resId>
  <serviceTime>83</serviceTime>
  <node>
    <id>20</id>
    <latitude>6.867417043225519</latitude>
    <longitude>12.305753310314302</longitude>
  </node>
  <region>1</region>
  <timeint>
    <startTime>622</startTime>
    <endTime>930</endTime>
  </timeint>
  <capacity>6.0</capacity>
</objects.Task>
<objects.Task>
  <id>21</id>
  <Description>Task#21</Description>
  <type>T</type>
  <type__id>1</type__id>
  <priority>3</priority>
  <resId>0</resId>
  <serviceTime>77</serviceTime>
  <node>
    <id>21</id>
    <latitude>15.569791535573803</latitude>
    <longitude>9.18744354654072</longitude>
  </node>
  <region>1</region>
  <timeint>
    <startTime>629</startTime>
    <endTime>1020</endTime>
  </timeint>
  <capacity>1.0</capacity>
</objects.Task>
<objects.Task>
  <id>22</id>
  <Description>Task#22</Description>
  <type>T</type>
  <type__id>1</type__id>
  <priority>4</priority>
  <resId>0</resId>
  <serviceTime>36</serviceTime>
  <node>
    <id>22</id>
    <latitude>6.985574115659578</latitude>
    <longitude>21.32359349577292</longitude>
  </node>
  <region>1</region>
  <timeint>
    <startTime>719</startTime>
    <endTime>1192</endTime>
  </timeint>
  <capacity>5.0</capacity>
</objects.Task>
<objects.Task>
  <id>23</id>
  <Description>Task#23</Description>
  <type>T</type>
  <type__id>1</type__id>
  <priority>3</priority>
  <resId>0</resId>
  <serviceTime>70</serviceTime>
  <node>
    <id>23</id>
    <latitude>11.67025045598647</latitude>
    <longitude>9.146603541490109</longitude>
  </node>
  <region>1</region>
  <timeint>
    <startTime>644</startTime>
    <endTime>950</endTime>
  </timeint>
  <capacity>8.0</capacity>
</objects.Task>
<objects.Task>
  <id>24</id>
  <Description>Task#24</Description>
  <type>T</type>
  <type__id>1</type__id>
  <priority>1</priority>
  <resId>0</resId>
  <serviceTime>65</serviceTime>
  <node>
    <id>24</id>
    <latitude>30.196296982348574</latitude>
    <longitude>9.476851804914865</longitude>
  </node>
  <region>1</region>
  <timeint>
    <startTime>689</startTime>
    <endTime>1223</endTime>
  </timeint>
  <capacity>4.0</capacity>
</objects.Task>
<objects.Task>
  <id>25</id>
  <Description>Task#25</Description>
  <type>T</type>
  <type__id>1</type__id>
  <priority>1</priority>
  <resId>0</resId>
  <serviceTime>53</serviceTime>
  <node>
    <id>25</id>
    <latitude>17.090976657842177</latitude>
    <longitude>22.638857946414248</longitude>
  </node>
  <region>1</region>
  <timeint>
    <startTime>579</startTime>
    <endTime>857</endTime>
  </timeint>
  <capacity>6.0</capacity>
</objects.Task>
<objects.Task>
  <id>26</id>
  <Description>Task#26</Description>
  <type>T</type>
  <type__id>1</type__id>
  <priority>4</priority>
  <resId>0</resId>
  <serviceTime>56</serviceTime>
  <node>
    <id>26</id>
    <latitude>19.741436051919955</latitude>
    <longitude>6.3830365943490825</longitude>
  </node>
  <region>1</region>
  <timeint>
    <startTime>714</startTime>
    <endTime>1107</endTime>
  </timeint>
  <capacity>6.0</capacity>
</objects.Task>
<objects.Task>
  <id>27</id>
  <Description>Task#27</Description>
  <type>T</type>
  <type__id>1</type__id>
  <priority>3</priority>
  <resId>0</resId>
  <serviceTime>61</serviceTime>
  <node>
    <id>27</id>
    <latitude>19.43329379506903</latitude>
    <longitude>16.400086984071535</longitude>
  </node>
  <region>1</region>
  <timeint>
    <startTime>563</startTime>
    <endTime>1097</endTime>
  </timeint>
  <capacity>1.0</capacity>
</objects.Task>
<objects.Task>
  <id>28</id>
  <Description>Task#28</Description>
  <type>T</type>
  <type__id>1</type__id>
  <priority>1</priority>
  <resId>0</resId>
  <serviceTime>76</serviceTime>
  <node>
    <id>28</id>
    <latitude>10.972682564272713</latitude>
    <longitude>13.048628590396778</longitude>
  </node>
  <region>1</region>
  <timeint>
    <startTime>541</startTime>
    <endTime>845</endTime>
  </timeint>
  <capacity>3.0</capacity>
</objects.Task>
<objects.Task>
  <id>29</id>
  <Description>Task#29</Description>
  <type>T</type>
  <type__id>1</type__id>
  <priority>4</priority>
  <resId>0</resId>
  <serviceTime>69</serviceTime>
  <node>
    <id>29</id>
    <latitude>14.457499533495177</latitude>
    <longitude>21.650321003060398</longitude>
  </node>
  <region>1</region>
  <timeint>
    <startTime>583</startTime>
    <endTime>1007</endTime>
  </timeint>
  <capacity>0.0</capacity>
</objects.Task>
<objects.Task>
  <id>30</id>
  <Description>Task#30</Description>
  <type>T</type>
  <type__id>1</type__id>
  <priority>1</priority>
  <resId>0</resId>
  <serviceTime>45</serviceTime>
  <node>
    <id>30</id>
    <latitude>19.188944301534075</latitude>
    <longitude>6.450918076418329</longitude>
  </node>
  <region>1</region>
  <timeint>
    <startTime>689</startTime>
    <endTime>1060</endTime>
  </timeint>
  <capacity>6.0</capacity>
</objects.Task>
<objects.Task>
  <id>31</id>
  <Description>Task#31</Description>
  <type>T</type>
  <type__id>1</type__id>
  <priority>1</priority>
  <resId>0</resId>
  <serviceTime>82</serviceTime>
  <node>
    <id>31</id>
    <latitude>12.996251286326423</latitude>
    <longitude>10.20174255961069</longitude>
  </node>
  <region>1</region>
  <timeint>
    <startTime>568</startTime>
    <endTime>966</endTime>
  </timeint>
  <capacity>8.0</capacity>
</objects.Task>
<objects.Task>
  <id>32</id>
  <Description>Task#32</Description>
  <type>T</type>
  <type__id>1</type__id>
  <priority>1</priority>
  <resId>0</resId>
  <serviceTime>76</serviceTime>
  <node>
    <id>32</id>
    <latitude>4.839563125104565</latitude>
    <longitude>14.955777802288896</longitude>
  </node>
  <region>1</region>
  <timeint>
    <startTime>673</startTime>
    <endTime>943</endTime>
  </timeint>
  <capacity>4.0</capacity>
</objects.Task>
<objects.Task>
  <id>33</id>
  <Description>Task#33</Description>
  <type>T</type>
  <type__id>1</type__id>
  <priority>2</priority>
  <resId>0</resId>
  <serviceTime>48</serviceTime>
  <node>
    <id>33</id>
    <latitude>7.323982799916045</latitude>
    <longitude>20.058638342106367</longitude>
  </node>
  <region>1</region>
  <timeint>
    <startTime>660</startTime>
    <endTime>929</endTime>
  </timeint>
  <capacity>4.0</capacity>
</objects.Task>
<objects.Task>
  <id>34</id>
  <Description>Task#34</Description>
  <type>T</type>
  <type__id>1</type__id>
  <priority>2</priority>
  <resId>0</resId>
  <serviceTime>83</serviceTime>
  <node>
    <id>34</id>
    <latitude>23.340115870922006</latitude>
    <longitude>24.20680823001022</longitude>
  </node>
  <region>1</region>
  <timeint>
    <startTime>672</startTime>
    <endTime>1215</endTime>
  </timeint>
  <capacity>5.0</capacity>
</objects.Task>
<objects.Task>
  <id>35</id>
  <Description>Task#35</Description>
  <type>T</type>
  <type__id>1</type__id>
  <priority>1</priority>
  <resId>0</resId>
  <serviceTime>84</serviceTime>
  <node>
    <id>35</id>
    <latitude>24.23316108198147</latitude>
    <longitude>27.552276811565054</longitude>
  </node>
  <region>1</region>
  <timeint>
    <startTime>649</startTime>
    <endTime>1054</endTime>
  </timeint>
  <capacity>1.0</capacity>
</objects.Task>
<objects.Task>
  <id>36</id>
  <Description>Task#36</Description>
  <type>T</type>
  <type__id>1</type__id>
  <priority>2</priority>
  <resId>0</resId>
  <serviceTime>39</serviceTime>
  <node>
    <id>36</id>
    <latitude>9.665669348468153</latitude>
    <longitude>29.919223127591753</longitude>
  </node>
  <region>1</region>
  <timeint>
    <startTime>699</startTime>
    <endTime>1208</endTime>
  </timeint>
  <capacity>1.0</capacity>
</objects.Task>
<objects.Task>
  <id>37</id>
  <Description>Task#37</Description>
  <type>T</type>
  <type__id>1</type__id>
  <priority>3</priority>
  <resId>0</resId>
  <serviceTime>48</serviceTime>
  <node>
    <id>37</id>
    <latitude>0.03840919750055605</latitude>
    <longitude>14.751135266232207</longitude>
  </node>
  <region>1</region>
  <timeint>
    <startTime>628</startTime>
    <endTime>1176</endTime>
  </timeint>
  <capacity>4.0</capacity>
</objects.Task>
<objects.Task>
  <id>38</id>
  <Description>Task#38</Description>
  <type>T</type>
  <type__id>1</type__id>
  <priority>3</priority>
  <resId>0</resId>
  <serviceTime>61</serviceTime>
  <node>
    <id>38</id>
    <latitude>12.867385390809783</latitude>
    <longitude>28.68141612565342</longitude>
  </node>
  <region>1</region>
  <timeint>
    <startTime>523</startTime>
    <endTime>1015</endTime>
  </timeint>
  <capacity>6.0</capacity>
</objects.Task>
<objects.Task>
  <id>39</id>
  <Description>Task#39</Description>
  <type>T</type>
  <type__id>1</type__id>
  <priority>2</priority>
  <resId>0</resId>
  <serviceTime>74</serviceTime>
  <node>
    <id>39</id>
    <latitude>1.7541595684230558</latitude>
    <longitude>9.26864595503831</longitude>
  </node>
  <region>1</region>
  <timeint>
    <startTime>689</startTime>
    <endTime>969</endTime>
  </timeint>
  <capacity>8.0</capacity>
</objects.Task>
<objects.Task>
  <id>40</id>
  <Description>Task#40</Description>
  <type>T</type>
  <type__id>1</type__id>
  <priority>4</priority>
  <resId>0</resId>
  <serviceTime>67</serviceTime>
  <node>
    <id>40</id>
    <latitude>28.047864879479054</latitude>
    <longitude>20.240384357083506</longitude>
  </node>
  <region>1</region>
  <timeint>
    <startTime>503</startTime>
    <endTime>990</endTime>
  </timeint>
  <capacity>3.0</capacity>
</objects.Task>
<objects.Task>
  <id>41</id>
  <Description>Task#41</Description>
  <type>T</type>
  <type__id>1</type__id>
  <priority>2</priority>
  <resId>0</resId>
  <serviceTime>41</serviceTime>
  <node>
    <id>41</id>
    <latitude>8.813933516236983</latitude>
    <longitude>27.8040245722848</longitude>
  </node>
  <region>1</region>
  <timeint>
    <startTime>550</startTime>
    <endTime>928</endTime>
  </timeint>
  <capacity>4.0</capacity>
</objects.Task>
<objects.Task>
  <id>42</id>
  <Description>Task#42</Description>
  <type>T</type>
  <type__id>1</type__id>
  <priority>2</priority>
  <resId>0</resId>
  <serviceTime>54</serviceTime>
  <node>
    <id>42</id>
    <latitude>5.270616998391766</latitude>
    <longitude>0.5954351351805833</longitude>
  </node>
  <region>1</region>
  <timeint>
    <startTime>647</startTime>
    <endTime>998</endTime>
  </timeint>
  <capacity>0.0</capacity>
</objects.Task>
<objects.Task>
  <id>43</id>
  <Description>Task#43</Description>
  <type>T</type>
  <type__id>1</type__id>
  <priority>3</priority>
  <resId>0</resId>
  <serviceTime>37</serviceTime>
  <node>
    <id>43</id>
    <latitude>13.177560102665506</latitude>
    <longitude>12.029882506953903</longitude>
  </node>
  <region>1</region>
  <timeint>
    <startTime>607</startTime>
    <endTime>1153</endTime>
  </timeint>
  <capacity>3.0</capacity>
</objects.Task>
<objects.Task>
  <id>44</id>
  <Description>Task#44</Description>
  <type>T</type>
  <type__id>1</type__id>
  <priority>3</priority>
  <resId>0</resId>
  <serviceTime>51</serviceTime>
  <node>
    <id>44</id>
    <latitude>26.34427705292951</latitude>
    <longitude>13.873586826527003</longitude>
  </node>
  <region>1</region>
  <timeint>
    <startTime>536</startTime>
    <endTime>784</endTime>
  </timeint>
  <capacity>9.0</capacity>
</objects.Task>
<objects.Task>
  <id>45</id>
  <Description>Task#45</Description>
  <type>T</type>
  <type__id>1</type__id>
  <priority>1</priority>
  <resId>0</resId>
  <serviceTime>46</serviceTime>
  <node>
    <id>45</id>
    <latitude>15.166796269520631</latitude>
    <longitude>23.22159497591072</longitude>
  </node>
  <region>1</region>
  <timeint>
    <startTime>506</startTime>
    <endTime>958</endTime>
  </timeint>
  <capacity>7.0</capacity>
</objects.Task>
<objects.Task>
  <id>46</id>
  <Description>Task#46</Description>
  <type>T</type>
  <type__id>1</type__id>
  <priority>2</priority>
  <resId>0</resId>
  <serviceTime>45</serviceTime>
  <node>
    <id>46</id>
    <latitude>23.512249757396148</latitude>
    <longitude>19.46744801395915</longitude>
  </node>
  <region>1</region>
  <timeint>
    <startTime>645</startTime>
    <endTime>1112</endTime>
  </timeint>
  <capacity>8.0</capacity>
</objects.Task>
<objects.Task>
  <id>47</id>
  <Description>Task#47</Description>
  <type>T</type>
  <type__id>1</type__id>
  <priority>1</priority>
  <resId>0</resId>
  <serviceTime>31</serviceTime>
  <node>
    <id>47</id>
    <latitude>9.872276037468481</latitude>
    <longitude>20.268469273857384</longitude>
  </node>
  <region>1</region>
  <timeint>
    <startTime>647</startTime>
    <endTime>980</endTime>
  </timeint>
  <capacity>1.0</capacity>
</objects.Task>
<objects.Task>
  <id>48</id>
  <Description>Task#48</Description>
  <type>T</type>
  <type__id>1</type__id>
  <priority>4</priority>
  <resId>0</resId>
  <serviceTime>80</serviceTime>
  <node>
    <id>48</id>
    <latitude>19.63702766261701</latitude>
    <longitude>19.336079902020426</longitude>
  </node>
  <region>1</region>
  <timeint>
    <startTime>528</startTime>
    <endTime>770</endTime>
  </timeint>
  <capacity>3.0</capacity>
</objects.Task>
<objects.Task>
  <id>49</id>
  <Description>Task#49</Description>
  <type>T</type>
  <type__id>1</type__id>
  <priority>2</priority>
  <resId>0</resId>
  <serviceTime>82</serviceTime>
  <node>
    <id>49</id>
    <latitude>4.12042259703842</latitude>
    <longitude>25.86957026067307</longitude>
  </node>
  <region>1</region>
  <timeint>
    <startTime>698</startTime>
    <endTime>1186</endTime>
  </timeint>
  <capacity>3.0</capacity>
</objects.Task>
<objects.Task>
  <id>50</id>
  <Description>Task#50</Description>
  <type>T</type>
  <type__id>1</type__id>
  <priority>3</priority>
  <resId>0</resId>
  <serviceTime>74</serviceTime>
  <node>
    <id>50</id>
    <latitude>21.02998761864086</latitude>
    <longitude>11.987202180213252</longitude>
  </node>
  <region>1</region>
  <timeint>
    <startTime>531</startTime>
    <endTime>805</endTime>
  </timeint>
  <capacity>5.0</capacity>
</objects.Task>
<objects.Task>
  <id>51</id>
  <Description>Task#51</Description>
  <type>T</type>
  <type__id>1</type__id>
  <priority>3</priority>
  <resId>0</resId>
  <serviceTime>70</serviceTime>
  <node>
    <id>51</id>
    <latitude>18.913321399535636</latitude>
    <longitude>24.58895919537534</longitude>
  </node>
  <region>1</region>
  <timeint>
    <startTime>622</startTime>
    <endTime>1114</endTime>
  </timeint>
  <capacity>9.0</capacity>
</objects.Task>
<objects.Task>
  <id>52</id>
  <Description>Task#52</Description>
  <type>T</type>
  <type__id>1</type__id>
  <priority>4</priority>
  <resId>0</resId>
  <serviceTime>43</serviceTime>
  <node>
    <id>52</id>
    <latitude>18.62840970754701</latitude>
    <longitude>4.195895144656841</longitude>
  </node>
  <region>1</region>
  <timeint>
    <startTime>674</startTime>
    <endTime>1017</endTime>
  </timeint>
  <capacity>1.0</capacity>
</objects.Task>
<objects.Task>
  <id>53</id>
  <Description>Task#53</Description>
  <type>T</type>
  <type__id>1</type__id>
  <priority>2</priority>
  <resId>0</resId>
  <serviceTime>85</serviceTime>
  <node>
    <id>53</id>
    <latitude>27.011547766841986</latitude>
    <longitude>4.752739844572478</longitude>
  </node>
  <region>1</region>
  <timeint>
    <startTime>635</startTime>
    <endTime>1115</endTime>
  </timeint>
  <capacity>9.0</capacity>
</objects.Task>
<objects.Task>
  <id>54</id>
  <Description>Task#54</Description>
  <type>T</type>
  <type__id>1</type__id>
  <priority>2</priority>
  <resId>0</resId>
  <serviceTime>35</serviceTime>
  <node>
    <id>54</id>
    <latitude>7.813876210388262</latitude>
    <longitude>8.536600262589129</longitude>
  </node>
  <region>1</region>
  <timeint>
    <startTime>697</startTime>
    <endTime>1104</endTime>
  </timeint>
  <capacity>5.0</capacity>
</objects.Task>
<objects.Task>
  <id>55</id>
  <Description>Task#55</Description>
  <type>T</type>
  <type__id>1</type__id>
  <priority>3</priority>
  <resId>0</resId>
  <serviceTime>45</serviceTime>
  <node>
    <id>55</id>
    <latitude>5.89846738293069</latitude>
    <longitude>31.54263362562882</longitude>
  </node>
  <region>1</region>
  <timeint>
    <startTime>636</startTime>
    <endTime>1213</endTime>
  </timeint>
  <capacity>7.0</capacity>
</objects.Task>
<objects.Task>
  <id>56</id>
  <Description>Task#56</Description>
  <type>T</type>
  <type__id>1</type__id>
  <priority>1</priority>
  <resId>0</resId>
  <serviceTime>62</serviceTime>
  <node>
    <id>56</id>
    <latitude>11.16639179358772</latitude>
    <longitude>15.56322353004856</longitude>
  </node>
  <region>1</region>
  <timeint>
    <startTime>509</startTime>
    <endTime>975</endTime>
  </timeint>
  <capacity>5.0</capacity>
</objects.Task>
<objects.Task>
  <id>57</id>
  <Description>Task#57</Description>
  <type>T</type>
  <type__id>1</type__id>
  <priority>3</priority>
  <resId>0</resId>
  <serviceTime>86</serviceTime>
  <node>
    <id>57</id>
    <latitude>14.443856159115306</latitude>
    <longitude>24.61443891132513</longitude>
  </node>
  <region>1</region>
  <timeint>
    <startTime>662</startTime>
    <endTime>1253</endTime>
  </timeint>
  <capacity>9.0</capacity>
</objects.Task>
<objects.Task>
  <id>58</id>
  <Description>Task#58</Description>
  <type>T</type>
  <type__id>1</type__id>
  <priority>2</priority>
  <resId>0</resId>
  <serviceTime>86</serviceTime>
  <node>
    <id>58</id>
    <latitude>1.2389905193611206</latitude>
    <longitude>10.773923635549053</longitude>
  </node>
  <region>1</region>
  <timeint>
    <startTime>526</startTime>
    <endTime>1040</endTime>
  </timeint>
  <capacity>6.0</capacity>
</objects.Task>
<objects.Task>
  <id>59</id>
  <Description>Task#59</Description>
  <type>T</type>
  <type__id>1</type__id>
  <priority>1</priority>
  <resId>0</resId>
  <serviceTime>74</serviceTime>
  <node>
    <id>59</id>
    <latitude>9.709866227403982</latitude>
    <longitude>27.933831958479622</longitude>
  </node>
  <region>1</region>
  <timeint>
    <startTime>481</startTime>
    <endTime>1043</endTime>
  </timeint>
  <capacity>1.0</capacity>
</objects.Task>
<objects.Task>
  <id>60</id>
  <Description>Task#60</Description>
  <type>T</type>
  <type__id>1</type__id>
  <priority>1</priority>
  <resId>0</resId>
  <serviceTime>43</serviceTime>
  <node>
    <id>60</id>
    <latitude>15.608755475035355</latitude>
    <longitude>31.580229036152033</longitude>
  </node>
  <region>1</region>
  <timeint>
    <startTime>537</startTime>
    <endTime>815</endTime>
  </timeint>
  <capacity>2.0</capacity>
</objects.Task>
<objects.Task>
  <id>61</id>
  <Description>Task#61</Description>
  <type>T</type>
  <type__id>1</type__id>
  <priority>4</priority>
  <resId>0</resId>
  <serviceTime>53</serviceTime>
  <node>
    <id>61</id>
    <latitude>19.52660457189087</latitude>
    <longitude>0.48291535860417767</longitude>
  </node>
  <region>1</region>
  <timeint>
    <startTime>642</startTime>
    <endTime>1185</endTime>
  </timeint>
  <capacity>8.0</capacity>
</objects.Task>
<objects.Task>
  <id>62</id>
  <Description>Task#62</Description>
  <type>T</type>
  <type__id>1</type__id>
  <priority>2</priority>
  <resId>0</resId>
  <serviceTime>45</serviceTime>
  <node>
    <id>62</id>
    <latitude>13.266001060684065</latitude>
    <longitude>24.66290408418443</longitude>
  </node>
  <region>1</region>
  <timeint>
    <startTime>703</startTime>
    <endTime>1079</endTime>
  </timeint>
  <capacity>7.0</capacity>
</objects.Task>
<objects.Task>
  <id>63</id>
  <Description>Task#63</Description>
  <type>T</type>
  <type__id>1</type__id>
  <priority>3</priority>
  <resId>0</resId>
  <serviceTime>52</serviceTime>
  <node>
    <id>63</id>
    <latitude>7.113123362668414</latitude>
    <longitude>15.988716791091946</longitude>
  </node>
  <region>1</region>
  <timeint>
    <startTime>628</startTime>
    <endTime>1064</endTime>
  </timeint>
  <capacity>1.0</capacity>
</objects.Task>
<objects.Task>
  <id>64</id>
  <Description>Task#64</Description>
  <type>T</type>
  <type__id>1</type__id>
  <priority>3</priority>
  <resId>0</resId>
  <serviceTime>57</serviceTime>
  <node>
    <id>64</id>
    <latitude>15.434298752332467</latitude>
    <longitude>11.360518809483988</longitude>
  </node>
  <region>1</region>
  <timeint>
    <startTime>700</startTime>
    <endTime>952</endTime>
  </timeint>
  <capacity>2.0</capacity>
</objects.Task>
<objects.Task>
  <id>65</id>
  <Description>Task#65</Description>
  <type>T</type>
  <type__id>1</type__id>
  <priority>1</priority>
  <resId>0</resId>
  <serviceTime>53</serviceTime>
  <node>
    <id>65</id>
    <latitude>9.534749837674763</latitude>
    <longitude>15.072434214677692</longitude>
  </node>
  <region>1</region>
  <timeint>
    <startTime>642</startTime>
    <endTime>1073</endTime>
  </timeint>
  <capacity>8.0</capacity>
</objects.Task>
<objects.Task>
  <id>66</id>
  <Description>Task#66</Description>
  <type>T</type>
  <type__id>1</type__id>
  <priority>3</priority>
  <resId>0</resId>
  <serviceTime>65</serviceTime>
  <node>
    <id>66</id>
    <latitude>15.458642657323445</latitude>
    <longitude>25.79446675584838</longitude>
  </node>
  <region>1</region>
  <timeint>
    <startTime>563</startTime>
    <endTime>829</endTime>
  </timeint>
  <capacity>1.0</capacity>
</objects.Task>
<objects.Task>
  <id>67</id>
  <Description>Task#67</Description>
  <type>T</type>
  <type__id>1</type__id>
  <priority>3</priority>
  <resId>0</resId>
  <serviceTime>44</serviceTime>
  <node>
    <id>67</id>
    <latitude>18.970381234885593</latitude>
    <longitude>26.121996108572084</longitude>
  </node>
  <region>1</region>
  <timeint>
    <startTime>549</startTime>
    <endTime>871</endTime>
  </timeint>
  <capacity>1.0</capacity>
</objects.Task>
<objects.Task>
  <id>68</id>
  <Description>Task#68</Description>
  <type>T</type>
  <type__id>1</type__id>
  <priority>1</priority>
  <resId>0</resId>
  <serviceTime>45</serviceTime>
  <node>
    <id>68</id>
    <latitude>11.711351592455824</latitude>
    <longitude>0.38170066742014797</longitude>
  </node>
  <region>1</region>
  <timeint>
    <startTime>718</startTime>
    <endTime>1148</endTime>
  </timeint>
  <capacity>8.0</capacity>
</objects.Task>
<objects.Task>
  <id>69</id>
  <Description>Task#69</Description>
  <type>T</type>
  <type__id>1</type__id>
  <priority>4</priority>
  <resId>0</resId>
  <serviceTime>63</serviceTime>
  <node>
    <id>69</id>
    <latitude>4.540806725836735</latitude>
    <longitude>30.840642122601484</longitude>
  </node>
  <region>1</region>
  <timeint>
    <startTime>504</startTime>
    <endTime>922</endTime>
  </timeint>
  <capacity>3.0</capacity>
</objects.Task>
<objects.Task>
  <id>70</id>
  <Description>Task#70</Description>
  <type>T</type>
  <type__id>1</type__id>
  <priority>2</priority>
  <resId>0</resId>
  <serviceTime>82</serviceTime>
  <node>
    <id>70</id>
    <latitude>16.381061810557753</latitude>
    <longitude>19.818204606881185</longitude>
  </node>
  <region>1</region>
  <timeint>
    <startTime>661</startTime>
    <endTime>969</endTime>
  </timeint>
  <capacity>9.0</capacity>
</objects.Task>
<objects.Task>
  <id>71</id>
  <Description>Task#71</Description>
  <type>T</type>
  <type__id>1</type__id>
  <priority>4</priority>
  <resId>0</resId>
  <serviceTime>50</serviceTime>
  <node>
    <id>71</id>
    <latitude>27.572082680284044</latitude>
    <longitude>28.531699887921416</longitude>
  </node>
  <region>1</region>
  <timeint>
    <startTime>539</startTime>
    <endTime>1048</endTime>
  </timeint>
  <capacity>4.0</capacity>
</objects.Task>
<objects.Task>
  <id>72</id>
  <Description>Task#72</Description>
  <type>T</type>
  <type__id>1</type__id>
  <priority>4</priority>
  <resId>0</resId>
  <serviceTime>86</serviceTime>
  <node>
    <id>72</id>
    <latitude>26.618188773152983</latitude>
    <longitude>29.63604780842671</longitude>
  </node>
  <region>1</region>
  <timeint>
    <startTime>637</startTime>
    <endTime>942</endTime>
  </timeint>
  <capacity>7.0</capacity>
</objects.Task>
<objects.Task>
  <id>73</id>
  <Description>Task#73</Description>
  <type>T</type>
  <type__id>1</type__id>
  <priority>4</priority>
  <resId>0</resId>
  <serviceTime>71</serviceTime>
  <node>
    <id>73</id>
    <latitude>28.48600133622463</latitude>
    <longitude>15.24015496026227</longitude>
  </node>
  <region>1</region>
  <timeint>
    <startTime>697</startTime>
    <endTime>1267</endTime>
  </timeint>
  <capacity>5.0</capacity>
</objects.Task>
<objects.Task>
  <id>74</id>
  <Description>Task#74</Description>
  <type>T</type>
  <type__id>1</type__id>
  <priority>2</priority>
  <resId>0</resId>
  <serviceTime>62</serviceTime>
  <node>
    <id>74</id>
    <latitude>9.352094399022697</latitude>
    <longitude>9.031366723643362</longitude>
  </node>
  <region>1</region>
  <timeint>
    <startTime>482</startTime>
    <endTime>1058</endTime>
  </timeint>
  <capacity>4.0</capacity>
</objects.Task>
<objects.Task>
  <id>75</id>
  <Description>Task#75</Description>
  <type>T</type>
  <type__id>1</type__id>
  <priority>3</priority>
  <resId>0</resId>
  <serviceTime>44</serviceTime>
  <node>
    <id>75</id>
    <latitude>0.7887351156891818</latitude>
    <longitude>12.611493074194492</longitude>
  </node>
  <region>1</region>
  <timeint>
    <startTime>577</startTime>
    <endTime>1143</endTime>
  </timeint>
  <capacity>8.0</capacity>
</objects.Task>
<objects.Task>
  <id>76</id>
  <Description>Task#76</Description>
  <type>T</type>
  <type__id>1</type__id>
  <priority>2</priority>
  <resId>0</resId>
  <serviceTime>66</serviceTime>
  <node>
    <id>76</id>
    <latitude>17.665646656430038</latitude>
    <longitude>6.048479521959532</longitude>
  </node>
  <region>1</region>
  <timeint>
    <startTime>501</startTime>
    <endTime>1062</endTime>
  </timeint>
  <capacity>9.0</capacity>
</objects.Task>
<objects.Task>
  <id>77</id>
  <Description>Task#77</Description>
  <type>T</type>
  <type__id>1</type__id>
  <priority>1</priority>
  <resId>0</resId>
  <serviceTime>57</serviceTime>
  <node>
    <id>77</id>
    <latitude>24.07794886082407</latitude>
    <longitude>17.929123894195854</longitude>
  </node>
  <region>1</region>
  <timeint>
    <startTime>493</startTime>
    <endTime>780</endTime>
  </timeint>
  <capacity>1.0</capacity>
</objects.Task>
<objects.Task>
  <id>78</id>
  <Description>Task#78</Description>
  <type>T</type>
  <type__id>1</type__id>
  <priority>1</priority>
  <resId>0</resId>
  <serviceTime>56</serviceTime>
  <node>
    <id>78</id>
    <latitude>20.382140543384438</latitude>
    <longitude>23.840653067735634</longitude>
  </node>
  <region>1</region>
  <timeint>
    <startTime>678</startTime>
    <endTime>1006</endTime>
  </timeint>
  <capacity>7.0</capacity>
</objects.Task>
<objects.Task>
  <id>79</id>
  <Description>Task#79</Description>
  <type>T</type>
  <type__id>1</type__id>
  <priority>2</priority>
  <resId>0</resId>
  <serviceTime>44</serviceTime>
  <node>
    <id>79</id>
    <latitude>25.930025335319606</latitude>
    <longitude>26.163897050947465</longitude>
  </node>
  <region>1</region>
  <timeint>
    <startTime>697</startTime>
    <endTime>1103</endTime>
  </timeint>
  <capacity>8.0</capacity>
</objects.Task>
<objects.Task>
  <id>80</id>
  <Description>Task#80</Description>
  <type>T</type>
  <type__id>1</type__id>
  <priority>4</priority>
  <resId>0</resId>
  <serviceTime>47</serviceTime>
  <node>
    <id>80</id>
    <latitude>18.035461148093095</latitude>
    <longitude>20.847840785441175</longitude>
  </node>
  <region>1</region>
  <timeint>
    <startTime>486</startTime>
    <endTime>892</endTime>
  </timeint>
  <capacity>3.0</capacity>
</objects.Task>
<objects.Task>
  <id>81</id>
  <Description>Task#81</Description>
  <type>T</type>
  <type__id>1</type__id>
  <priority>2</priority>
  <resId>0</resId>
  <serviceTime>63</serviceTime>
  <node>
    <id>81</id>
    <latitude>20.204668856789024</latitude>
    <longitude>3.1886458069912926</longitude>
  </node>
  <region>1</region>
  <timeint>
    <startTime>712</startTime>
    <endTime>1243</endTime>
  </timeint>
  <capacity>2.0</capacity>
</objects.Task>
<objects.Task>
  <id>82</id>
  <Description>Task#82</Description>
  <type>T</type>
  <type__id>1</type__id>
  <priority>2</priority>
  <resId>0</resId>
  <serviceTime>75</serviceTime>
  <node>
    <id>82</id>
    <latitude>7.771964077865018</latitude>
    <longitude>24.34304832172913</longitude>
  </node>
  <region>1</region>
  <timeint>
    <startTime>657</startTime>
    <endTime>1076</endTime>
  </timeint>
  <capacity>6.0</capacity>
</objects.Task>
<objects.Task>
  <id>83</id>
  <Description>Task#83</Description>
  <type>T</type>
  <type__id>1</type__id>
  <priority>2</priority>
  <resId>0</resId>
  <serviceTime>33</serviceTime>
  <node>
    <id>83</id>
    <latitude>18.851005563868338</latitude>
    <longitude>21.369482973937473</longitude>
  </node>
  <region>1</region>
  <timeint>
    <startTime>545</startTime>
    <endTime>1130</endTime>
  </timeint>
  <capacity>6.0</capacity>
</objects.Task>
<objects.Task>
  <id>84</id>
  <Description>Task#84</Description>
  <type>T</type>
  <type__id>1</type__id>
  <priority>1</priority>
  <resId>0</resId>
  <serviceTime>35</serviceTime>
  <node>
    <id>84</id>
    <latitude>23.93189191362802</latitude>
    <longitude>1.3806882794698083</longitude>
  </node>
  <region>1</region>
  <timeint>
    <startTime>636</startTime>
    <endTime>961</endTime>
  </timeint>
  <capacity>7.0</capacity>
</objects.Task>
<objects.Task>
  <id>85</id>
  <Description>Task#85</Description>
  <type>T</type>
  <type__id>1</type__id>
  <priority>1</priority>
  <resId>0</resId>
  <serviceTime>43</serviceTime>
  <node>
    <id>85</id>
    <latitude>8.445255402605039</latitude>
    <longitude>8.461270796491316</longitude>
  </node>
  <region>1</region>
  <timeint>
    <startTime>658</startTime>
    <endTime>1128</endTime>
  </timeint>
  <capacity>7.0</capacity>
</objects.Task>
<objects.Task>
  <id>86</id>
  <Description>Task#86</Description>
  <type>T</type>
  <type__id>1</type__id>
  <priority>4</priority>
  <resId>0</resId>
  <serviceTime>55</serviceTime>
  <node>
    <id>86</id>
    <latitude>18.698897758671478</latitude>
    <longitude>18.26525702197445</longitude>
  </node>
  <region>1</region>
  <timeint>
    <startTime>506</startTime>
    <endTime>939</endTime>
  </timeint>
  <capacity>9.0</capacity>
</objects.Task>
<objects.Task>
  <id>87</id>
  <Description>Task#87</Description>
  <type>T</type>
  <type__id>1</type__id>
  <priority>3</priority>
  <resId>0</resId>
  <serviceTime>42</serviceTime>
  <node>
    <id>87</id>
    <latitude>29.33120804640393</latitude>
    <longitude>4.792382756054884</longitude>
  </node>
  <region>1</region>
  <timeint>
    <startTime>709</startTime>
    <endTime>1068</endTime>
  </timeint>
  <capacity>2.0</capacity>
</objects.Task>
<objects.Task>
  <id>88</id>
  <Description>Task#88</Description>
  <type>T</type>
  <type__id>1</type__id>
  <priority>3</priority>
  <resId>0</resId>
  <serviceTime>37</serviceTime>
  <node>
    <id>88</id>
    <latitude>21.897868786143448</latitude>
    <longitude>23.31528401069439</longitude>
  </node>
  <region>1</region>
  <timeint>
    <startTime>665</startTime>
    <endTime>1066</endTime>
  </timeint>
  <capacity>2.0</capacity>
</objects.Task>
<objects.Task>
  <id>89</id>
  <Description>Task#89</Description>
  <type>T</type>
  <type__id>1</type__id>
  <priority>4</priority>
  <resId>0</resId>
  <serviceTime>58</serviceTime>
  <node>
    <id>89</id>
    <latitude>9.831610588023086</latitude>
    <longitude>19.976890732244318</longitude>
  </node>
  <region>1</region>
  <timeint>
    <startTime>680</startTime>
    <endTime>1032</endTime>
  </timeint>
  <capacity>2.0</capacity>
</objects.Task>
<objects.Task>
  <id>90</id>
  <Description>Task#90</Description>
  <type>T</type>
  <type__id>1</type__id>
  <priority>1</priority>
  <resId>0</resId>
  <serviceTime>32</serviceTime>
  <node>
    <id>90</id>
    <latitude>6.03671982659889</latitude>
    <longitude>3.0331068225203843</longitude>
  </node>
  <region>1</region>
  <timeint>
    <startTime>557</startTime>
    <endTime>893</endTime>
  </timeint>
  <capacity>6.0</capacity>
</objects.Task>
<objects.Task>
  <id>91</id>
  <Description>Task#91</Description>
  <type>T</type>
  <type__id>1</type__id>
  <priority>1</priority>
  <resId>0</resId>
  <serviceTime>65</serviceTime>
  <node>
    <id>91</id>
    <latitude>3.5388800657770076</latitude>
    <longitude>26.875823774295487</longitude>
  </node>
  <region>1</region>
  <timeint>
    <startTime>546</startTime>
    <endTime>907</endTime>
  </timeint>
  <capacity>8.0</capacity>
</objects.Task>
<objects.Task>
  <id>92</id>
  <Description>Task#92</Description>
  <type>T</type>
  <type__id>1</type__id>
  <priority>2</priority>
  <resId>0</resId>
  <serviceTime>70</serviceTime>
  <node>
    <id>92</id>
    <latitude>23.515838624862813</latitude>
    <longitude>26.64243645936768</longitude>
  </node>
  <region>1</region>
  <timeint>
    <startTime>535</startTime>
    <endTime>817</endTime>
  </timeint>
  <capacity>0.0</capacity>
</objects.Task>
<objects.Task>
  <id>93</id>
  <Description>Task#93</Description>
  <type>T</type>
  <type__id>1</type__id>
  <priority>1</priority>
  <resId>0</resId>
  <serviceTime>59</serviceTime>
  <node>
    <id>93</id>
    <latitude>6.060307854550484</latitude>
    <longitude>2.0910300895486778</longitude>
  </node>
  <region>1</region>
  <timeint>
    <startTime>689</startTime>
    <endTime>1034</endTime>
  </timeint>
  <capacity>4.0</capacity>
</objects.Task>
<objects.Task>
  <id>94</id>
  <Description>Task#94</Description>
  <type>T</type>
  <type__id>1</type__id>
  <priority>1</priority>
  <resId>0</resId>
  <serviceTime>44</serviceTime>
  <node>
    <id>94</id>
    <latitude>22.16924594724796</latitude>
    <longitude>24.834025676173642</longitude>
  </node>
  <region>1</region>
  <timeint>
    <startTime>709</startTime>
    <endTime>1013</endTime>
  </timeint>
  <capacity>2.0</capacity>
</objects.Task>
<objects.Task>
  <id>95</id>
  <Description>Task#95</Description>
  <type>T</type>
  <type__id>1</type__id>
  <priority>2</priority>
  <resId>0</resId>
  <serviceTime>69</serviceTime>
  <node>
    <id>95</id>
    <latitude>7.85158892836774</latitude>
    <longitude>7.595360292103219</longitude>
  </node>
  <region>1</region>
  <timeint>
    <startTime>590</startTime>
    <endTime>979</endTime>
  </timeint>
  <capacity>6.0</capacity>
</objects.Task>
<objects.Task>
  <id>96</id>
  <Description>Task#96</Description>
  <type>T</type>
  <type__id>1</type__id>
  <priority>3</priority>
  <resId>0</resId>
  <serviceTime>45</serviceTime>
  <node>
    <id>96</id>
    <latitude>9.951983539015306</latitude>
    <longitude>19.537065834418144</longitude>
  </node>
  <region>1</region>
  <timeint>
    <startTime>680</startTime>
    <endTime>1140</endTime>
  </timeint>
  <capacity>4.0</capacity>
</objects.Task>
<objects.Task>
  <id>97</id>
  <Description>Task#97</Description>
  <type>T</type>
  <type__id>1</type__id>
  <priority>3</priority>
  <resId>0</resId>
  <serviceTime>56</serviceTime>
  <node>
    <id>97</id>
    <latitude>29.241535505322553</latitude>
    <longitude>26.5107805090346</longitude>
  </node>
  <region>1</region>
  <timeint>
    <startTime>633</startTime>
    <endTime>1194</endTime>
  </timeint>
  <capacity>4.0</capacity>
</objects.Task>
<objects.Task>
  <id>98</id>
  <Description>Task#98</Description>
  <type>T</type>
  <type__id>1</type__id>
  <priority>1</priority>
  <resId>0</resId>
  <serviceTime>66</serviceTime>
  <node>
    <id>98</id>
    <latitude>26.871952335519595</latitude>
    <longitude>28.319575802659013</longitude>
  </node>
  <region>1</region>
  <timeint>
    <startTime>600</startTime>
    <endTime>1037</endTime>
  </timeint>
  <capacity>1.0</capacity>
</objects.Task>
<objects.Task>
  <id>99</id>
  <Description>Task#99</Description>
  <type>T</type>
  <type__id>1</type__id>
  <priority>3</priority>
  <resId>0</resId>
  <serviceTime>44</serviceTime>
  <node>
    <id>99</id>
    <latitude>29.072563509906225</latitude>
    <longitude>2.4251379159016757</longitude>
  </node>
  <region>1</region>
  <timeint>
    <startTime>699</startTime>
    <endTime>1024</endTime>
  </timeint>
  <capacity>8.0</capacity>
</objects.Task>
<objects.Resource>
  <id>1</id>
  <description>Technician1</description>
  <region>1</region>
  <availability>
    <startTime>533</startTime>
    <endTime>1107</endTime>
  </availability>
  <breakTime>
    <startTime>919</startTime>
    <endTime>1237</endTime>
  </breakTime>
  <origin>
    <id>101</id>
    <latitude>17.930497449242736</latitude>
    <longitude>16.04997387732723</longitude>
  </origin>
  <destination>
    <id>101</id>
    <latitude>17.930497449242736</latitude>
    <longitude>16.04997387732723</longitude>
  </destination>
  <capacity>0.0</capacity>
  <skill>4</skill>
</objects.Resource>
<objects.Resource>
  <id>2</id>
  <description>Technician2</description>
  <region>1</region>
  <availability>
    <startTime>557</startTime>
    <endTime>1084</endTime>
  </availability>
  <breakTime>
    <startTime>973</startTime>
    <endTime>1382</endTime>
  </breakTime>
  <origin>
    <id>103</id>
    <latitude>14.177118360187718</latitude>
    <longitude>14.477657241486494</longitude>
  </origin>
  <destination>
    <id>103</id>
    <latitude>14.177118360187718</latitude>
    <longitude>14.477657241486494</longitude>
  </destination>
  <capacity>0.0</capacity>
  <skill>5</skill>
</objects.Resource>
<objects.Resource>
  <id>3</id>
  <description>Technician3</description>
  <region>1</region>
  <availability>
    <startTime>496</startTime>
    <endTime>1090</endTime>
  </availability>
  <breakTime>
    <startTime>754</startTime>
    <endTime>1065</endTime>
  </breakTime>
  <origin>
    <id>105</id>
    <latitude>15.752011930533282</latitude>
    <longitude>16.560873718548756</longitude>
  </origin>
  <destination>
    <id>105</id>
    <latitude>15.752011930533282</latitude>
    <longitude>16.560873718548756</longitude>
  </destination>
  <capacity>0.0</capacity>
  <skill>7</skill>
</objects.Resource>
<objects.Resource>
  <id>4</id>
  <description>Technician4</description>
  <region>1</region>
  <availability>
    <startTime>513</startTime>
    <endTime>1079</endTime>
  </availability>
  <breakTime>
    <startTime>937</startTime>
    <endTime>1179</endTime>
  </breakTime>
  <origin>
    <id>107</id>
    <latitude>14.277347684819683</latitude>
    <longitude>17.42761726772383</longitude>
  </origin>
  <destination>
    <id>107</id>
    <latitude>14.277347684819683</latitude>
    <longitude>17.42761726772383</longitude>
  </destination>
  <capacity>0.0</capacity>
  <skill>9</skill>
</objects.Resource>
<objects.Resource>
  <id>5</id>
  <description>Technician5</description>
  <region>1</region>
  <availability>
    <startTime>534</startTime>
    <endTime>1108</endTime>
  </availability>
  <breakTime>
    <startTime>997</startTime>
    <endTime>1176</endTime>
  </breakTime>
  <origin>
    <id>109</id>
    <latitude>14.09475878779164</latitude>
    <longitude>17.817288344783822</longitude>
  </origin>
  <destination>
    <id>109</id>
    <latitude>14.09475878779164</latitude>
    <longitude>17.817288344783822</longitude>
  </destination>
  <capacity>0.0</capacity>
  <skill>7</skill>
</objects.Resource>
<objects.Resource>
  <id>6</id>
  <description>Technician6</description>
  <region>1</region>
  <availability>
    <startTime>621</startTime>
    <endTime>1173</endTime>
  </availability>
  <breakTime>
    <startTime>1037</startTime>
    <endTime>1473</endTime>
  </breakTime>
  <origin>
    <id>111</id>
    <latitude>14.072997547635218</latitude>
    <longitude>15.476780293963342</longitude>
  </origin>
  <destination>
    <id>111</id>
    <latitude>14.072997547635218</latitude>
    <longitude>15.476780293963342</longitude>
  </destination>
  <capacity>0.0</capacity>
  <skill>7</skill>
</objects.Resource>
<objects.Resource>
  <id>7</id>
  <description>Technician7</description>
  <region>1</region>
  <availability>
    <startTime>572</startTime>
    <endTime>1095</endTime>
  </availability>
  <breakTime>
    <startTime>1044</startTime>
    <endTime>1493</endTime>
  </breakTime>
  <origin>
    <id>113</id>
    <latitude>15.35735946122303</latitude>
    <longitude>17.240718864668867</longitude>
  </origin>
  <destination>
    <id>113</id>
    <latitude>15.35735946122303</latitude>
    <longitude>17.240718864668867</longitude>
  </destination>
  <capacity>0.0</capacity>
  <skill>4</skill>
</objects.Resource>
<objects.Resource>
  <id>8</id>
  <description>Technician8</description>
  <region>1</region>
  <availability>
    <startTime>541</startTime>
    <endTime>1103</endTime>
  </availability>
  <breakTime>
    <startTime>1003</startTime>
    <endTime>1574</endTime>
  </breakTime>
  <origin>
    <id>115</id>
    <latitude>17.262858279634052</latitude>
    <longitude>14.08683749430273</longitude>
  </origin>
  <destination>
    <id>115</id>
    <latitude>17.262858279634052</latitude>
    <longitude>14.08683749430273</longitude>
  </destination>
  <capacity>0.0</capacity>
  <skill>3</skill>
</objects.Resource>
<objects.Resource>
  <id>9</id>
  <description>Technician9</description>
  <region>1</region>
  <availability>
    <startTime>686</startTime>
    <endTime>1273</endTime>
  </availability>
  <breakTime>
    <startTime>959</startTime>
    <endTime>1323</endTime>
  </breakTime>
  <origin>
    <id>117</id>
    <latitude>16.77884120753489</latitude>
    <longitude>14.551418691021613</longitude>
  </origin>
  <destination>
    <id>117</id>
    <latitude>16.77884120753489</latitude>
    <longitude>14.551418691021613</longitude>
  </destination>
  <capacity>0.0</capacity>
  <skill>3</skill>
</objects.Resource>
<objects.Resource>
  <id>10</id>
  <description>Technician10</description>
  <region>1</region>
  <availability>
    <startTime>543</startTime>
    <endTime>1121</endTime>
  </availability>
  <breakTime>
    <startTime>786</startTime>
    <endTime>1321</endTime>
  </breakTime>
  <origin>
    <id>119</id>
    <latitude>14.525119715509163</latitude>
    <longitude>15.3110732915358</longitude>
  </origin>
  <destination>
    <id>119</id>
    <latitude>14.525119715509163</latitude>
    <longitude>15.3110732915358</longitude>
  </destination>
  <capacity>0.0</capacity>
  <skill>3</skill>
</objects.Resource>
