<objects.Task>
  <id>0</id>
  <Description>Task#0</Description>
  <type>T</type>
  <type__id>1</type__id>
  <priority>3</priority>
  <resId>0</resId>
  <serviceTime>89</serviceTime>
  <node>
    <id>0</id>
    <latitude>18.996214982314633</latitude>
    <longitude>4.699206482741285</longitude>
  </node>
  <region>1</region>
  <timeint>
    <startTime>717</startTime>
    <endTime>961</endTime>
  </timeint>
  <capacity>7.0</capacity>
</objects.Task>
<objects.Task>
  <id>1</id>
  <Description>Task#1</Description>
  <type>T</type>
  <type__id>1</type__id>
  <priority>2</priority>
  <resId>0</resId>
  <serviceTime>59</serviceTime>
  <node>
    <id>1</id>
    <latitude>1.69178589797745</latitude>
    <longitude>12.146177793002249</longitude>
  </node>
  <region>1</region>
  <timeint>
    <startTime>534</startTime>
    <endTime>1112</endTime>
  </timeint>
  <capacity>6.0</capacity>
</objects.Task>
<objects.Task>
  <id>2</id>
  <Description>Task#2</Description>
  <type>T</type>
  <type__id>1</type__id>
  <priority>1</priority>
  <resId>0</resId>
  <serviceTime>79</serviceTime>
  <node>
    <id>2</id>
    <latitude>20.3925571571955</latitude>
    <longitude>21.41262421891175</longitude>
  </node>
  <region>1</region>
  <timeint>
    <startTime>542</startTime>
    <endTime>843</endTime>
  </timeint>
  <capacity>8.0</capacity>
</objects.Task>
<objects.Task>
  <id>3</id>
  <Description>Task#3</Description>
  <type>T</type>
  <type__id>1</type__id>
  <priority>3</priority>
  <resId>0</resId>
  <serviceTime>68</serviceTime>
  <node>
    <id>3</id>
    <latitude>27.285787943716333</latitude>
    <longitude>30.770159096218055</longitude>
  </node>
  <region>1</region>
  <timeint>
    <startTime>633</startTime>
    <endTime>978</endTime>
  </timeint>
  <capacity>3.0</capacity>
</objects.Task>
<objects.Task>
  <id>4</id>
  <Description>Task#4</Description>
  <type>T</type>
  <type__id>1</type__id>
  <priority>3</priority>
  <resId>0</resId>
  <serviceTime>55</serviceTime>
  <node>
    <id>4</id>
    <latitude>5.527061045547015</latitude>
    <longitude>27.59082669166264</longitude>
  </node>
  <region>1</region>
  <timeint>
    <startTime>662</startTime>
    <endTime>1145</endTime>
  </timeint>
  <capacity>0.0</capacity>
</objects.Task>
<objects.Task>
  <id>5</id>
  <Description>Task#5</Description>
  <type>T</type>
  <type__id>1</type__id>
  <priority>4</priority>
  <resId>0</resId>
  <serviceTime>73</serviceTime>
  <node>
    <id>5</id>
    <latitude>21.145104974347856</latitude>
    <longitude>27.848120633850158</longitude>
  </node>
  <region>1</region>
  <timeint>
    <startTime>641</startTime>
    <endTime>1185</endTime>
  </timeint>
  <capacity>4.0</capacity>
</objects.Task>
<objects.Task>
  <id>6</id>
  <Description>Task#6</Description>
  <type>T</type>
  <type__id>1</type__id>
  <priority>4</priority>
  <resId>0</resId>
  <serviceTime>74</serviceTime>
  <node>
    <id>6</id>
    <latitude>7.034454890128178</latitude>
    <longitude>1.915289765669737</longitude>
  </node>
  <region>1</region>
  <timeint>
    <startTime>687</startTime>
    <endTime>1023</endTime>
  </timeint>
  <capacity>4.0</capacity>
</objects.Task>
<objects.Task>
  <id>7</id>
  <Description>Task#7</Description>
  <type>T</type>
  <type__id>1</type__id>
  <priority>4</priority>
  <resId>0</resId>
  <serviceTime>73</serviceTime>
  <node>
    <id>7</id>
    <latitude>4.796156847316055</latitude>
    <longitude>28.511957826070407</longitude>
  </node>
  <region>1</region>
  <timeint>
    <startTime>484</startTime>
    <endTime>900</endTime>
  </timeint>
  <capacity>0.0</capacity>
</objects.Task>
<objects.Task>
  <id>8</id>
  <Description>Task#8</Description>
  <type>T</type>
  <type__id>1</type__id>
  <priority>1</priority>
  <resId>0</resId>
  <serviceTime>82</serviceTime>
  <node>
    <id>8</id>
    <latitude>20.811757641727063</latitude>
    <longitude>17.742336266013442</longitude>
  </node>
  <region>1</region>
  <timeint>
    <startTime>486</startTime>
    <endTime>1052</endTime>
  </timeint>
  <capacity>5.0</capacity>
</objects.Task>
<objects.Task>
  <id>9</id>
  <Description>Task#9</Description>
  <type>T</type>
  <type__id>1</type__id>
  <priority>3</priority>
  <resId>0</resId>
  <serviceTime>42</serviceTime>
  <node>
    <id>9</id>
    <latitude>10.381271468828253</latitude>
    <longitude>14.60971033688216</longitude>
  </node>
  <region>1</region>
  <timeint>
    <startTime>550</startTime>
    <endTime>1018</endTime>
  </timeint>
  <capacity>8.0</capacity>
</objects.Task>
<objects.Task>
  <id>10</id>
  <Description>Task#10</Description>
  <type>T</type>
  <type__id>1</type__id>
  <priority>2</priority>
  <resId>0</resId>
  <serviceTime>78</serviceTime>
  <node>
    <id>10</id>
    <latitude>28.47335855431018</latitude>
    <longitude>10.750784032325512</longitude>
  </node>
  <region>1</region>
  <timeint>
    <startTime>684</startTime>
    <endTime>1008</endTime>
  </timeint>
  <capacity>6.0</capacity>
</objects.Task>
<objects.Task>
  <id>11</id>
  <Description>Task#11</Description>
  <type>T</type>
  <type__id>1</type__id>
  <priority>4</priority>
  <resId>0</resId>
  <serviceTime>59</serviceTime>
  <node>
    <id>11</id>
    <latitude>28.73319030815786</latitude>
    <longitude>6.538375607075693</longitude>
  </node>
  <region>1</region>
  <timeint>
    <startTime>610</startTime>
    <endTime>1205</endTime>
  </timeint>
  <capacity>7.0</capacity>
</objects.Task>
<objects.Task>
  <id>12</id>
  <Description>Task#12</Description>
  <type>T</type>
  <type__id>1</type__id>
  <priority>4</priority>
  <resId>0</resId>
  <serviceTime>59</serviceTime>
  <node>
    <id>12</id>
    <latitude>14.201211645903424</latitude>
    <longitude>9.266655602652527</longitude>
  </node>
  <region>1</region>
  <timeint>
    <startTime>715</startTime>
    <endTime>1010</endTime>
  </timeint>
  <capacity>6.0</capacity>
</objects.Task>
<objects.Task>
  <id>13</id>
  <Description>Task#13</Description>
  <type>T</type>
  <type__id>1</type__id>
  <priority>1</priority>
  <resId>0</resId>
  <serviceTime>48</serviceTime>
  <node>
    <id>13</id>
    <latitude>26.45374929093739</latitude>
    <longitude>21.297033213088348</longitude>
  </node>
  <region>1</region>
  <timeint>
    <startTime>663</startTime>
    <endTime>1146</endTime>
  </timeint>
  <capacity>3.0</capacity>
</objects.Task>
<objects.Task>
  <id>14</id>
  <Description>Task#14</Description>
  <type>T</type>
  <type__id>1</type__id>
  <priority>1</priority>
  <resId>0</resId>
  <serviceTime>70</serviceTime>
  <node>
    <id>14</id>
    <latitude>28.444412841951724</latitude>
    <longitude>9.839940941077778</longitude>
  </node>
  <region>1</region>
  <timeint>
    <startTime>646</startTime>
    <endTime>938</endTime>
  </timeint>
  <capacity>6.0</capacity>
</objects.Task>
<objects.Task>
  <id>15</id>
  <Description>Task#15</Description>
  <type>T</type>
  <type__id>1</type__id>
  <priority>3</priority>
  <resId>0</resId>
  <serviceTime>56</serviceTime>
  <node>
    <id>15</id>
    <latitude>2.0557061561639287</latitude>
    <longitude>5.980930261647341</longitude>
  </node>
  <region>1</region>
  <timeint>
    <startTime>559</startTime>
    <endTime>1156</endTime>
  </timeint>
  <capacity>4.0</capacity>
</objects.Task>
<objects.Task>
  <id>16</id>
  <Description>Task#16</Description>
  <type>T</type>
  <type__id>1</type__id>
  <priority>2</priority>
  <resId>0</resId>
  <serviceTime>34</serviceTime>
  <node>
    <id>16</id>
    <latitude>28.36509619700865</latitude>
    <longitude>31.719146570036752</longitude>
  </node>
  <region>1</region>
  <timeint>
    <startTime>688</startTime>
    <endTime>1202</endTime>
  </timeint>
  <capacity>4.0</capacity>
</objects.Task>
<objects.Task>
  <id>17</id>
  <Description>Task#17</Description>
  <type>T</type>
  <type__id>1</type__id>
  <priority>2</priority>
  <resId>0</resId>
  <serviceTime>50</serviceTime>
  <node>
    <id>17</id>
    <latitude>16.95891942968612</latitude>
    <longitude>11.204553008830487</longitude>
  </node>
  <region>1</region>
  <timeint>
    <startTime>510</startTime>
    <endTime>871</endTime>
  </timeint>
  <capacity>1.0</capacity>
</objects.Task>
<objects.Task>
  <id>18</id>
  <Description>Task#18</Description>
  <type>T</type>
  <type__id>1</type__id>
  <priority>1</priority>
  <resId>0</resId>
  <serviceTime>84</serviceTime>
  <node>
    <id>18</id>
    <latitude>17.226135283444204</latitude>
    <longitude>13.86739206620561</longitude>
  </node>
  <region>1</region>
  <timeint>
    <startTime>636</startTime>
    <endTime>910</endTime>
  </timeint>
  <capacity>8.0</capacity>
</objects.Task>
<objects.Task>
  <id>19</id>
  <Description>Task#19</Description>
  <type>T</type>
  <type__id>1</type__id>
  <priority>4</priority>
  <resId>0</resId>
  <serviceTime>44</serviceTime>
  <node>
    <id>19</id>
    <latitude>26.13192929421278</latitude>
    <longitude>31.13895016114397</longitude>
  </node>
  <region>1</region>
  <timeint>
    <startTime>486</startTime>
    <endTime>825</endTime>
  </timeint>
  <capacity>6.0</capacity>
</objects.Task>
<objects.Task>
  <id>20</id>
  <Description>Task#20</Description>
  <type>T</type>
  <type__id>1</type__id>
  <priority>1</priority>
  <resId>0</resId>
  <serviceTime>69</serviceTime>
  <node>
    <id>20</id>
    <latitude>14.712283327620291</latitude>
    <longitude>21.631543854184898</longitude>
  </node>
  <region>1</region>
  <timeint>
    <startTime>566</startTime>
    <endTime>943</endTime>
  </timeint>
  <capacity>9.0</capacity>
</objects.Task>
<objects.Task>
  <id>21</id>
  <Description>Task#21</Description>
  <type>T</type>
  <type__id>1</type__id>
  <priority>4</priority>
  <resId>0</resId>
  <serviceTime>72</serviceTime>
  <node>
    <id>21</id>
    <latitude>16.601911844589058</latitude>
    <longitude>10.005176394250842</longitude>
  </node>
  <region>1</region>
  <timeint>
    <startTime>699</startTime>
    <endTime>970</endTime>
  </timeint>
  <capacity>6.0</capacity>
</objects.Task>
<objects.Task>
  <id>22</id>
  <Description>Task#22</Description>
  <type>T</type>
  <type__id>1</type__id>
  <priority>3</priority>
  <resId>0</resId>
  <serviceTime>56</serviceTime>
  <node>
    <id>22</id>
    <latitude>29.876197875971616</latitude>
    <longitude>26.533965118673812</longitude>
  </node>
  <region>1</region>
  <timeint>
    <startTime>576</startTime>
    <endTime>935</endTime>
  </timeint>
  <capacity>4.0</capacity>
</objects.Task>
<objects.Task>
  <id>23</id>
  <Description>Task#23</Description>
  <type>T</type>
  <type__id>1</type__id>
  <priority>2</priority>
  <resId>0</resId>
  <serviceTime>32</serviceTime>
  <node>
    <id>23</id>
    <latitude>13.022043613901293</latitude>
    <longitude>26.603069855935054</longitude>
  </node>
  <region>1</region>
  <timeint>
    <startTime>642</startTime>
    <endTime>911</endTime>
  </timeint>
  <capacity>5.0</capacity>
</objects.Task>
<objects.Task>
  <id>24</id>
  <Description>Task#24</Description>
  <type>T</type>
  <type__id>1</type__id>
  <priority>3</priority>
  <resId>0</resId>
  <serviceTime>71</serviceTime>
  <node>
    <id>24</id>
    <latitude>27.07307229925078</latitude>
    <longitude>1.3630463217606348</longitude>
  </node>
  <region>1</region>
  <timeint>
    <startTime>564</startTime>
    <endTime>860</endTime>
  </timeint>
  <capacity>0.0</capacity>
</objects.Task>
<objects.Task>
  <id>25</id>
  <Description>Task#25</Description>
  <type>T</type>
  <type__id>1</type__id>
  <priority>4</priority>
  <resId>0</resId>
  <serviceTime>89</serviceTime>
  <node>
    <id>25</id>
    <latitude>22.535906874162013</latitude>
    <longitude>15.44471728754479</longitude>
  </node>
  <region>1</region>
  <timeint>
    <startTime>629</startTime>
    <endTime>1012</endTime>
  </timeint>
  <capacity>6.0</capacity>
</objects.Task>
<objects.Task>
  <id>26</id>
  <Description>Task#26</Description>
  <type>T</type>
  <type__id>1</type__id>
  <priority>3</priority>
  <resId>0</resId>
  <serviceTime>64</serviceTime>
  <node>
    <id>26</id>
    <latitude>3.776906240678059</latitude>
    <longitude>30.58550926257284</longitude>
  </node>
  <region>1</region>
  <timeint>
    <startTime>619</startTime>
    <endTime>1173</endTime>
  </timeint>
  <capacity>7.0</capacity>
</objects.Task>
<objects.Task>
  <id>27</id>
  <Description>Task#27</Description>
  <type>T</type>
  <type__id>1</type__id>
  <priority>3</priority>
  <resId>0</resId>
  <serviceTime>89</serviceTime>
  <node>
    <id>27</id>
    <latitude>3.3736506310919943</latitude>
    <longitude>31.22259435173081</longitude>
  </node>
  <region>1</region>
  <timeint>
    <startTime>629</startTime>
    <endTime>873</endTime>
  </timeint>
  <capacity>0.0</capacity>
</objects.Task>
<objects.Task>
  <id>28</id>
  <Description>Task#28</Description>
  <type>T</type>
  <type__id>1</type__id>
  <priority>4</priority>
  <resId>0</resId>
  <serviceTime>79</serviceTime>
  <node>
    <id>28</id>
    <latitude>20.059261599967005</latitude>
    <longitude>3.6341740386941552</longitude>
  </node>
  <region>1</region>
  <timeint>
    <startTime>557</startTime>
    <endTime>1016</endTime>
  </timeint>
  <capacity>2.0</capacity>
</objects.Task>
<objects.Task>
  <id>29</id>
  <Description>Task#29</Description>
  <type>T</type>
  <type__id>1</type__id>
  <priority>1</priority>
  <resId>0</resId>
  <serviceTime>75</serviceTime>
  <node>
    <id>29</id>
    <latitude>26.2165486034061</latitude>
    <longitude>19.274327316390362</longitude>
  </node>
  <region>1</region>
  <timeint>
    <startTime>553</startTime>
    <endTime>1000</endTime>
  </timeint>
  <capacity>4.0</capacity>
</objects.Task>
<objects.Task>
  <id>30</id>
  <Description>Task#30</Description>
  <type>T</type>
  <type__id>1</type__id>
  <priority>4</priority>
  <resId>0</resId>
  <serviceTime>62</serviceTime>
  <node>
    <id>30</id>
    <latitude>2.1221669580064777</latitude>
    <longitude>14.471877242002886</longitude>
  </node>
  <region>1</region>
  <timeint>
    <startTime>693</startTime>
    <endTime>1162</endTime>
  </timeint>
  <capacity>2.0</capacity>
</objects.Task>
<objects.Task>
  <id>31</id>
  <Description>Task#31</Description>
  <type>T</type>
  <type__id>1</type__id>
  <priority>3</priority>
  <resId>0</resId>
  <serviceTime>75</serviceTime>
  <node>
    <id>31</id>
    <latitude>25.46724413142381</latitude>
    <longitude>14.775358407964337</longitude>
  </node>
  <region>1</region>
  <timeint>
    <startTime>515</startTime>
    <endTime>1112</endTime>
  </timeint>
  <capacity>4.0</capacity>
</objects.Task>
<objects.Task>
  <id>32</id>
  <Description>Task#32</Description>
  <type>T</type>
  <type__id>1</type__id>
  <priority>3</priority>
  <resId>0</resId>
  <serviceTime>36</serviceTime>
  <node>
    <id>32</id>
    <latitude>21.181740169479053</latitude>
    <longitude>3.371629071805387</longitude>
  </node>
  <region>1</region>
  <timeint>
    <startTime>496</startTime>
    <endTime>971</endTime>
  </timeint>
  <capacity>5.0</capacity>
</objects.Task>
<objects.Task>
  <id>33</id>
  <Description>Task#33</Description>
  <type>T</type>
  <type__id>1</type__id>
  <priority>2</priority>
  <resId>0</resId>
  <serviceTime>50</serviceTime>
  <node>
    <id>33</id>
    <latitude>7.864945486848782</latitude>
    <longitude>0.34448359682377117</longitude>
  </node>
  <region>1</region>
  <timeint>
    <startTime>697</startTime>
    <endTime>1236</endTime>
  </timeint>
  <capacity>0.0</capacity>
</objects.Task>
<objects.Task>
  <id>34</id>
  <Description>Task#34</Description>
  <type>T</type>
  <type__id>1</type__id>
  <priority>1</priority>
  <resId>0</resId>
  <serviceTime>34</serviceTime>
  <node>
    <id>34</id>
    <latitude>12.684607450965025</latitude>
    <longitude>30.465240297585257</longitude>
  </node>
  <region>1</region>
  <timeint>
    <startTime>667</startTime>
    <endTime>1163</endTime>
  </timeint>
  <capacity>6.0</capacity>
</objects.Task>
<objects.Task>
  <id>35</id>
  <Description>Task#35</Description>
  <type>T</type>
  <type__id>1</type__id>
  <priority>4</priority>
  <resId>0</resId>
  <serviceTime>32</serviceTime>
  <node>
    <id>35</id>
    <latitude>19.68759676407917</latitude>
    <longitude>16.17777983714188</longitude>
  </node>
  <region>1</region>
  <timeint>
    <startTime>653</startTime>
    <endTime>944</endTime>
  </timeint>
  <capacity>2.0</capacity>
</objects.Task>
<objects.Task>
  <id>36</id>
  <Description>Task#36</Description>
  <type>T</type>
  <type__id>1</type__id>
  <priority>1</priority>
  <resId>0</resId>
  <serviceTime>76</serviceTime>
  <node>
    <id>36</id>
    <latitude>22.76372033234516</latitude>
    <longitude>30.284150841124788</longitude>
  </node>
  <region>1</region>
  <timeint>
    <startTime>694</startTime>
    <endTime>996</endTime>
  </timeint>
  <capacity>2.0</capacity>
</objects.Task>
<objects.Task>
  <id>37</id>
  <Description>Task#37</Description>
  <type>T</type>
  <type__id>1</type__id>
  <priority>3</priority>
  <resId>0</resId>
  <serviceTime>57</serviceTime>
  <node>
    <id>37</id>
    <latitude>18.98049004212731</latitude>
    <longitude>1.3372463314665275</longitude>
  </node>
  <region>1</region>
  <timeint>
    <startTime>517</startTime>
    <endTime>921</endTime>
  </timeint>
  <capacity>0.0</capacity>
</objects.Task>
<objects.Task>
  <id>38</id>
  <Description>Task#38</Description>
  <type>T</type>
  <type__id>1</type__id>
  <priority>3</priority>
  <resId>0</resId>
  <serviceTime>75</serviceTime>
  <node>
    <id>38</id>
    <latitude>13.05218688339506</latitude>
    <longitude>21.660279155302003</longitude>
  </node>
  <region>1</region>
  <timeint>
    <startTime>528</startTime>
    <endTime>853</endTime>
  </timeint>
  <capacity>8.0</capacity>
</objects.Task>
<objects.Task>
  <id>39</id>
  <Description>Task#39</Description>
  <type>T</type>
  <type__id>1</type__id>
  <priority>2</priority>
  <resId>0</resId>
  <serviceTime>86</serviceTime>
  <node>
    <id>39</id>
    <latitude>12.738145495107663</latitude>
    <longitude>31.41354777657216</longitude>
  </node>
  <region>1</region>
  <timeint>
    <startTime>541</startTime>
    <endTime>1092</endTime>
  </timeint>
  <capacity>3.0</capacity>
</objects.Task>
<objects.Task>
  <id>40</id>
  <Description>Task#40</Description>
  <type>T</type>
  <type__id>1</type__id>
  <priority>4</priority>
  <resId>0</resId>
  <serviceTime>88</serviceTime>
  <node>
    <id>40</id>
    <latitude>14.727873572404242</latitude>
    <longitude>30.628789672066247</longitude>
  </node>
  <region>1</region>
  <timeint>
    <startTime>683</startTime>
    <endTime>1059</endTime>
  </timeint>
  <capacity>7.0</capacity>
</objects.Task>
<objects.Task>
  <id>41</id>
  <Description>Task#41</Description>
  <type>T</type>
  <type__id>1</type__id>
  <priority>3</priority>
  <resId>0</resId>
  <serviceTime>59</serviceTime>
  <node>
    <id>41</id>
    <latitude>31.846195993272257</latitude>
    <longitude>2.5922129183184452</longitude>
  </node>
  <region>1</region>
  <timeint>
    <startTime>575</startTime>
    <endTime>842</endTime>
  </timeint>
  <capacity>3.0</capacity>
</objects.Task>
<objects.Task>
  <id>42</id>
  <Description>Task#42</Description>
  <type>T</type>
  <type__id>1</type__id>
  <priority>4</priority>
  <resId>0</resId>
  <serviceTime>85</serviceTime>
  <node>
    <id>42</id>
    <latitude>2.1560994862027485</latitude>
    <longitude>10.808210138450587</longitude>
  </node>
  <region>1</region>
  <timeint>
    <startTime>563</startTime>
    <endTime>1128</endTime>
  </timeint>
  <capacity>5.0</capacity>
</objects.Task>
<objects.Task>
  <id>43</id>
  <Description>Task#43</Description>
  <type>T</type>
  <type__id>1</type__id>
  <priority>3</priority>
  <resId>0</resId>
  <serviceTime>71</serviceTime>
  <node>
    <id>43</id>
    <latitude>11.87106637760531</latitude>
    <longitude>20.76474206833664</longitude>
  </node>
  <region>1</region>
  <timeint>
    <startTime>676</startTime>
    <endTime>1127</endTime>
  </timeint>
  <capacity>9.0</capacity>
</objects.Task>
<objects.Task>
  <id>44</id>
  <Description>Task#44</Description>
  <type>T</type>
  <type__id>1</type__id>
  <priority>4</priority>
  <resId>0</resId>
  <serviceTime>51</serviceTime>
  <node>
    <id>44</id>
    <latitude>31.831049996959933</latitude>
    <longitude>24.756936967090095</longitude>
  </node>
  <region>1</region>
  <timeint>
    <startTime>566</startTime>
    <endTime>1165</endTime>
  </timeint>
  <capacity>6.0</capacity>
</objects.Task>
<objects.Task>
  <id>45</id>
  <Description>Task#45</Description>
  <type>T</type>
  <type__id>1</type__id>
  <priority>4</priority>
  <resId>0</resId>
  <serviceTime>40</serviceTime>
  <node>
    <id>45</id>
    <latitude>15.976253556225934</latitude>
    <longitude>28.358248100194235</longitude>
  </node>
  <region>1</region>
  <timeint>
    <startTime>536</startTime>
    <endTime>941</endTime>
  </timeint>
  <capacity>2.0</capacity>
</objects.Task>
<objects.Task>
  <id>46</id>
  <Description>Task#46</Description>
  <type>T</type>
  <type__id>1</type__id>
  <priority>3</priority>
  <resId>0</resId>
  <serviceTime>49</serviceTime>
  <node>
    <id>46</id>
    <latitude>25.17205627122972</latitude>
    <longitude>2.099549512458239</longitude>
  </node>
  <region>1</region>
  <timeint>
    <startTime>683</startTime>
    <endTime>984</endTime>
  </timeint>
  <capacity>1.0</capacity>
</objects.Task>
<objects.Task>
  <id>47</id>
  <Description>Task#47</Description>
  <type>T</type>
  <type__id>1</type__id>
  <priority>1</priority>
  <resId>0</resId>
  <serviceTime>55</serviceTime>
  <node>
    <id>47</id>
    <latitude>15.982522006681329</latitude>
    <longitude>18.019166440525225</longitude>
  </node>
  <region>1</region>
  <timeint>
    <startTime>602</startTime>
    <endTime>896</endTime>
  </timeint>
  <capacity>9.0</capacity>
</objects.Task>
<objects.Task>
  <id>48</id>
  <Description>Task#48</Description>
  <type>T</type>
  <type__id>1</type__id>
  <priority>4</priority>
  <resId>0</resId>
  <serviceTime>35</serviceTime>
  <node>
    <id>48</id>
    <latitude>8.08042048995258</latitude>
    <longitude>5.249455203421533</longitude>
  </node>
  <region>1</region>
  <timeint>
    <startTime>497</startTime>
    <endTime>871</endTime>
  </timeint>
  <capacity>0.0</capacity>
</objects.Task>
<objects.Task>
  <id>49</id>
  <Description>Task#49</Description>
  <type>T</type>
  <type__id>1</type__id>
  <priority>2</priority>
  <resId>0</resId>
  <serviceTime>82</serviceTime>
  <node>
    <id>49</id>
    <latitude>12.113856277136446</latitude>
    <longitude>5.579863310451696</longitude>
  </node>
  <region>1</region>
  <timeint>
    <startTime>616</startTime>
    <endTime>925</endTime>
  </timeint>
  <capacity>0.0</capacity>
</objects.Task>
<objects.Task>
  <id>50</id>
  <Description>Task#50</Description>
  <type>T</type>
  <type__id>1</type__id>
  <priority>1</priority>
  <resId>0</resId>
  <serviceTime>31</serviceTime>
  <node>
    <id>50</id>
    <latitude>3.697548781584292</latitude>
    <longitude>4.859654427949767</longitude>
  </node>
  <region>1</region>
  <timeint>
    <startTime>521</startTime>
    <endTime>832</endTime>
  </timeint>
  <capacity>3.0</capacity>
</objects.Task>
<objects.Task>
  <id>51</id>
  <Description>Task#51</Description>
  <type>T</type>
  <type__id>1</type__id>
  <priority>2</priority>
  <resId>0</resId>
  <serviceTime>74</serviceTime>
  <node>
    <id>51</id>
    <latitude>6.869043190548624</latitude>
    <longitude>18.041674133493117</longitude>
  </node>
  <region>1</region>
  <timeint>
    <startTime>630</startTime>
    <endTime>1065</endTime>
  </timeint>
  <capacity>5.0</capacity>
</objects.Task>
<objects.Task>
  <id>52</id>
  <Description>Task#52</Description>
  <type>T</type>
  <type__id>1</type__id>
  <priority>4</priority>
  <resId>0</resId>
  <serviceTime>41</serviceTime>
  <node>
    <id>52</id>
    <latitude>29.15320856748415</latitude>
    <longitude>21.360269648467792</longitude>
  </node>
  <region>1</region>
  <timeint>
    <startTime>547</startTime>
    <endTime>1037</endTime>
  </timeint>
  <capacity>2.0</capacity>
</objects.Task>
<objects.Task>
  <id>53</id>
  <Description>Task#53</Description>
  <type>T</type>
  <type__id>1</type__id>
  <priority>3</priority>
  <resId>0</resId>
  <serviceTime>69</serviceTime>
  <node>
    <id>53</id>
    <latitude>16.49418436258161</latitude>
    <longitude>24.455308514488117</longitude>
  </node>
  <region>1</region>
  <timeint>
    <startTime>656</startTime>
    <endTime>1126</endTime>
  </timeint>
  <capacity>3.0</capacity>
</objects.Task>
<objects.Task>
  <id>54</id>
  <Description>Task#54</Description>
  <type>T</type>
  <type__id>1</type__id>
  <priority>2</priority>
  <resId>0</resId>
  <serviceTime>52</serviceTime>
  <node>
    <id>54</id>
    <latitude>5.343883788470059</latitude>
    <longitude>6.436478927213177</longitude>
  </node>
  <region>1</region>
  <timeint>
    <startTime>480</startTime>
    <endTime>727</endTime>
  </timeint>
  <capacity>7.0</capacity>
</objects.Task>
<objects.Task>
  <id>55</id>
  <Description>Task#55</Description>
  <type>T</type>
  <type__id>1</type__id>
  <priority>3</priority>
  <resId>0</resId>
  <serviceTime>58</serviceTime>
  <node>
    <id>55</id>
    <latitude>14.63930541803105</latitude>
    <longitude>6.680636780230653</longitude>
  </node>
  <region>1</region>
  <timeint>
    <startTime>629</startTime>
    <endTime>1183</endTime>
  </timeint>
  <capacity>8.0</capacity>
</objects.Task>
<objects.Task>
  <id>56</id>
  <Description>Task#56</Description>
  <type>T</type>
  <type__id>1</type__id>
  <priority>2</priority>
  <resId>0</resId>
  <serviceTime>49</serviceTime>
  <node>
    <id>56</id>
    <latitude>6.793736331511898</latitude>
    <longitude>23.957954876179095</longitude>
  </node>
  <region>1</region>
  <timeint>
    <startTime>531</startTime>
    <endTime>838</endTime>
  </timeint>
  <capacity>4.0</capacity>
</objects.Task>
<objects.Task>
  <id>57</id>
  <Description>Task#57</Description>
  <type>T</type>
  <type__id>1</type__id>
  <priority>4</priority>
  <resId>0</resId>
  <serviceTime>84</serviceTime>
  <node>
    <id>57</id>
    <latitude>13.437901816479783</latitude>
    <longitude>4.077492133773795</longitude>
  </node>
  <region>1</region>
  <timeint>
    <startTime>540</startTime>
    <endTime>913</endTime>
  </timeint>
  <capacity>1.0</capacity>
</objects.Task>
<objects.Task>
  <id>58</id>
  <Description>Task#58</Description>
  <type>T</type>
  <type__id>1</type__id>
  <priority>1</priority>
  <resId>0</resId>
  <serviceTime>85</serviceTime>
  <node>
    <id>58</id>
    <latitude>10.855212427942497</latitude>
    <longitude>23.89707919831025</longitude>
  </node>
  <region>1</region>
  <timeint>
    <startTime>640</startTime>
    <endTime>1217</endTime>
  </timeint>
  <capacity>3.0</capacity>
</objects.Task>
<objects.Task>
  <id>59</id>
  <Description>Task#59</Description>
  <type>T</type>
  <type__id>1</type__id>
  <priority>4</priority>
  <resId>0</resId>
  <serviceTime>41</serviceTime>
  <node>
    <id>59</id>
    <latitude>2.699993275025932</latitude>
    <longitude>4.840777532610684</longitude>
  </node>
  <region>1</region>
  <timeint>
    <startTime>573</startTime>
    <endTime>1107</endTime>
  </timeint>
  <capacity>7.0</capacity>
</objects.Task>
<objects.Task>
  <id>60</id>
  <Description>Task#60</Description>
  <type>T</type>
  <type__id>1</type__id>
  <priority>3</priority>
  <resId>0</resId>
  <serviceTime>83</serviceTime>
  <node>
    <id>60</id>
    <latitude>12.7167681807773</latitude>
    <longitude>17.917167207154964</longitude>
  </node>
  <region>1</region>
  <timeint>
    <startTime>702</startTime>
    <endTime>1269</endTime>
  </timeint>
  <capacity>8.0</capacity>
</objects.Task>
<objects.Task>
  <id>61</id>
  <Description>Task#61</Description>
  <type>T</type>
  <type__id>1</type__id>
  <priority>1</priority>
  <resId>0</resId>
  <serviceTime>64</serviceTime>
  <node>
    <id>61</id>
    <latitude>5.769313559377949</latitude>
    <longitude>1.3425305845395847</longitude>
  </node>
  <region>1</region>
  <timeint>
    <startTime>705</startTime>
    <endTime>1084</endTime>
  </timeint>
  <capacity>1.0</capacity>
</objects.Task>
<objects.Task>
  <id>62</id>
  <Description>Task#62</Description>
  <type>T</type>
  <type__id>1</type__id>
  <priority>2</priority>
  <resId>0</resId>
  <serviceTime>86</serviceTime>
  <node>
    <id>62</id>
    <latitude>29.991157257017576</latitude>
    <longitude>2.5109889004991466</longitude>
  </node>
  <region>1</region>
  <timeint>
    <startTime>648</startTime>
    <endTime>933</endTime>
  </timeint>
  <capacity>5.0</capacity>
</objects.Task>
<objects.Task>
  <id>63</id>
  <Description>Task#63</Description>
  <type>T</type>
  <type__id>1</type__id>
  <priority>3</priority>
  <resId>0</resId>
  <serviceTime>54</serviceTime>
  <node>
    <id>63</id>
    <latitude>0.7184138426807536</latitude>
    <longitude>10.749551822052812</longitude>
  </node>
  <region>1</region>
  <timeint>
    <startTime>613</startTime>
    <endTime>1046</endTime>
  </timeint>
  <capacity>0.0</capacity>
</objects.Task>
<objects.Task>
  <id>64</id>
  <Description>Task#64</Description>
  <type>T</type>
  <type__id>1</type__id>
  <priority>2</priority>
  <resId>0</resId>
  <serviceTime>83</serviceTime>
  <node>
    <id>64</id>
    <latitude>30.620944718224916</latitude>
    <longitude>23.009904114507183</longitude>
  </node>
  <region>1</region>
  <timeint>
    <startTime>685</startTime>
    <endTime>936</endTime>
  </timeint>
  <capacity>7.0</capacity>
</objects.Task>
<objects.Task>
  <id>65</id>
  <Description>Task#65</Description>
  <type>T</type>
  <type__id>1</type__id>
  <priority>4</priority>
  <resId>0</resId>
  <serviceTime>58</serviceTime>
  <node>
    <id>65</id>
    <latitude>28.2045937516279</latitude>
    <longitude>17.045045134148538</longitude>
  </node>
  <region>1</region>
  <timeint>
    <startTime>593</startTime>
    <endTime>1106</endTime>
  </timeint>
  <capacity>9.0</capacity>
</objects.Task>
<objects.Task>
  <id>66</id>
  <Description>Task#66</Description>
  <type>T</type>
  <type__id>1</type__id>
  <priority>1</priority>
  <resId>0</resId>
  <serviceTime>85</serviceTime>
  <node>
    <id>66</id>
    <latitude>6.9261447952243635</latitude>
    <longitude>16.405243589062042</longitude>
  </node>
  <region>1</region>
  <timeint>
    <startTime>625</startTime>
    <endTime>1026</endTime>
  </timeint>
  <capacity>1.0</capacity>
</objects.Task>
<objects.Task>
  <id>67</id>
  <Description>Task#67</Description>
  <type>T</type>
  <type__id>1</type__id>
  <priority>3</priority>
  <resId>0</resId>
  <serviceTime>52</serviceTime>
  <node>
    <id>67</id>
    <latitude>23.9910728502062</latitude>
    <longitude>19.547578106393768</longitude>
  </node>
  <region>1</region>
  <timeint>
    <startTime>698</startTime>
    <endTime>1220</endTime>
  </timeint>
  <capacity>9.0</capacity>
</objects.Task>
<objects.Task>
  <id>68</id>
  <Description>Task#68</Description>
  <type>T</type>
  <type__id>1</type__id>
  <priority>2</priority>
  <resId>0</resId>
  <serviceTime>37</serviceTime>
  <node>
    <id>68</id>
    <latitude>16.921116468157297</latitude>
    <longitude>25.628218146236964</longitude>
  </node>
  <region>1</region>
  <timeint>
    <startTime>687</startTime>
    <endTime>954</endTime>
  </timeint>
  <capacity>4.0</capacity>
</objects.Task>
<objects.Task>
  <id>69</id>
  <Description>Task#69</Description>
  <type>T</type>
  <type__id>1</type__id>
  <priority>1</priority>
  <resId>0</resId>
  <serviceTime>47</serviceTime>
  <node>
    <id>69</id>
    <latitude>28.50915680396113</latitude>
    <longitude>10.123121515884325</longitude>
  </node>
  <region>1</region>
  <timeint>
    <startTime>711</startTime>
    <endTime>1093</endTime>
  </timeint>
  <capacity>2.0</capacity>
</objects.Task>
<objects.Task>
  <id>70</id>
  <Description>Task#70</Description>
  <type>T</type>
  <type__id>1</type__id>
  <priority>4</priority>
  <resId>0</resId>
  <serviceTime>84</serviceTime>
  <node>
    <id>70</id>
    <latitude>17.910994656429</latitude>
    <longitude>31.304268986835478</longitude>
  </node>
  <region>1</region>
  <timeint>
    <startTime>702</startTime>
    <endTime>1031</endTime>
  </timeint>
  <capacity>0.0</capacity>
</objects.Task>
<objects.Task>
  <id>71</id>
  <Description>Task#71</Description>
  <type>T</type>
  <type__id>1</type__id>
  <priority>4</priority>
  <resId>0</resId>
  <serviceTime>59</serviceTime>
  <node>
    <id>71</id>
    <latitude>6.66254694151597</latitude>
    <longitude>19.771452525561035</longitude>
  </node>
  <region>1</region>
  <timeint>
    <startTime>703</startTime>
    <endTime>982</endTime>
  </timeint>
  <capacity>6.0</capacity>
</objects.Task>
<objects.Task>
  <id>72</id>
  <Description>Task#72</Description>
  <type>T</type>
  <type__id>1</type__id>
  <priority>4</priority>
  <resId>0</resId>
  <serviceTime>76</serviceTime>
  <node>
    <id>72</id>
    <latitude>17.578824752223685</latitude>
    <longitude>22.12396985629665</longitude>
  </node>
  <region>1</region>
  <timeint>
    <startTime>684</startTime>
    <endTime>1189</endTime>
  </timeint>
  <capacity>1.0</capacity>
</objects.Task>
<objects.Task>
  <id>73</id>
  <Description>Task#73</Description>
  <type>T</type>
  <type__id>1</type__id>
  <priority>1</priority>
  <resId>0</resId>
  <serviceTime>36</serviceTime>
  <node>
    <id>73</id>
    <latitude>6.665336488031816</latitude>
    <longitude>23.424978104765586</longitude>
  </node>
  <region>1</region>
  <timeint>
    <startTime>487</startTime>
    <endTime>780</endTime>
  </timeint>
  <capacity>8.0</capacity>
</objects.Task>
<objects.Task>
  <id>74</id>
  <Description>Task#74</Description>
  <type>T</type>
  <type__id>1</type__id>
  <priority>2</priority>
  <resId>0</resId>
  <serviceTime>62</serviceTime>
  <node>
    <id>74</id>
    <latitude>31.316826629240808</latitude>
    <longitude>5.08405681997025</longitude>
  </node>
  <region>1</region>
  <timeint>
    <startTime>500</startTime>
    <endTime>772</endTime>
  </timeint>
  <capacity>4.0</capacity>
</objects.Task>
<objects.Task>
  <id>75</id>
  <Description>Task#75</Description>
  <type>T</type>
  <type__id>1</type__id>
  <priority>2</priority>
  <resId>0</resId>
  <serviceTime>79</serviceTime>
  <node>
    <id>75</id>
    <latitude>9.056869726178725</latitude>
    <longitude>11.371426735976158</longitude>
  </node>
  <region>1</region>
  <timeint>
    <startTime>513</startTime>
    <endTime>935</endTime>
  </timeint>
  <capacity>4.0</capacity>
</objects.Task>
<objects.Task>
  <id>76</id>
  <Description>Task#76</Description>
  <type>T</type>
  <type__id>1</type__id>
  <priority>4</priority>
  <resId>0</resId>
  <serviceTime>86</serviceTime>
  <node>
    <id>76</id>
    <latitude>21.1151839165577</latitude>
    <longitude>11.160579244027726</longitude>
  </node>
  <region>1</region>
  <timeint>
    <startTime>652</startTime>
    <endTime>1061</endTime>
  </timeint>
  <capacity>6.0</capacity>
</objects.Task>
<objects.Task>
  <id>77</id>
  <Description>Task#77</Description>
  <type>T</type>
  <type__id>1</type__id>
  <priority>4</priority>
  <resId>0</resId>
  <serviceTime>42</serviceTime>
  <node>
    <id>77</id>
    <latitude>8.48694839756428</latitude>
    <longitude>11.752947640805502</longitude>
  </node>
  <region>1</region>
  <timeint>
    <startTime>538</startTime>
    <endTime>874</endTime>
  </timeint>
  <capacity>2.0</capacity>
</objects.Task>
<objects.Task>
  <id>78</id>
  <Description>Task#78</Description>
  <type>T</type>
  <type__id>1</type__id>
  <priority>4</priority>
  <resId>0</resId>
  <serviceTime>75</serviceTime>
  <node>
    <id>78</id>
    <latitude>17.11032176770849</latitude>
    <longitude>17.41272640169693</longitude>
  </node>
  <region>1</region>
  <timeint>
    <startTime>673</startTime>
    <endTime>1008</endTime>
  </timeint>
  <capacity>8.0</capacity>
</objects.Task>
<objects.Task>
  <id>79</id>
  <Description>Task#79</Description>
  <type>T</type>
  <type__id>1</type__id>
  <priority>4</priority>
  <resId>0</resId>
  <serviceTime>54</serviceTime>
  <node>
    <id>79</id>
    <latitude>7.450428501959763</latitude>
    <longitude>22.573395634903136</longitude>
  </node>
  <region>1</region>
  <timeint>
    <startTime>583</startTime>
    <endTime>897</endTime>
  </timeint>
  <capacity>1.0</capacity>
</objects.Task>
<objects.Task>
  <id>80</id>
  <Description>Task#80</Description>
  <type>T</type>
  <type__id>1</type__id>
  <priority>3</priority>
  <resId>0</resId>
  <serviceTime>86</serviceTime>
  <node>
    <id>80</id>
    <latitude>3.4724038945916504</latitude>
    <longitude>31.82154989426712</longitude>
  </node>
  <region>1</region>
  <timeint>
    <startTime>702</startTime>
    <endTime>998</endTime>
  </timeint>
  <capacity>3.0</capacity>
</objects.Task>
<objects.Task>
  <id>81</id>
  <Description>Task#81</Description>
  <type>T</type>
  <type__id>1</type__id>
  <priority>4</priority>
  <resId>0</resId>
  <serviceTime>39</serviceTime>
  <node>
    <id>81</id>
    <latitude>26.782246574789767</latitude>
    <longitude>0.548724008317528</longitude>
  </node>
  <region>1</region>
  <timeint>
    <startTime>629</startTime>
    <endTime>986</endTime>
  </timeint>
  <capacity>4.0</capacity>
</objects.Task>
<objects.Task>
  <id>82</id>
  <Description>Task#82</Description>
  <type>T</type>
  <type__id>1</type__id>
  <priority>3</priority>
  <resId>0</resId>
  <serviceTime>89</serviceTime>
  <node>
    <id>82</id>
    <latitude>26.990752437219346</latitude>
    <longitude>1.357355953491787</longitude>
  </node>
  <region>1</region>
  <timeint>
    <startTime>716</startTime>
    <endTime>979</endTime>
  </timeint>
  <capacity>2.0</capacity>
</objects.Task>
<objects.Task>
  <id>83</id>
  <Description>Task#83</Description>
  <type>T</type>
  <type__id>1</type__id>
  <priority>2</priority>
  <resId>0</resId>
  <serviceTime>33</serviceTime>
  <node>
    <id>83</id>
    <latitude>17.671307570913715</latitude>
    <longitude>29.27409789340694</longitude>
  </node>
  <region>1</region>
  <timeint>
    <startTime>668</startTime>
    <endTime>1208</endTime>
  </timeint>
  <capacity>7.0</capacity>
</objects.Task>
<objects.Task>
  <id>84</id>
  <Description>Task#84</Description>
  <type>T</type>
  <type__id>1</type__id>
  <priority>1</priority>
  <resId>0</resId>
  <serviceTime>33</serviceTime>
  <node>
    <id>84</id>
    <latitude>10.594049658355843</latitude>
    <longitude>25.548148847670024</longitude>
  </node>
  <region>1</region>
  <timeint>
    <startTime>615</startTime>
    <endTime>945</endTime>
  </timeint>
  <capacity>4.0</capacity>
</objects.Task>
<objects.Task>
  <id>85</id>
  <Description>Task#85</Description>
  <type>T</type>
  <type__id>1</type__id>
  <priority>4</priority>
  <resId>0</resId>
  <serviceTime>57</serviceTime>
  <node>
    <id>85</id>
    <latitude>31.502916948834706</latitude>
    <longitude>3.7177861623711834</longitude>
  </node>
  <region>1</region>
  <timeint>
    <startTime>545</startTime>
    <endTime>909</endTime>
  </timeint>
  <capacity>4.0</capacity>
</objects.Task>
<objects.Task>
  <id>86</id>
  <Description>Task#86</Description>
  <type>T</type>
  <type__id>1</type__id>
  <priority>2</priority>
  <resId>0</resId>
  <serviceTime>45</serviceTime>
  <node>
    <id>86</id>
    <latitude>10.090221234406389</latitude>
    <longitude>3.8579890081986576</longitude>
  </node>
  <region>1</region>
  <timeint>
    <startTime>575</startTime>
    <endTime>846</endTime>
  </timeint>
  <capacity>4.0</capacity>
</objects.Task>
<objects.Task>
  <id>87</id>
  <Description>Task#87</Description>
  <type>T</type>
  <type__id>1</type__id>
  <priority>1</priority>
  <resId>0</resId>
  <serviceTime>30</serviceTime>
  <node>
    <id>87</id>
    <latitude>29.08270290438017</latitude>
    <longitude>23.954141308711463</longitude>
  </node>
  <region>1</region>
  <timeint>
    <startTime>568</startTime>
    <endTime>1090</endTime>
  </timeint>
  <capacity>7.0</capacity>
</objects.Task>
<objects.Task>
  <id>88</id>
  <Description>Task#88</Description>
  <type>T</type>
  <type__id>1</type__id>
  <priority>4</priority>
  <resId>0</resId>
  <serviceTime>38</serviceTime>
  <node>
    <id>88</id>
    <latitude>1.8441695347169755</latitude>
    <longitude>5.909755095467425</longitude>
  </node>
  <region>1</region>
  <timeint>
    <startTime>545</startTime>
    <endTime>954</endTime>
  </timeint>
  <capacity>8.0</capacity>
</objects.Task>
<objects.Task>
  <id>89</id>
  <Description>Task#89</Description>
  <type>T</type>
  <type__id>1</type__id>
  <priority>2</priority>
  <resId>0</resId>
  <serviceTime>86</serviceTime>
  <node>
    <id>89</id>
    <latitude>23.104647510125822</latitude>
    <longitude>0.8251379764059159</longitude>
  </node>
  <region>1</region>
  <timeint>
    <startTime>613</startTime>
    <endTime>899</endTime>
  </timeint>
  <capacity>7.0</capacity>
</objects.Task>
<objects.Task>
  <id>90</id>
  <Description>Task#90</Description>
  <type>T</type>
  <type__id>1</type__id>
  <priority>3</priority>
  <resId>0</resId>
  <serviceTime>34</serviceTime>
  <node>
    <id>90</id>
    <latitude>31.42933319852911</latitude>
    <longitude>20.851360034086266</longitude>
  </node>
  <region>1</region>
  <timeint>
    <startTime>596</startTime>
    <endTime>1006</endTime>
  </timeint>
  <capacity>1.0</capacity>
</objects.Task>
<objects.Task>
  <id>91</id>
  <Description>Task#91</Description>
  <type>T</type>
  <type__id>1</type__id>
  <priority>2</priority>
  <resId>0</resId>
  <serviceTime>50</serviceTime>
  <node>
    <id>91</id>
    <latitude>7.289689938202262</latitude>
    <longitude>14.393154207779016</longitude>
  </node>
  <region>1</region>
  <timeint>
    <startTime>494</startTime>
    <endTime>906</endTime>
  </timeint>
  <capacity>0.0</capacity>
</objects.Task>
<objects.Task>
  <id>92</id>
  <Description>Task#92</Description>
  <type>T</type>
  <type__id>1</type__id>
  <priority>4</priority>
  <resId>0</resId>
  <serviceTime>65</serviceTime>
  <node>
    <id>92</id>
    <latitude>9.850181990446668</latitude>
    <longitude>19.218933176816208</longitude>
  </node>
  <region>1</region>
  <timeint>
    <startTime>667</startTime>
    <endTime>1011</endTime>
  </timeint>
  <capacity>4.0</capacity>
</objects.Task>
<objects.Task>
  <id>93</id>
  <Description>Task#93</Description>
  <type>T</type>
  <type__id>1</type__id>
  <priority>3</priority>
  <resId>0</resId>
  <serviceTime>88</serviceTime>
  <node>
    <id>93</id>
    <latitude>21.37823140334513</latitude>
    <longitude>23.31661354794114</longitude>
  </node>
  <region>1</region>
  <timeint>
    <startTime>715</startTime>
    <endTime>1199</endTime>
  </timeint>
  <capacity>6.0</capacity>
</objects.Task>
<objects.Task>
  <id>94</id>
  <Description>Task#94</Description>
  <type>T</type>
  <type__id>1</type__id>
  <priority>1</priority>
  <resId>0</resId>
  <serviceTime>45</serviceTime>
  <node>
    <id>94</id>
    <latitude>3.3369061438963215</latitude>
    <longitude>18.853822819220113</longitude>
  </node>
  <region>1</region>
  <timeint>
    <startTime>579</startTime>
    <endTime>1006</endTime>
  </timeint>
  <capacity>6.0</capacity>
</objects.Task>
<objects.Task>
  <id>95</id>
  <Description>Task#95</Description>
  <type>T</type>
  <type__id>1</type__id>
  <priority>4</priority>
  <resId>0</resId>
  <serviceTime>49</serviceTime>
  <node>
    <id>95</id>
    <latitude>11.806194774291054</latitude>
    <longitude>28.341444324173857</longitude>
  </node>
  <region>1</region>
  <timeint>
    <startTime>618</startTime>
    <endTime>929</endTime>
  </timeint>
  <capacity>3.0</capacity>
</objects.Task>
<objects.Task>
  <id>96</id>
  <Description>Task#96</Description>
  <type>T</type>
  <type__id>1</type__id>
  <priority>1</priority>
  <resId>0</resId>
  <serviceTime>64</serviceTime>
  <node>
    <id>96</id>
    <latitude>28.769294164332894</latitude>
    <longitude>17.535249363561764</longitude>
  </node>
  <region>1</region>
  <timeint>
    <startTime>570</startTime>
    <endTime>921</endTime>
  </timeint>
  <capacity>1.0</capacity>
</objects.Task>
<objects.Task>
  <id>97</id>
  <Description>Task#97</Description>
  <type>T</type>
  <type__id>1</type__id>
  <priority>1</priority>
  <resId>0</resId>
  <serviceTime>41</serviceTime>
  <node>
    <id>97</id>
    <latitude>19.68749991447389</latitude>
    <longitude>12.461280533734918</longitude>
  </node>
  <region>1</region>
  <timeint>
    <startTime>540</startTime>
    <endTime>838</endTime>
  </timeint>
  <capacity>7.0</capacity>
</objects.Task>
<objects.Task>
  <id>98</id>
  <Description>Task#98</Description>
  <type>T</type>
  <type__id>1</type__id>
  <priority>4</priority>
  <resId>0</resId>
  <serviceTime>59</serviceTime>
  <node>
    <id>98</id>
    <latitude>5.062060651249894</latitude>
    <longitude>24.954668808503115</longitude>
  </node>
  <region>1</region>
  <timeint>
    <startTime>520</startTime>
    <endTime>1038</endTime>
  </timeint>
  <capacity>8.0</capacity>
</objects.Task>
<objects.Task>
  <id>99</id>
  <Description>Task#99</Description>
  <type>T</type>
  <type__id>1</type__id>
  <priority>1</priority>
  <resId>0</resId>
  <serviceTime>44</serviceTime>
  <node>
    <id>99</id>
    <latitude>20.81989417551143</latitude>
    <longitude>22.050953131401684</longitude>
  </node>
  <region>1</region>
  <timeint>
    <startTime>688</startTime>
    <endTime>1201</endTime>
  </timeint>
  <capacity>1.0</capacity>
</objects.Task>
<objects.Resource>
  <id>1</id>
  <description>Technician1</description>
  <region>1</region>
  <availability>
    <startTime>719</startTime>
    <endTime>1301</endTime>
  </availability>
  <breakTime>
    <startTime>1100</startTime>
    <endTime>1402</endTime>
  </breakTime>
  <origin>
    <id>101</id>
    <latitude>15.41969741115097</latitude>
    <longitude>14.250096354670053</longitude>
  </origin>
  <destination>
    <id>101</id>
    <latitude>15.41969741115097</latitude>
    <longitude>14.250096354670053</longitude>
  </destination>
  <capacity>0.0</capacity>
  <skill>9</skill>
</objects.Resource>
<objects.Resource>
  <id>2</id>
  <description>Technician2</description>
  <region>1</region>
  <availability>
    <startTime>596</startTime>
    <endTime>1085</endTime>
  </availability>
  <breakTime>
    <startTime>966</startTime>
    <endTime>1266</endTime>
  </breakTime>
  <origin>
    <id>103</id>
    <latitude>17.091170913776928</latitude>
    <longitude>14.765704879416496</longitude>
  </origin>
  <destination>
    <id>103</id>
    <latitude>17.091170913776928</latitude>
    <longitude>14.765704879416496</longitude>
  </destination>
  <capacity>0.0</capacity>
  <skill>5</skill>
</objects.Resource>
<objects.Resource>
  <id>3</id>
  <description>Technician3</description>
  <region>1</region>
  <availability>
    <startTime>653</startTime>
    <endTime>1172</endTime>
  </availability>
  <breakTime>
    <startTime>1048</startTime>
    <endTime>1304</endTime>
  </breakTime>
  <origin>
    <id>105</id>
    <latitude>14.574754257283702</latitude>
    <longitude>14.399691771154522</longitude>
  </origin>
  <destination>
    <id>105</id>
    <latitude>14.574754257283702</latitude>
    <longitude>14.399691771154522</longitude>
  </destination>
  <capacity>0.0</capacity>
  <skill>5</skill>
</objects.Resource>
<objects.Resource>
  <id>4</id>
  <description>Technician4</description>
  <region>1</region>
  <availability>
    <startTime>562</startTime>
    <endTime>1098</endTime>
  </availability>
  <breakTime>
    <startTime>1018</startTime>
    <endTime>1594</endTime>
  </breakTime>
  <origin>
    <id>107</id>
    <latitude>15.269194539685474</latitude>
    <longitude>15.740832460712037</longitude>
  </origin>
  <destination>
    <id>107</id>
    <latitude>15.269194539685474</latitude>
    <longitude>15.740832460712037</longitude>
  </destination>
  <capacity>0.0</capacity>
  <skill>4</skill>
</objects.Resource>
<objects.Resource>
  <id>5</id>
  <description>Technician5</description>
  <region>1</region>
  <availability>
    <startTime>589</startTime>
    <endTime>1139</endTime>
  </availability>
  <breakTime>
    <startTime>1028</startTime>
    <endTime>1186</endTime>
  </breakTime>
  <origin>
    <id>109</id>
    <latitude>14.917474882614453</latitude>
    <longitude>14.339031226320994</longitude>
  </origin>
  <destination>
    <id>109</id>
    <latitude>14.917474882614453</latitude>
    <longitude>14.339031226320994</longitude>
  </destination>
  <capacity>0.0</capacity>
  <skill>4</skill>
</objects.Resource>
<objects.Resource>
  <id>6</id>
  <description>Technician6</description>
  <region>1</region>
  <availability>
    <startTime>612</startTime>
    <endTime>1151</endTime>
  </availability>
  <breakTime>
    <startTime>983</startTime>
    <endTime>1341</endTime>
  </breakTime>
  <origin>
    <id>111</id>
    <latitude>17.457092949334303</latitude>
    <longitude>14.47000918703404</longitude>
  </origin>
  <destination>
    <id>111</id>
    <latitude>17.457092949334303</latitude>
    <longitude>14.47000918703404</longitude>
  </destination>
  <capacity>0.0</capacity>
  <skill>8</skill>
</objects.Resource>
<objects.Resource>
  <id>7</id>
  <description>Technician7</description>
  <region>1</region>
  <availability>
    <startTime>546</startTime>
    <endTime>1135</endTime>
  </availability>
  <breakTime>
    <startTime>813</startTime>
    <endTime>1092</endTime>
  </breakTime>
  <origin>
    <id>113</id>
    <latitude>15.124964951938969</latitude>
    <longitude>17.85417162977359</longitude>
  </origin>
  <destination>
    <id>113</id>
    <latitude>15.124964951938969</latitude>
    <longitude>17.85417162977359</longitude>
  </destination>
  <capacity>0.0</capacity>
  <skill>2</skill>
</objects.Resource>
<objects.Resource>
  <id>8</id>
  <description>Technician8</description>
  <region>1</region>
  <availability>
    <startTime>495</startTime>
    <endTime>996</endTime>
  </availability>
  <breakTime>
    <startTime>868</startTime>
    <endTime>1257</endTime>
  </breakTime>
  <origin>
    <id>115</id>
    <latitude>16.825289043259815</latitude>
    <longitude>17.53510818822872</longitude>
  </origin>
  <destination>
    <id>115</id>
    <latitude>16.825289043259815</latitude>
    <longitude>17.53510818822872</longitude>
  </destination>
  <capacity>0.0</capacity>
  <skill>8</skill>
</objects.Resource>
<objects.Resource>
  <id>9</id>
  <description>Technician9</description>
  <region>1</region>
  <availability>
    <startTime>618</startTime>
    <endTime>1124</endTime>
  </availability>
  <breakTime>
    <startTime>1049</startTime>
    <endTime>1150</endTime>
  </breakTime>
  <origin>
    <id>117</id>
    <latitude>14.29239598800258</latitude>
    <longitude>17.775414464737505</longitude>
  </origin>
  <destination>
    <id>117</id>
    <latitude>14.29239598800258</latitude>
    <longitude>17.775414464737505</longitude>
  </destination>
  <capacity>0.0</capacity>
  <skill>0</skill>
</objects.Resource>
<objects.Resource>
  <id>10</id>
  <description>Technician10</description>
  <region>1</region>
  <availability>
    <startTime>487</startTime>
    <endTime>1060</endTime>
  </availability>
  <breakTime>
    <startTime>757</startTime>
    <endTime>1301</endTime>
  </breakTime>
  <origin>
    <id>119</id>
    <latitude>17.79205787598007</latitude>
    <longitude>14.3178975292537</longitude>
  </origin>
  <destination>
    <id>119</id>
    <latitude>17.79205787598007</latitude>
    <longitude>14.3178975292537</longitude>
  </destination>
  <capacity>0.0</capacity>
  <skill>3</skill>
</objects.Resource>
