<objects.SolStats>
  <numResources>10</numResources>
  <numTasks>100</numTasks>
  <dbMaxX>0.0</dbMaxX>
  <dbMaxY>0.0</dbMaxY>
  <dbTasksDensity>0.0</dbTasksDensity>
  <numSolutionsFound>2</numSolutionsFound>
  <dblExecutionTime>7.596</dblExecutionTime>
  <iNumThreads>24</iNumThreads>
  <iTotServiced>85</iTotServiced>
  <iTotUnserviced>15</iTotUnserviced>
  <dbTraveledDistance>477.1668452968559</dbTraveledDistance>
  <dbTotalCosts>1192.9171132421397</dbTotalCosts>
  <dbTimeWinViolation>0.0</dbTimeWinViolation>
  <iNumVehiclesUsed>10</iNumVehiclesUsed>
  <dbOperationTime>5327.166845296856</dbOperationTime>
  <dbTransportTime>477.1668452968561</dbTransportTime>
  <dbServiceTime>4850.0</dbServiceTime>
  <dbWaitingTime>0.0</dbWaitingTime>
</objects.SolStats>
